source_id,derived_from,configuration,beta_deg,alpha_deg,omega_b_over_2V,zero_replicate,dCA_LEX,dCN_LEX,dCm_LEX,dCY_LEX,dCl_LEX,dCn_LEX,derivation,qa_status
NASA_CR_3608_DERIVED_LEX_INCREMENT,CR3608_ROTARY_BODY_WING_LEX_BETA0_V0.1 - CR3608_ROTARY_BODY_WING_BETA0_V0.1,"F-18 LEX incremental contribution from component buildup",0,0,-0.40,,0.017,-0.08,0.030,-0.048,-0.0053,0.0014,BODY_WING_LEX_MINUS_BODY_WING,DERIVED_EXACT_ARITHMETIC_FROM_PAGE_IMAGE_CROSSCHECKED_SOURCE_TABLES
NASA_CR_3608_DERIVED_LEX_INCREMENT,CR3608_ROTARY_BODY_WING_LEX_BETA0_V0.1 - CR3608_ROTARY_BODY_WING_BETA0_V0.1,"F-18 LEX incremental contribution from component buildup",0,0,-0.30,,0.018,-0.08,0.023,-0.036,-0.0036,0.0010,BODY_WING_LEX_MINUS_BODY_WING,DERIVED_EXACT_ARITHMETIC_FROM_PAGE_IMAGE_CROSSCHECKED_SOURCE_TABLES
NASA_CR_3608_DERIVED_LEX_INCREMENT,CR3608_ROTARY_BODY_WING_LEX_BETA0_V0.1 - CR3608_ROTARY_BODY_WING_BETA0_V0.1,"F-18 LEX incremental contribution from component buildup",0,0,-0.20,,0.016,-0.06,0.022,-0.027,-0.0018,0.0010,BODY_WING_LEX_MINUS_BODY_WING,DERIVED_EXACT_ARITHMETIC_FROM_PAGE_IMAGE_CROSSCHECKED_SOURCE_TABLES
NASA_CR_3608_DERIVED_LEX_INCREMENT,CR3608_ROTARY_BODY_WING_LEX_BETA0_V0.1 - CR3608_ROTARY_BODY_WING_BETA0_V0.1,"F-18 LEX incremental contribution from component buildup",0,0,-0.10,,0.016,-0.06,0.021,-0.020,-0.0007,0.0011,BODY_WING_LEX_MINUS_BODY_WING,DERIVED_EXACT_ARITHMETIC_FROM_PAGE_IMAGE_CROSSCHECKED_SOURCE_TABLES
NASA_CR_3608_DERIVED_LEX_INCREMENT,CR3608_ROTARY_BODY_WING_LEX_BETA0_V0.1 - CR3608_ROTARY_BODY_WING_BETA0_V0.1,"F-18 LEX incremental contribution from component buildup",0,0,-0.05,,0.017,-0.06,0.020,-0.017,-0.0002,0.0012,BODY_WING_LEX_MINUS_BODY_WING,DERIVED_EXACT_ARITHMETIC_FROM_PAGE_IMAGE_CROSSCHECKED_SOURCE_TABLES
NASA_CR_3608_DERIVED_LEX_INCREMENT,CR3608_ROTARY_BODY_WING_LEX_BETA0_V0.1 - CR3608_ROTARY_BODY_WING_BETA0_V0.1,"F-18 LEX incremental contribution from component buildup",0,0,0.00,1,0.007,0.03,0.022,-0.016,0.0804,0.0014,BODY_WING_LEX_MINUS_BODY_WING,DERIVED_EXACT_ARITHMETIC_FROM_PAGE_IMAGE_CROSSCHECKED_SOURCE_TABLES
NASA_CR_3608_DERIVED_LEX_INCREMENT,CR3608_ROTARY_BODY_WING_LEX_BETA0_V0.1 - CR3608_ROTARY_BODY_WING_BETA0_V0.1,"F-18 LEX incremental contribution from component buildup",0,0,0.00,2,0.009,0.00,0.022,-0.021,0.0002,0.0014,BODY_WING_LEX_MINUS_BODY_WING,DERIVED_EXACT_ARITHMETIC_FROM_PAGE_IMAGE_CROSSCHECKED_SOURCE_TABLES
NASA_CR_3608_DERIVED_LEX_INCREMENT,CR3608_ROTARY_BODY_WING_LEX_BETA0_V0.1 - CR3608_ROTARY_BODY_WING_BETA0_V0.1,"F-18 LEX incremental contribution from component buildup",0,0,0.05,,0.018,-0.13,0.028,-0.035,0.0002,0.0025,BODY_WING_LEX_MINUS_BODY_WING,DERIVED_EXACT_ARITHMETIC_FROM_PAGE_IMAGE_CROSSCHECKED_SOURCE_TABLES
NASA_CR_3608_DERIVED_LEX_INCREMENT,CR3608_ROTARY_BODY_WING_LEX_BETA0_V0.1 - CR3608_ROTARY_BODY_WING_BETA0_V0.1,"F-18 LEX incremental contribution from component buildup",0,0,0.10,,0.019,-0.13,0.029,-0.032,0.0004,0.0027,BODY_WING_LEX_MINUS_BODY_WING,DERIVED_EXACT_ARITHMETIC_FROM_PAGE_IMAGE_CROSSCHECKED_SOURCE_TABLES
NASA_CR_3608_DERIVED_LEX_INCREMENT,CR3608_ROTARY_BODY_WING_LEX_BETA0_V0.1 - CR3608_ROTARY_BODY_WING_BETA0_V0.1,"F-18 LEX incremental contribution from component buildup",0,0,0.20,,0.016,-0.10,0.027,-0.028,0.0011,0.0030,BODY_WING_LEX_MINUS_BODY_WING,DERIVED_EXACT_ARITHMETIC_FROM_PAGE_IMAGE_CROSSCHECKED_SOURCE_TABLES
NASA_CR_3608_DERIVED_LEX_INCREMENT,CR3608_ROTARY_BODY_WING_LEX_BETA0_V0.1 - CR3608_ROTARY_BODY_WING_BETA0_V0.1,"F-18 LEX incremental contribution from component buildup",0,0,0.30,,0.014,-0.05,0.027,-0.020,0.0028,0.0036,BODY_WING_LEX_MINUS_BODY_WING,DERIVED_EXACT_ARITHMETIC_FROM_PAGE_IMAGE_CROSSCHECKED_SOURCE_TABLES
NASA_CR_3608_DERIVED_LEX_INCREMENT,CR3608_ROTARY_BODY_WING_LEX_BETA0_V0.1 - CR3608_ROTARY_BODY_WING_BETA0_V0.1,"F-18 LEX incremental contribution from component buildup",0,0,0.40,,0.016,-0.07,0.028,-0.025,0.0033,0.0042,BODY_WING_LEX_MINUS_BODY_WING,DERIVED_EXACT_ARITHMETIC_FROM_PAGE_IMAGE_CROSSCHECKED_SOURCE_TABLES
NASA_CR_3608_DERIVED_LEX_INCREMENT,CR3608_ROTARY_BODY_WING_LEX_BETA0_V0.1 - CR3608_ROTARY_BODY_WING_BETA0_V0.1,"F-18 LEX incremental contribution from component buildup",0,5,-0.40,,0.012,-0.04,0.065,-0.027,0.0001,0.0016,BODY_WING_LEX_MINUS_BODY_WING,DERIVED_EXACT_ARITHMETIC_FROM_PAGE_IMAGE_CROSSCHECKED_SOURCE_TABLES
NASA_CR_3608_DERIVED_LEX_INCREMENT,CR3608_ROTARY_BODY_WING_LEX_BETA0_V0.1 - CR3608_ROTARY_BODY_WING_BETA0_V0.1,"F-18 LEX incremental contribution from component buildup",0,5,-0.30,,0.015,-0.08,0.063,-0.031,-0.0026,0.0013,BODY_WING_LEX_MINUS_BODY_WING,DERIVED_EXACT_ARITHMETIC_FROM_PAGE_IMAGE_CROSSCHECKED_SOURCE_TABLES
NASA_CR_3608_DERIVED_LEX_INCREMENT,CR3608_ROTARY_BODY_WING_LEX_BETA0_V0.1 - CR3608_ROTARY_BODY_WING_BETA0_V0.1,"F-18 LEX incremental contribution from component buildup",0,5,-0.20,,0.017,-0.10,0.060,-0.032,-0.0042,0.0009,BODY_WING_LEX_MINUS_BODY_WING,DERIVED_EXACT_ARITHMETIC_FROM_PAGE_IMAGE_CROSSCHECKED_SOURCE_TABLES
NASA_CR_3608_DERIVED_LEX_INCREMENT,CR3608_ROTARY_BODY_WING_LEX_BETA0_V0.1 - CR3608_ROTARY_BODY_WING_BETA0_V0.1,"F-18 LEX incremental contribution from component buildup",0,5,-0.10,,0.019,-0.10,0.055,-0.035,-0.0012,0.0008,BODY_WING_LEX_MINUS_BODY_WING,DERIVED_EXACT_ARITHMETIC_FROM_PAGE_IMAGE_CROSSCHECKED_SOURCE_TABLES
NASA_CR_3608_DERIVED_LEX_INCREMENT,CR3608_ROTARY_BODY_WING_LEX_BETA0_V0.1 - CR3608_ROTARY_BODY_WING_BETA0_V0.1,"F-18 LEX incremental contribution from component buildup",0,5,-0.05,,0.019,-0.11,0.055,-0.034,-0.0003,0.0011,BODY_WING_LEX_MINUS_BODY_WING,DERIVED_EXACT_ARITHMETIC_FROM_PAGE_IMAGE_CROSSCHECKED_SOURCE_TABLES
NASA_CR_3608_DERIVED_LEX_INCREMENT,CR3608_ROTARY_BODY_WING_LEX_BETA0_V0.1 - CR3608_ROTARY_BODY_WING_BETA0_V0.1,"F-18 LEX incremental contribution from component buildup",0,5,0.00,1,0.019,-0.10,0.056,-0.029,0.0006,0.0020,BODY_WING_LEX_MINUS_BODY_WING,DERIVED_EXACT_ARITHMETIC_FROM_PAGE_IMAGE_CROSSCHECKED_SOURCE_TABLES
NASA_CR_3608_DERIVED_LEX_INCREMENT,CR3608_ROTARY_BODY_WING_LEX_BETA0_V0.1 - CR3608_ROTARY_BODY_WING_BETA0_V0.1,"F-18 LEX incremental contribution from component buildup",0,5,0.00,2,0.020,-0.11,0.056,-0.030,-0.0003,0.0018,BODY_WING_LEX_MINUS_BODY_WING,DERIVED_EXACT_ARITHMETIC_FROM_PAGE_IMAGE_CROSSCHECKED_SOURCE_TABLES
NASA_CR_3608_DERIVED_LEX_INCREMENT,CR3608_ROTARY_BODY_WING_LEX_BETA0_V0.1 - CR3608_ROTARY_BODY_WING_BETA0_V0.1,"F-18 LEX incremental contribution from component buildup",0,5,0.05,,0.014,-0.09,0.055,-0.032,0.0015,0.0025,BODY_WING_LEX_MINUS_BODY_WING,DERIVED_EXACT_ARITHMETIC_FROM_PAGE_IMAGE_CROSSCHECKED_SOURCE_TABLES
NASA_CR_3608_DERIVED_LEX_INCREMENT,CR3608_ROTARY_BODY_WING_LEX_BETA0_V0.1 - CR3608_ROTARY_BODY_WING_BETA0_V0.1,"F-18 LEX incremental contribution from component buildup",0,5,0.10,,0.014,-0.08,0.055,-0.023,0.0025,0.0029,BODY_WING_LEX_MINUS_BODY_WING,DERIVED_EXACT_ARITHMETIC_FROM_PAGE_IMAGE_CROSSCHECKED_SOURCE_TABLES
NASA_CR_3608_DERIVED_LEX_INCREMENT,CR3608_ROTARY_BODY_WING_LEX_BETA0_V0.1 - CR3608_ROTARY_BODY_WING_BETA0_V0.1,"F-18 LEX incremental contribution from component buildup",0,5,0.20,,0.014,-0.09,0.060,-0.022,0.0068,0.0036,BODY_WING_LEX_MINUS_BODY_WING,DERIVED_EXACT_ARITHMETIC_FROM_PAGE_IMAGE_CROSSCHECKED_SOURCE_TABLES
NASA_CR_3608_DERIVED_LEX_INCREMENT,CR3608_ROTARY_BODY_WING_LEX_BETA0_V0.1 - CR3608_ROTARY_BODY_WING_BETA0_V0.1,"F-18 LEX incremental contribution from component buildup",0,5,0.30,,0.013,-0.06,0.062,-0.012,0.0050,0.0045,BODY_WING_LEX_MINUS_BODY_WING,DERIVED_EXACT_ARITHMETIC_FROM_PAGE_IMAGE_CROSSCHECKED_SOURCE_TABLES
NASA_CR_3608_DERIVED_LEX_INCREMENT,CR3608_ROTARY_BODY_WING_LEX_BETA0_V0.1 - CR3608_ROTARY_BODY_WING_BETA0_V0.1,"F-18 LEX incremental contribution from component buildup",0,5,0.40,,0.012,-0.05,0.063,-0.011,-0.0012,0.0053,BODY_WING_LEX_MINUS_BODY_WING,DERIVED_EXACT_ARITHMETIC_FROM_PAGE_IMAGE_CROSSCHECKED_SOURCE_TABLES
NASA_CR_3608_DERIVED_LEX_INCREMENT,CR3608_ROTARY_BODY_WING_LEX_BETA0_V0.1 - CR3608_ROTARY_BODY_WING_BETA0_V0.1,"F-18 LEX incremental contribution from component buildup",0,10,-0.40,,0.012,-0.04,0.112,-0.074,0.0215,-0.0024,BODY_WING_LEX_MINUS_BODY_WING,DERIVED_EXACT_ARITHMETIC_FROM_PAGE_IMAGE_CROSSCHECKED_SOURCE_TABLES
NASA_CR_3608_DERIVED_LEX_INCREMENT,CR3608_ROTARY_BODY_WING_LEX_BETA0_V0.1 - CR3608_ROTARY_BODY_WING_BETA0_V0.1,"F-18 LEX incremental contribution from component buildup",0,10,-0.30,,0.016,-0.08,0.112,-0.063,0.0148,-0.0012,BODY_WING_LEX_MINUS_BODY_WING,DERIVED_EXACT_ARITHMETIC_FROM_PAGE_IMAGE_CROSSCHECKED_SOURCE_TABLES
NASA_CR_3608_DERIVED_LEX_INCREMENT,CR3608_ROTARY_BODY_WING_LEX_BETA0_V0.1 - CR3608_ROTARY_BODY_WING_BETA0_V0.1,"F-18 LEX incremental contribution from component buildup",0,10,-0.20,,0.021,-0.10,0.113,-0.056,0.0091,0.0003,BODY_WING_LEX_MINUS_BODY_WING,DERIVED_EXACT_ARITHMETIC_FROM_PAGE_IMAGE_CROSSCHECKED_SOURCE_TABLES
NASA_CR_3608_DERIVED_LEX_INCREMENT,CR3608_ROTARY_BODY_WING_LEX_BETA0_V0.1 - CR3608_ROTARY_BODY_WING_BETA0_V0.1,"F-18 LEX incremental contribution from component buildup",0,10,-0.10,,0.020,-0.13,0.122,-0.051,0.0047,0.0013,BODY_WING_LEX_MINUS_BODY_WING,DERIVED_EXACT_ARITHMETIC_FROM_PAGE_IMAGE_CROSSCHECKED_SOURCE_TABLES
NASA_CR_3608_DERIVED_LEX_INCREMENT,CR3608_ROTARY_BODY_WING_LEX_BETA0_V0.1 - CR3608_ROTARY_BODY_WING_BETA0_V0.1,"F-18 LEX incremental contribution from component buildup",0,10,-0.05,,0.019,-0.13,0.125,-0.047,0.0026,0.0014,BODY_WING_LEX_MINUS_BODY_WING,DERIVED_EXACT_ARITHMETIC_FROM_PAGE_IMAGE_CROSSCHECKED_SOURCE_TABLES
NASA_CR_3608_DERIVED_LEX_INCREMENT,CR3608_ROTARY_BODY_WING_LEX_BETA0_V0.1 - CR3608_ROTARY_BODY_WING_BETA0_V0.1,"F-18 LEX incremental contribution from component buildup",0,10,0.00,1,0.021,-0.11,0.125,-0.030,-0.0008,0.0018,BODY_WING_LEX_MINUS_BODY_WING,DERIVED_EXACT_ARITHMETIC_FROM_PAGE_IMAGE_CROSSCHECKED_SOURCE_TABLES
NASA_CR_3608_DERIVED_LEX_INCREMENT,CR3608_ROTARY_BODY_WING_LEX_BETA0_V0.1 - CR3608_ROTARY_BODY_WING_BETA0_V0.1,"F-18 LEX incremental contribution from component buildup",0,10,0.00,2,0.024,-0.11,0.126,-0.041,-0.0002,0.0021,BODY_WING_LEX_MINUS_BODY_WING,DERIVED_EXACT_ARITHMETIC_FROM_PAGE_IMAGE_CROSSCHECKED_SOURCE_TABLES
NASA_CR_3608_DERIVED_LEX_INCREMENT,CR3608_ROTARY_BODY_WING_LEX_BETA0_V0.1 - CR3608_ROTARY_BODY_WING_BETA0_V0.1,"F-18 LEX incremental contribution from component buildup",0,10,0.05,,0.025,-0.08,0.120,-0.031,-0.0021,0.0029,BODY_WING_LEX_MINUS_BODY_WING,DERIVED_EXACT_ARITHMETIC_FROM_PAGE_IMAGE_CROSSCHECKED_SOURCE_TABLES
NASA_CR_3608_DERIVED_LEX_INCREMENT,CR3608_ROTARY_BODY_WING_LEX_BETA0_V0.1 - CR3608_ROTARY_BODY_WING_BETA0_V0.1,"F-18 LEX incremental contribution from component buildup",0,10,0.10,,0.023,-0.06,0.115,-0.020,-0.0045,0.0024,BODY_WING_LEX_MINUS_BODY_WING,DERIVED_EXACT_ARITHMETIC_FROM_PAGE_IMAGE_CROSSCHECKED_SOURCE_TABLES
NASA_CR_3608_DERIVED_LEX_INCREMENT,CR3608_ROTARY_BODY_WING_LEX_BETA0_V0.1 - CR3608_ROTARY_BODY_WING_BETA0_V0.1,"F-18 LEX incremental contribution from component buildup",0,10,0.20,,0.021,-0.03,0.109,-0.011,-0.0096,0.0035,BODY_WING_LEX_MINUS_BODY_WING,DERIVED_EXACT_ARITHMETIC_FROM_PAGE_IMAGE_CROSSCHECKED_SOURCE_TABLES
NASA_CR_3608_DERIVED_LEX_INCREMENT,CR3608_ROTARY_BODY_WING_LEX_BETA0_V0.1 - CR3608_ROTARY_BODY_WING_BETA0_V0.1,"F-18 LEX incremental contribution from component buildup",0,10,0.30,,0.018,-0.03,0.109,-0.005,-0.0155,0.0060,BODY_WING_LEX_MINUS_BODY_WING,DERIVED_EXACT_ARITHMETIC_FROM_PAGE_IMAGE_CROSSCHECKED_SOURCE_TABLES
NASA_CR_3608_DERIVED_LEX_INCREMENT,CR3608_ROTARY_BODY_WING_LEX_BETA0_V0.1 - CR3608_ROTARY_BODY_WING_BETA0_V0.1,"F-18 LEX incremental contribution from component buildup",0,10,0.40,,0.012,-0.05,0.113,0.003,-0.0211,0.0088,BODY_WING_LEX_MINUS_BODY_WING,DERIVED_EXACT_ARITHMETIC_FROM_PAGE_IMAGE_CROSSCHECKED_SOURCE_TABLES
NASA_CR_3608_DERIVED_LEX_INCREMENT,CR3608_ROTARY_BODY_WING_LEX_BETA0_V0.1 - CR3608_ROTARY_BODY_WING_BETA0_V0.1,"F-18 LEX incremental contribution from component buildup",0,15,-0.40,,0.004,0.06,0.188,-0.139,0.0465,-0.0091,BODY_WING_LEX_MINUS_BODY_WING,DERIVED_EXACT_ARITHMETIC_FROM_PAGE_IMAGE_CROSSCHECKED_SOURCE_TABLES
NASA_CR_3608_DERIVED_LEX_INCREMENT,CR3608_ROTARY_BODY_WING_LEX_BETA0_V0.1 - CR3608_ROTARY_BODY_WING_BETA0_V0.1,"F-18 LEX incremental contribution from component buildup",0,15,-0.30,,0.008,0.02,0.193,-0.115,0.0425,-0.0068,BODY_WING_LEX_MINUS_BODY_WING,DERIVED_EXACT_ARITHMETIC_FROM_PAGE_IMAGE_CROSSCHECKED_SOURCE_TABLES
NASA_CR_3608_DERIVED_LEX_INCREMENT,CR3608_ROTARY_BODY_WING_LEX_BETA0_V0.1 - CR3608_ROTARY_BODY_WING_BETA0_V0.1,"F-18 LEX incremental contribution from component buildup",0,15,-0.20,,0.011,-0.02,0.199,-0.093,0.0334,-0.0047,BODY_WING_LEX_MINUS_BODY_WING,DERIVED_EXACT_ARITHMETIC_FROM_PAGE_IMAGE_CROSSCHECKED_SOURCE_TABLES
NASA_CR_3608_DERIVED_LEX_INCREMENT,CR3608_ROTARY_BODY_WING_LEX_BETA0_V0.1 - CR3608_ROTARY_BODY_WING_BETA0_V0.1,"F-18 LEX incremental contribution from component buildup",0,15,-0.10,,0.016,-0.04,0.192,-0.069,0.0165,-0.0014,BODY_WING_LEX_MINUS_BODY_WING,DERIVED_EXACT_ARITHMETIC_FROM_PAGE_IMAGE_CROSSCHECKED_SOURCE_TABLES
NASA_CR_3608_DERIVED_LEX_INCREMENT,CR3608_ROTARY_BODY_WING_LEX_BETA0_V0.1 - CR3608_ROTARY_BODY_WING_BETA0_V0.1,"F-18 LEX incremental contribution from component buildup",0,15,-0.05,,0.018,-0.06,0.194,-0.059,0.0067,0.0005,BODY_WING_LEX_MINUS_BODY_WING,DERIVED_EXACT_ARITHMETIC_FROM_PAGE_IMAGE_CROSSCHECKED_SOURCE_TABLES
NASA_CR_3608_DERIVED_LEX_INCREMENT,CR3608_ROTARY_BODY_WING_LEX_BETA0_V0.1 - CR3608_ROTARY_BODY_WING_BETA0_V0.1,"F-18 LEX incremental contribution from component buildup",0,15,0.00,1,0.017,-0.04,0.189,-0.039,-0.0045,0.0021,BODY_WING_LEX_MINUS_BODY_WING,DERIVED_EXACT_ARITHMETIC_FROM_PAGE_IMAGE_CROSSCHECKED_SOURCE_TABLES
NASA_CR_3608_DERIVED_LEX_INCREMENT,CR3608_ROTARY_BODY_WING_LEX_BETA0_V0.1 - CR3608_ROTARY_BODY_WING_BETA0_V0.1,"F-18 LEX incremental contribution from component buildup",0,15,0.00,2,0.017,-0.02,0.188,-0.043,-0.0056,0.0026,BODY_WING_LEX_MINUS_BODY_WING,DERIVED_EXACT_ARITHMETIC_FROM_PAGE_IMAGE_CROSSCHECKED_SOURCE_TABLES
NASA_CR_3608_DERIVED_LEX_INCREMENT,CR3608_ROTARY_BODY_WING_LEX_BETA0_V0.1 - CR3608_ROTARY_BODY_WING_BETA0_V0.1,"F-18 LEX incremental contribution from component buildup",0,15,0.05,,0.012,0.00,0.192,-0.026,-0.0131,0.0043,BODY_WING_LEX_MINUS_BODY_WING,DERIVED_EXACT_ARITHMETIC_FROM_PAGE_IMAGE_CROSSCHECKED_SOURCE_TABLES
NASA_CR_3608_DERIVED_LEX_INCREMENT,CR3608_ROTARY_BODY_WING_LEX_BETA0_V0.1 - CR3608_ROTARY_BODY_WING_BETA0_V0.1,"F-18 LEX incremental contribution from component buildup",0,15,0.10,,0.011,0.03,0.193,-0.013,-0.0226,0.0059,BODY_WING_LEX_MINUS_BODY_WING,DERIVED_EXACT_ARITHMETIC_FROM_PAGE_IMAGE_CROSSCHECKED_SOURCE_TABLES
NASA_CR_3608_DERIVED_LEX_INCREMENT,CR3608_ROTARY_BODY_WING_LEX_BETA0_V0.1 - CR3608_ROTARY_BODY_WING_BETA0_V0.1,"F-18 LEX incremental contribution from component buildup",0,15,0.20,,0.008,0.04,0.194,0.019,-0.0375,0.0095,BODY_WING_LEX_MINUS_BODY_WING,DERIVED_EXACT_ARITHMETIC_FROM_PAGE_IMAGE_CROSSCHECKED_SOURCE_TABLES
NASA_CR_3608_DERIVED_LEX_INCREMENT,CR3608_ROTARY_BODY_WING_LEX_BETA0_V0.1 - CR3608_ROTARY_BODY_WING_BETA0_V0.1,"F-18 LEX incremental contribution from component buildup",0,15,0.30,,0.005,0.07,0.188,0.044,-0.0433,0.0125,BODY_WING_LEX_MINUS_BODY_WING,DERIVED_EXACT_ARITHMETIC_FROM_PAGE_IMAGE_CROSSCHECKED_SOURCE_TABLES
NASA_CR_3608_DERIVED_LEX_INCREMENT,CR3608_ROTARY_BODY_WING_LEX_BETA0_V0.1 - CR3608_ROTARY_BODY_WING_BETA0_V0.1,"F-18 LEX incremental contribution from component buildup",0,15,0.40,,0.000,0.07,0.193,0.065,-0.0487,0.0160,BODY_WING_LEX_MINUS_BODY_WING,DERIVED_EXACT_ARITHMETIC_FROM_PAGE_IMAGE_CROSSCHECKED_SOURCE_TABLES
NASA_CR_3608_DERIVED_LEX_INCREMENT,CR3608_ROTARY_BODY_WING_LEX_BETA0_V0.1 - CR3608_ROTARY_BODY_WING_BETA0_V0.1,"F-18 LEX incremental contribution from component buildup",0,20,-0.40,,0.010,-0.02,0.271,-0.181,0.0271,-0.0097,BODY_WING_LEX_MINUS_BODY_WING,DERIVED_EXACT_ARITHMETIC_FROM_PAGE_IMAGE_CROSSCHECKED_SOURCE_TABLES
NASA_CR_3608_DERIVED_LEX_INCREMENT,CR3608_ROTARY_BODY_WING_LEX_BETA0_V0.1 - CR3608_ROTARY_BODY_WING_BETA0_V0.1,"F-18 LEX incremental contribution from component buildup",0,20,-0.30,,0.008,0.01,0.279,-0.167,0.0254,-0.0085,BODY_WING_LEX_MINUS_BODY_WING,DERIVED_EXACT_ARITHMETIC_FROM_PAGE_IMAGE_CROSSCHECKED_SOURCE_TABLES
NASA_CR_3608_DERIVED_LEX_INCREMENT,CR3608_ROTARY_BODY_WING_LEX_BETA0_V0.1 - CR3608_ROTARY_BODY_WING_BETA0_V0.1,"F-18 LEX incremental contribution from component buildup",0,20,-0.20,,0.002,0.08,0.283,-0.135,0.0180,-0.0047,BODY_WING_LEX_MINUS_BODY_WING,DERIVED_EXACT_ARITHMETIC_FROM_PAGE_IMAGE_CROSSCHECKED_SOURCE_TABLES
NASA_CR_3608_DERIVED_LEX_INCREMENT,CR3608_ROTARY_BODY_WING_LEX_BETA0_V0.1 - CR3608_ROTARY_BODY_WING_BETA0_V0.1,"F-18 LEX incremental contribution from component buildup",0,20,-0.10,,-0.001,0.19,0.272,-0.082,0.0059,0.0015,BODY_WING_LEX_MINUS_BODY_WING,DERIVED_EXACT_ARITHMETIC_FROM_PAGE_IMAGE_CROSSCHECKED_SOURCE_TABLES
NASA_CR_3608_DERIVED_LEX_INCREMENT,CR3608_ROTARY_BODY_WING_LEX_BETA0_V0.1 - CR3608_ROTARY_BODY_WING_BETA0_V0.1,"F-18 LEX incremental contribution from component buildup",0,20,-0.05,,0.000,0.22,0.258,-0.048,-0.0048,0.0030,BODY_WING_LEX_MINUS_BODY_WING,DERIVED_EXACT_ARITHMETIC_FROM_PAGE_IMAGE_CROSSCHECKED_SOURCE_TABLES
NASA_CR_3608_DERIVED_LEX_INCREMENT,CR3608_ROTARY_BODY_WING_LEX_BETA0_V0.1 - CR3608_ROTARY_BODY_WING_BETA0_V0.1,"F-18 LEX incremental contribution from component buildup",0,20,0.00,1,0.007,0.18,0.245,-0.039,-0.0059,0.0027,BODY_WING_LEX_MINUS_BODY_WING,DERIVED_EXACT_ARITHMETIC_FROM_PAGE_IMAGE_CROSSCHECKED_SOURCE_TABLES
NASA_CR_3608_DERIVED_LEX_INCREMENT,CR3608_ROTARY_BODY_WING_LEX_BETA0_V0.1 - CR3608_ROTARY_BODY_WING_BETA0_V0.1,"F-18 LEX incremental contribution from component buildup",0,20,0.00,2,0.006,0.19,0.244,-0.038,-0.0082,0.0029,BODY_WING_LEX_MINUS_BODY_WING,DERIVED_EXACT_ARITHMETIC_FROM_PAGE_IMAGE_CROSSCHECKED_SOURCE_TABLES
NASA_CR_3608_DERIVED_LEX_INCREMENT,CR3608_ROTARY_BODY_WING_LEX_BETA0_V0.1 - CR3608_ROTARY_BODY_WING_BETA0_V0.1,"F-18 LEX incremental contribution from component buildup",0,20,0.05,,0.001,0.24,0.263,-0.004,-0.0070,0.0038,BODY_WING_LEX_MINUS_BODY_WING,DERIVED_EXACT_ARITHMETIC_FROM_PAGE_IMAGE_CROSSCHECKED_SOURCE_TABLES
NASA_CR_3608_DERIVED_LEX_INCREMENT,CR3608_ROTARY_BODY_WING_LEX_BETA0_V0.1 - CR3608_ROTARY_BODY_WING_BETA0_V0.1,"F-18 LEX incremental contribution from component buildup",0,20,0.10,,-0.001,0.23,0.280,0.019,-0.0157,0.0053,BODY_WING_LEX_MINUS_BODY_WING,DERIVED_EXACT_ARITHMETIC_FROM_PAGE_IMAGE_CROSSCHECKED_SOURCE_TABLES
NASA_CR_3608_DERIVED_LEX_INCREMENT,CR3608_ROTARY_BODY_WING_LEX_BETA0_V0.1 - CR3608_ROTARY_BODY_WING_BETA0_V0.1,"F-18 LEX incremental contribution from component buildup",0,20,0.20,,0.001,0.17,0.286,0.069,-0.0316,0.0119,BODY_WING_LEX_MINUS_BODY_WING,DERIVED_EXACT_ARITHMETIC_FROM_PAGE_IMAGE_CROSSCHECKED_SOURCE_TABLES
NASA_CR_3608_DERIVED_LEX_INCREMENT,CR3608_ROTARY_BODY_WING_LEX_BETA0_V0.1 - CR3608_ROTARY_BODY_WING_BETA0_V0.1,"F-18 LEX incremental contribution from component buildup",0,20,0.30,,0.006,0.10,0.281,0.089,-0.0345,0.0158,BODY_WING_LEX_MINUS_BODY_WING,DERIVED_EXACT_ARITHMETIC_FROM_PAGE_IMAGE_CROSSCHECKED_SOURCE_TABLES
NASA_CR_3608_DERIVED_LEX_INCREMENT,CR3608_ROTARY_BODY_WING_LEX_BETA0_V0.1 - CR3608_ROTARY_BODY_WING_BETA0_V0.1,"F-18 LEX incremental contribution from component buildup",0,20,0.40,,0.005,0.09,0.278,0.106,-0.0373,0.0180,BODY_WING_LEX_MINUS_BODY_WING,DERIVED_EXACT_ARITHMETIC_FROM_PAGE_IMAGE_CROSSCHECKED_SOURCE_TABLES
NASA_CR_3608_DERIVED_LEX_INCREMENT,CR3608_ROTARY_BODY_WING_LEX_BETA0_V0.1 - CR3608_ROTARY_BODY_WING_BETA0_V0.1,"F-18 LEX incremental contribution from component buildup",0,25,-0.40,,0.009,0.10,0.295,-0.114,-0.0088,-0.0068,BODY_WING_LEX_MINUS_BODY_WING,DERIVED_EXACT_ARITHMETIC_FROM_PAGE_IMAGE_CROSSCHECKED_SOURCE_TABLES
NASA_CR_3608_DERIVED_LEX_INCREMENT,CR3608_ROTARY_BODY_WING_LEX_BETA0_V0.1 - CR3608_ROTARY_BODY_WING_BETA0_V0.1,"F-18 LEX incremental contribution from component buildup",0,25,-0.30,,0.003,0.15,0.297,-0.111,-0.0173,-0.0043,BODY_WING_LEX_MINUS_BODY_WING,DERIVED_EXACT_ARITHMETIC_FROM_PAGE_IMAGE_CROSSCHECKED_SOURCE_TABLES
NASA_CR_3608_DERIVED_LEX_INCREMENT,CR3608_ROTARY_BODY_WING_LEX_BETA0_V0.1 - CR3608_ROTARY_BODY_WING_BETA0_V0.1,"F-18 LEX incremental contribution from component buildup",0,25,-0.20,,-0.003,0.25,0.311,-0.073,-0.0279,0.0009,BODY_WING_LEX_MINUS_BODY_WING,DERIVED_EXACT_ARITHMETIC_FROM_PAGE_IMAGE_CROSSCHECKED_SOURCE_TABLES
NASA_CR_3608_DERIVED_LEX_INCREMENT,CR3608_ROTARY_BODY_WING_LEX_BETA0_V0.1 - CR3608_ROTARY_BODY_WING_BETA0_V0.1,"F-18 LEX incremental contribution from component buildup",0,25,-0.10,,-0.012,0.36,0.331,-0.051,-0.0266,0.0069,BODY_WING_LEX_MINUS_BODY_WING,DERIVED_EXACT_ARITHMETIC_FROM_PAGE_IMAGE_CROSSCHECKED_SOURCE_TABLES
NASA_CR_3608_DERIVED_LEX_INCREMENT,CR3608_ROTARY_BODY_WING_LEX_BETA0_V0.1 - CR3608_ROTARY_BODY_WING_BETA0_V0.1,"F-18 LEX incremental contribution from component buildup",0,25,-0.05,,-0.015,0.40,0.340,-0.026,-0.0259,0.0080,BODY_WING_LEX_MINUS_BODY_WING,DERIVED_EXACT_ARITHMETIC_FROM_PAGE_IMAGE_CROSSCHECKED_SOURCE_TABLES
NASA_CR_3608_DERIVED_LEX_INCREMENT,CR3608_ROTARY_BODY_WING_LEX_BETA0_V0.1 - CR3608_ROTARY_BODY_WING_BETA0_V0.1,"F-18 LEX incremental contribution from component buildup",0,25,0.00,1,-0.008,0.37,0.343,-0.037,-0.0083,0.0056,BODY_WING_LEX_MINUS_BODY_WING,DERIVED_EXACT_ARITHMETIC_FROM_PAGE_IMAGE_CROSSCHECKED_SOURCE_TABLES
NASA_CR_3608_DERIVED_LEX_INCREMENT,CR3608_ROTARY_BODY_WING_LEX_BETA0_V0.1 - CR3608_ROTARY_BODY_WING_BETA0_V0.1,"F-18 LEX incremental contribution from component buildup",0,25,0.00,2,-0.009,0.38,0.341,-0.038,-0.0070,0.0056,BODY_WING_LEX_MINUS_BODY_WING,DERIVED_EXACT_ARITHMETIC_FROM_PAGE_IMAGE_CROSSCHECKED_SOURCE_TABLES
NASA_CR_3608_DERIVED_LEX_INCREMENT,CR3608_ROTARY_BODY_WING_LEX_BETA0_V0.1 - CR3608_ROTARY_BODY_WING_BETA0_V0.1,"F-18 LEX incremental contribution from component buildup",0,25,0.05,,-0.019,0.40,0.349,-0.010,0.0073,0.0029,BODY_WING_LEX_MINUS_BODY_WING,DERIVED_EXACT_ARITHMETIC_FROM_PAGE_IMAGE_CROSSCHECKED_SOURCE_TABLES
NASA_CR_3608_DERIVED_LEX_INCREMENT,CR3608_ROTARY_BODY_WING_LEX_BETA0_V0.1 - CR3608_ROTARY_BODY_WING_BETA0_V0.1,"F-18 LEX incremental contribution from component buildup",0,25,0.10,,-0.017,0.37,0.347,0.009,0.0086,0.0046,BODY_WING_LEX_MINUS_BODY_WING,DERIVED_EXACT_ARITHMETIC_FROM_PAGE_IMAGE_CROSSCHECKED_SOURCE_TABLES
NASA_CR_3608_DERIVED_LEX_INCREMENT,CR3608_ROTARY_BODY_WING_LEX_BETA0_V0.1 - CR3608_ROTARY_BODY_WING_BETA0_V0.1,"F-18 LEX incremental contribution from component buildup",0,25,0.20,,-0.008,0.25,0.338,0.036,0.0099,0.0103,BODY_WING_LEX_MINUS_BODY_WING,DERIVED_EXACT_ARITHMETIC_FROM_PAGE_IMAGE_CROSSCHECKED_SOURCE_TABLES
NASA_CR_3608_DERIVED_LEX_INCREMENT,CR3608_ROTARY_BODY_WING_LEX_BETA0_V0.1 - CR3608_ROTARY_BODY_WING_BETA0_V0.1,"F-18 LEX incremental contribution from component buildup",0,25,0.30,,-0.002,0.19,0.326,0.064,0.0006,0.0156,BODY_WING_LEX_MINUS_BODY_WING,DERIVED_EXACT_ARITHMETIC_FROM_PAGE_IMAGE_CROSSCHECKED_SOURCE_TABLES
NASA_CR_3608_DERIVED_LEX_INCREMENT,CR3608_ROTARY_BODY_WING_LEX_BETA0_V0.1 - CR3608_ROTARY_BODY_WING_BETA0_V0.1,"F-18 LEX incremental contribution from component buildup",0,25,0.40,,0.007,0.16,0.320,0.069,-0.0068,0.0213,BODY_WING_LEX_MINUS_BODY_WING,DERIVED_EXACT_ARITHMETIC_FROM_PAGE_IMAGE_CROSSCHECKED_SOURCE_TABLES
NASA_CR_3608_DERIVED_LEX_INCREMENT,CR3608_ROTARY_BODY_WING_LEX_BETA0_V0.1 - CR3608_ROTARY_BODY_WING_BETA0_V0.1,"F-18 LEX incremental contribution from component buildup",0,30,-0.40,,0.015,0.23,0.317,-0.015,-0.0090,-0.0079,BODY_WING_LEX_MINUS_BODY_WING,DERIVED_EXACT_ARITHMETIC_FROM_PAGE_IMAGE_CROSSCHECKED_SOURCE_TABLES
NASA_CR_3608_DERIVED_LEX_INCREMENT,CR3608_ROTARY_BODY_WING_LEX_BETA0_V0.1 - CR3608_ROTARY_BODY_WING_BETA0_V0.1,"F-18 LEX incremental contribution from component buildup",0,30,-0.30,,0.007,0.28,0.342,-0.022,-0.0113,-0.0063,BODY_WING_LEX_MINUS_BODY_WING,DERIVED_EXACT_ARITHMETIC_FROM_PAGE_IMAGE_CROSSCHECKED_SOURCE_TABLES
NASA_CR_3608_DERIVED_LEX_INCREMENT,CR3608_ROTARY_BODY_WING_LEX_BETA0_V0.1 - CR3608_ROTARY_BODY_WING_BETA0_V0.1,"F-18 LEX incremental contribution from component buildup",0,30,-0.20,,-0.001,0.29,0.365,-0.030,-0.0058,-0.0005,BODY_WING_LEX_MINUS_BODY_WING,DERIVED_EXACT_ARITHMETIC_FROM_PAGE_IMAGE_CROSSCHECKED_SOURCE_TABLES
NASA_CR_3608_DERIVED_LEX_INCREMENT,CR3608_ROTARY_BODY_WING_LEX_BETA0_V0.1 - CR3608_ROTARY_BODY_WING_BETA0_V0.1,"F-18 LEX incremental contribution from component buildup",0,30,-0.10,,-0.005,0.32,0.388,-0.058,-0.0024,0.0049,BODY_WING_LEX_MINUS_BODY_WING,DERIVED_EXACT_ARITHMETIC_FROM_PAGE_IMAGE_CROSSCHECKED_SOURCE_TABLES
NASA_CR_3608_DERIVED_LEX_INCREMENT,CR3608_ROTARY_BODY_WING_LEX_BETA0_V0.1 - CR3608_ROTARY_BODY_WING_BETA0_V0.1,"F-18 LEX incremental contribution from component buildup",0,30,-0.05,,-0.008,0.40,0.393,-0.018,-0.0107,0.0062,BODY_WING_LEX_MINUS_BODY_WING,DERIVED_EXACT_ARITHMETIC_FROM_PAGE_IMAGE_CROSSCHECKED_SOURCE_TABLES
NASA_CR_3608_DERIVED_LEX_INCREMENT,CR3608_ROTARY_BODY_WING_LEX_BETA0_V0.1 - CR3608_ROTARY_BODY_WING_BETA0_V0.1,"F-18 LEX incremental contribution from component buildup",0,30,0.00,1,-0.002,0.39,0.388,0.011,-0.0222,0.0074,BODY_WING_LEX_MINUS_BODY_WING,DERIVED_EXACT_ARITHMETIC_FROM_PAGE_IMAGE_CROSSCHECKED_SOURCE_TABLES
NASA_CR_3608_DERIVED_LEX_INCREMENT,CR3608_ROTARY_BODY_WING_LEX_BETA0_V0.1 - CR3608_ROTARY_BODY_WING_BETA0_V0.1,"F-18 LEX incremental contribution from component buildup",0,30,0.00,2,-0.001,0.41,0.392,-0.033,-0.0006,0.0052,BODY_WING_LEX_MINUS_BODY_WING,DERIVED_EXACT_ARITHMETIC_FROM_PAGE_IMAGE_CROSSCHECKED_SOURCE_TABLES
NASA_CR_3608_DERIVED_LEX_INCREMENT,CR3608_ROTARY_BODY_WING_LEX_BETA0_V0.1 - CR3608_ROTARY_BODY_WING_BETA0_V0.1,"F-18 LEX incremental contribution from component buildup",0,30,0.05,,-0.006,0.38,0.408,0.024,-0.0153,0.0080,BODY_WING_LEX_MINUS_BODY_WING,DERIVED_EXACT_ARITHMETIC_FROM_PAGE_IMAGE_CROSSCHECKED_SOURCE_TABLES
NASA_CR_3608_DERIVED_LEX_INCREMENT,CR3608_ROTARY_BODY_WING_LEX_BETA0_V0.1 - CR3608_ROTARY_BODY_WING_BETA0_V0.1,"F-18 LEX incremental contribution from component buildup",0,30,0.10,,-0.005,0.40,0.407,0.016,-0.0176,0.0092,BODY_WING_LEX_MINUS_BODY_WING,DERIVED_EXACT_ARITHMETIC_FROM_PAGE_IMAGE_CROSSCHECKED_SOURCE_TABLES
NASA_CR_3608_DERIVED_LEX_INCREMENT,CR3608_ROTARY_BODY_WING_LEX_BETA0_V0.1 - CR3608_ROTARY_BODY_WING_BETA0_V0.1,"F-18 LEX incremental contribution from component buildup",0,30,0.20,,-0.003,0.36,0.389,-0.013,0.0007,0.0137,BODY_WING_LEX_MINUS_BODY_WING,DERIVED_EXACT_ARITHMETIC_FROM_PAGE_IMAGE_CROSSCHECKED_SOURCE_TABLES
NASA_CR_3608_DERIVED_LEX_INCREMENT,CR3608_ROTARY_BODY_WING_LEX_BETA0_V0.1 - CR3608_ROTARY_BODY_WING_BETA0_V0.1,"F-18 LEX incremental contribution from component buildup",0,30,0.30,,0.002,0.33,0.370,-0.010,0.0029,0.0215,BODY_WING_LEX_MINUS_BODY_WING,DERIVED_EXACT_ARITHMETIC_FROM_PAGE_IMAGE_CROSSCHECKED_SOURCE_TABLES
NASA_CR_3608_DERIVED_LEX_INCREMENT,CR3608_ROTARY_BODY_WING_LEX_BETA0_V0.1 - CR3608_ROTARY_BODY_WING_BETA0_V0.1,"F-18 LEX incremental contribution from component buildup",0,30,0.40,,0.010,0.27,0.350,-0.007,0.0017,0.0253,BODY_WING_LEX_MINUS_BODY_WING,DERIVED_EXACT_ARITHMETIC_FROM_PAGE_IMAGE_CROSSCHECKED_SOURCE_TABLES
NASA_CR_3608_DERIVED_LEX_INCREMENT,CR3608_ROTARY_BODY_WING_LEX_BETA0_V0.1 - CR3608_ROTARY_BODY_WING_BETA0_V0.1,"F-18 LEX incremental contribution from component buildup",0,35,-0.40,,0.011,0.26,0.385,0.018,-0.0022,0.0059,BODY_WING_LEX_MINUS_BODY_WING,DERIVED_EXACT_ARITHMETIC_FROM_PAGE_IMAGE_CROSSCHECKED_SOURCE_TABLES
NASA_CR_3608_DERIVED_LEX_INCREMENT,CR3608_ROTARY_BODY_WING_LEX_BETA0_V0.1 - CR3608_ROTARY_BODY_WING_BETA0_V0.1,"F-18 LEX incremental contribution from component buildup",0,35,-0.30,,0.005,0.26,0.399,0.018,0.0115,0.0078,BODY_WING_LEX_MINUS_BODY_WING,DERIVED_EXACT_ARITHMETIC_FROM_PAGE_IMAGE_CROSSCHECKED_SOURCE_TABLES
NASA_CR_3608_DERIVED_LEX_INCREMENT,CR3608_ROTARY_BODY_WING_LEX_BETA0_V0.1 - CR3608_ROTARY_BODY_WING_BETA0_V0.1,"F-18 LEX incremental contribution from component buildup",0,35,-0.20,,0.002,0.33,0.402,-0.002,0.0235,-0.0006,BODY_WING_LEX_MINUS_BODY_WING,DERIVED_EXACT_ARITHMETIC_FROM_PAGE_IMAGE_CROSSCHECKED_SOURCE_TABLES
NASA_CR_3608_DERIVED_LEX_INCREMENT,CR3608_ROTARY_BODY_WING_LEX_BETA0_V0.1 - CR3608_ROTARY_BODY_WING_BETA0_V0.1,"F-18 LEX incremental contribution from component buildup",0,35,-0.10,,-0.003,0.45,0.406,-0.020,0.0097,0.0004,BODY_WING_LEX_MINUS_BODY_WING,DERIVED_EXACT_ARITHMETIC_FROM_PAGE_IMAGE_CROSSCHECKED_SOURCE_TABLES
NASA_CR_3608_DERIVED_LEX_INCREMENT,CR3608_ROTARY_BODY_WING_LEX_BETA0_V0.1 - CR3608_ROTARY_BODY_WING_BETA0_V0.1,"F-18 LEX incremental contribution from component buildup",0,35,-0.05,,-0.005,0.49,0.411,-0.016,0.0092,-0.0014,BODY_WING_LEX_MINUS_BODY_WING,DERIVED_EXACT_ARITHMETIC_FROM_PAGE_IMAGE_CROSSCHECKED_SOURCE_TABLES
NASA_CR_3608_DERIVED_LEX_INCREMENT,CR3608_ROTARY_BODY_WING_LEX_BETA0_V0.1 - CR3608_ROTARY_BODY_WING_BETA0_V0.1,"F-18 LEX incremental contribution from component buildup",0,35,0.00,1,0.000,0.43,0.431,-0.011,0.0027,0.0026,BODY_WING_LEX_MINUS_BODY_WING,DERIVED_EXACT_ARITHMETIC_FROM_PAGE_IMAGE_CROSSCHECKED_SOURCE_TABLES
NASA_CR_3608_DERIVED_LEX_INCREMENT,CR3608_ROTARY_BODY_WING_LEX_BETA0_V0.1 - CR3608_ROTARY_BODY_WING_BETA0_V0.1,"F-18 LEX incremental contribution from component buildup",0,35,0.00,2,0.001,0.41,0.420,-0.007,0.0005,0.0036,BODY_WING_LEX_MINUS_BODY_WING,DERIVED_EXACT_ARITHMETIC_FROM_PAGE_IMAGE_CROSSCHECKED_SOURCE_TABLES
NASA_CR_3608_DERIVED_LEX_INCREMENT,CR3608_ROTARY_BODY_WING_LEX_BETA0_V0.1 - CR3608_ROTARY_BODY_WING_BETA0_V0.1,"F-18 LEX incremental contribution from component buildup",0,35,0.05,,-0.003,0.43,0.440,0.040,-0.0155,0.0077,BODY_WING_LEX_MINUS_BODY_WING,DERIVED_EXACT_ARITHMETIC_FROM_PAGE_IMAGE_CROSSCHECKED_SOURCE_TABLES
NASA_CR_3608_DERIVED_LEX_INCREMENT,CR3608_ROTARY_BODY_WING_LEX_BETA0_V0.1 - CR3608_ROTARY_BODY_WING_BETA0_V0.1,"F-18 LEX incremental contribution from component buildup",0,35,0.10,,-0.002,0.41,0.432,0.028,-0.0187,0.0076,BODY_WING_LEX_MINUS_BODY_WING,DERIVED_EXACT_ARITHMETIC_FROM_PAGE_IMAGE_CROSSCHECKED_SOURCE_TABLES
NASA_CR_3608_DERIVED_LEX_INCREMENT,CR3608_ROTARY_BODY_WING_LEX_BETA0_V0.1 - CR3608_ROTARY_BODY_WING_BETA0_V0.1,"F-18 LEX incremental contribution from component buildup",0,35,0.20,,0.004,0.35,0.410,-0.008,-0.0225,0.0123,BODY_WING_LEX_MINUS_BODY_WING,DERIVED_EXACT_ARITHMETIC_FROM_PAGE_IMAGE_CROSSCHECKED_SOURCE_TABLES
NASA_CR_3608_DERIVED_LEX_INCREMENT,CR3608_ROTARY_BODY_WING_LEX_BETA0_V0.1 - CR3608_ROTARY_BODY_WING_BETA0_V0.1,"F-18 LEX incremental contribution from component buildup",0,35,0.30,,0.009,0.32,0.417,-0.046,-0.0162,0.0090,BODY_WING_LEX_MINUS_BODY_WING,DERIVED_EXACT_ARITHMETIC_FROM_PAGE_IMAGE_CROSSCHECKED_SOURCE_TABLES
NASA_CR_3608_DERIVED_LEX_INCREMENT,CR3608_ROTARY_BODY_WING_LEX_BETA0_V0.1 - CR3608_ROTARY_BODY_WING_BETA0_V0.1,"F-18 LEX incremental contribution from component buildup",0,35,0.40,,0.014,0.36,0.412,-0.039,-0.0032,0.0158,BODY_WING_LEX_MINUS_BODY_WING,DERIVED_EXACT_ARITHMETIC_FROM_PAGE_IMAGE_CROSSCHECKED_SOURCE_TABLES
NASA_CR_3608_DERIVED_LEX_INCREMENT,CR3608_ROTARY_BODY_WING_LEX_BETA0_V0.1 - CR3608_ROTARY_BODY_WING_BETA0_V0.1,"F-18 LEX incremental contribution from component buildup",0,40,-0.40,,0.022,0.19,0.384,0.038,0.0169,0.0171,BODY_WING_LEX_MINUS_BODY_WING,DERIVED_EXACT_ARITHMETIC_FROM_PAGE_IMAGE_CROSSCHECKED_SOURCE_TABLES
NASA_CR_3608_DERIVED_LEX_INCREMENT,CR3608_ROTARY_BODY_WING_LEX_BETA0_V0.1 - CR3608_ROTARY_BODY_WING_BETA0_V0.1,"F-18 LEX incremental contribution from component buildup",0,40,-0.30,,0.018,0.19,0.386,0.011,0.0152,0.0121,BODY_WING_LEX_MINUS_BODY_WING,DERIVED_EXACT_ARITHMETIC_FROM_PAGE_IMAGE_CROSSCHECKED_SOURCE_TABLES
NASA_CR_3608_DERIVED_LEX_INCREMENT,CR3608_ROTARY_BODY_WING_LEX_BETA0_V0.1 - CR3608_ROTARY_BODY_WING_BETA0_V0.1,"F-18 LEX incremental contribution from component buildup",0,40,-0.20,,0.014,0.30,0.399,-0.028,0.0088,0.0032,BODY_WING_LEX_MINUS_BODY_WING,DERIVED_EXACT_ARITHMETIC_FROM_PAGE_IMAGE_CROSSCHECKED_SOURCE_TABLES
NASA_CR_3608_DERIVED_LEX_INCREMENT,CR3608_ROTARY_BODY_WING_LEX_BETA0_V0.1 - CR3608_ROTARY_BODY_WING_BETA0_V0.1,"F-18 LEX incremental contribution from component buildup",0,40,-0.10,,0.013,0.40,0.396,-0.050,-0.0011,-0.0107,BODY_WING_LEX_MINUS_BODY_WING,DERIVED_EXACT_ARITHMETIC_FROM_PAGE_IMAGE_CROSSCHECKED_SOURCE_TABLES
NASA_CR_3608_DERIVED_LEX_INCREMENT,CR3608_ROTARY_BODY_WING_LEX_BETA0_V0.1 - CR3608_ROTARY_BODY_WING_BETA0_V0.1,"F-18 LEX incremental contribution from component buildup",0,40,-0.05,,0.011,0.42,0.413,-0.045,-0.0016,-0.0079,BODY_WING_LEX_MINUS_BODY_WING,DERIVED_EXACT_ARITHMETIC_FROM_PAGE_IMAGE_CROSSCHECKED_SOURCE_TABLES
NASA_CR_3608_DERIVED_LEX_INCREMENT,CR3608_ROTARY_BODY_WING_LEX_BETA0_V0.1 - CR3608_ROTARY_BODY_WING_BETA0_V0.1,"F-18 LEX incremental contribution from component buildup",0,40,0.00,1,0.017,0.35,0.425,-0.024,-0.0009,0.0041,BODY_WING_LEX_MINUS_BODY_WING,DERIVED_EXACT_ARITHMETIC_FROM_PAGE_IMAGE_CROSSCHECKED_SOURCE_TABLES
NASA_CR_3608_DERIVED_LEX_INCREMENT,CR3608_ROTARY_BODY_WING_LEX_BETA0_V0.1 - CR3608_ROTARY_BODY_WING_BETA0_V0.1,"F-18 LEX incremental contribution from component buildup",0,40,0.00,2,0.014,0.35,0.437,-0.033,0.0000,0.0042,BODY_WING_LEX_MINUS_BODY_WING,DERIVED_EXACT_ARITHMETIC_FROM_PAGE_IMAGE_CROSSCHECKED_SOURCE_TABLES
NASA_CR_3608_DERIVED_LEX_INCREMENT,CR3608_ROTARY_BODY_WING_LEX_BETA0_V0.1 - CR3608_ROTARY_BODY_WING_BETA0_V0.1,"F-18 LEX incremental contribution from component buildup",0,40,0.05,,0.001,0.38,0.458,0.005,-0.0026,0.0044,BODY_WING_LEX_MINUS_BODY_WING,DERIVED_EXACT_ARITHMETIC_FROM_PAGE_IMAGE_CROSSCHECKED_SOURCE_TABLES
NASA_CR_3608_DERIVED_LEX_INCREMENT,CR3608_ROTARY_BODY_WING_LEX_BETA0_V0.1 - CR3608_ROTARY_BODY_WING_BETA0_V0.1,"F-18 LEX incremental contribution from component buildup",0,40,0.10,,0.000,0.39,0.444,0.011,-0.0065,0.0062,BODY_WING_LEX_MINUS_BODY_WING,DERIVED_EXACT_ARITHMETIC_FROM_PAGE_IMAGE_CROSSCHECKED_SOURCE_TABLES
NASA_CR_3608_DERIVED_LEX_INCREMENT,CR3608_ROTARY_BODY_WING_LEX_BETA0_V0.1 - CR3608_ROTARY_BODY_WING_BETA0_V0.1,"F-18 LEX incremental contribution from component buildup",0,40,0.20,,0.004,0.31,0.410,0.004,-0.0103,0.0140,BODY_WING_LEX_MINUS_BODY_WING,DERIVED_EXACT_ARITHMETIC_FROM_PAGE_IMAGE_CROSSCHECKED_SOURCE_TABLES
NASA_CR_3608_DERIVED_LEX_INCREMENT,CR3608_ROTARY_BODY_WING_LEX_BETA0_V0.1 - CR3608_ROTARY_BODY_WING_BETA0_V0.1,"F-18 LEX incremental contribution from component buildup",0,40,0.30,,0.008,0.24,0.424,-0.039,-0.0154,0.0030,BODY_WING_LEX_MINUS_BODY_WING,DERIVED_EXACT_ARITHMETIC_FROM_PAGE_IMAGE_CROSSCHECKED_SOURCE_TABLES
NASA_CR_3608_DERIVED_LEX_INCREMENT,CR3608_ROTARY_BODY_WING_LEX_BETA0_V0.1 - CR3608_ROTARY_BODY_WING_BETA0_V0.1,"F-18 LEX incremental contribution from component buildup",0,40,0.40,,0.010,0.25,0.435,-0.047,-0.0162,0.0016,BODY_WING_LEX_MINUS_BODY_WING,DERIVED_EXACT_ARITHMETIC_FROM_PAGE_IMAGE_CROSSCHECKED_SOURCE_TABLES
NASA_CR_3608_DERIVED_LEX_INCREMENT,CR3608_ROTARY_BODY_WING_LEX_BETA0_V0.1 - CR3608_ROTARY_BODY_WING_BETA0_V0.1,"F-18 LEX incremental contribution from component buildup",0,45,-0.40,,0.026,0.05,0.351,0.035,0.0284,0.0315,BODY_WING_LEX_MINUS_BODY_WING,DERIVED_EXACT_ARITHMETIC_FROM_PAGE_IMAGE_CROSSCHECKED_SOURCE_TABLES
NASA_CR_3608_DERIVED_LEX_INCREMENT,CR3608_ROTARY_BODY_WING_LEX_BETA0_V0.1 - CR3608_ROTARY_BODY_WING_BETA0_V0.1,"F-18 LEX incremental contribution from component buildup",0,45,-0.30,,0.031,0.13,0.371,0.007,0.0160,0.0276,BODY_WING_LEX_MINUS_BODY_WING,DERIVED_EXACT_ARITHMETIC_FROM_PAGE_IMAGE_CROSSCHECKED_SOURCE_TABLES
NASA_CR_3608_DERIVED_LEX_INCREMENT,CR3608_ROTARY_BODY_WING_LEX_BETA0_V0.1 - CR3608_ROTARY_BODY_WING_BETA0_V0.1,"F-18 LEX incremental contribution from component buildup",0,45,-0.20,,0.033,0.21,0.392,-0.058,0.0046,0.0052,BODY_WING_LEX_MINUS_BODY_WING,DERIVED_EXACT_ARITHMETIC_FROM_PAGE_IMAGE_CROSSCHECKED_SOURCE_TABLES
NASA_CR_3608_DERIVED_LEX_INCREMENT,CR3608_ROTARY_BODY_WING_LEX_BETA0_V0.1 - CR3608_ROTARY_BODY_WING_BETA0_V0.1,"F-18 LEX incremental contribution from component buildup",0,45,-0.10,,0.036,0.28,0.392,-0.114,-0.0023,-0.0258,BODY_WING_LEX_MINUS_BODY_WING,DERIVED_EXACT_ARITHMETIC_FROM_PAGE_IMAGE_CROSSCHECKED_SOURCE_TABLES
NASA_CR_3608_DERIVED_LEX_INCREMENT,CR3608_ROTARY_BODY_WING_LEX_BETA0_V0.1 - CR3608_ROTARY_BODY_WING_BETA0_V0.1,"F-18 LEX incremental contribution from component buildup",0,45,-0.05,,0.035,0.31,0.401,-0.081,-0.0057,-0.0199,BODY_WING_LEX_MINUS_BODY_WING,DERIVED_EXACT_ARITHMETIC_FROM_PAGE_IMAGE_CROSSCHECKED_SOURCE_TABLES
NASA_CR_3608_DERIVED_LEX_INCREMENT,CR3608_ROTARY_BODY_WING_LEX_BETA0_V0.1 - CR3608_ROTARY_BODY_WING_BETA0_V0.1,"F-18 LEX incremental contribution from component buildup",0,45,0.00,1,0.036,0.25,0.392,-0.047,0.0023,-0.0010,BODY_WING_LEX_MINUS_BODY_WING,DERIVED_EXACT_ARITHMETIC_FROM_PAGE_IMAGE_CROSSCHECKED_SOURCE_TABLES
NASA_CR_3608_DERIVED_LEX_INCREMENT,CR3608_ROTARY_BODY_WING_LEX_BETA0_V0.1 - CR3608_ROTARY_BODY_WING_BETA0_V0.1,"F-18 LEX incremental contribution from component buildup",0,45,0.00,2,0.037,0.30,0.401,-0.044,0.0004,-0.0017,BODY_WING_LEX_MINUS_BODY_WING,DERIVED_EXACT_ARITHMETIC_FROM_PAGE_IMAGE_CROSSCHECKED_SOURCE_TABLES
NASA_CR_3608_DERIVED_LEX_INCREMENT,CR3608_ROTARY_BODY_WING_LEX_BETA0_V0.1 - CR3608_ROTARY_BODY_WING_BETA0_V0.1,"F-18 LEX incremental contribution from component buildup",0,45,0.05,,0.027,0.34,0.439,-0.014,0.0080,0.0048,BODY_WING_LEX_MINUS_BODY_WING,DERIVED_EXACT_ARITHMETIC_FROM_PAGE_IMAGE_CROSSCHECKED_SOURCE_TABLES
NASA_CR_3608_DERIVED_LEX_INCREMENT,CR3608_ROTARY_BODY_WING_LEX_BETA0_V0.1 - CR3608_ROTARY_BODY_WING_BETA0_V0.1,"F-18 LEX incremental contribution from component buildup",0,45,0.10,,0.026,0.31,0.444,0.019,-0.0014,0.0100,BODY_WING_LEX_MINUS_BODY_WING,DERIVED_EXACT_ARITHMETIC_FROM_PAGE_IMAGE_CROSSCHECKED_SOURCE_TABLES
NASA_CR_3608_DERIVED_LEX_INCREMENT,CR3608_ROTARY_BODY_WING_LEX_BETA0_V0.1 - CR3608_ROTARY_BODY_WING_BETA0_V0.1,"F-18 LEX incremental contribution from component buildup",0,45,0.20,,0.022,0.27,0.400,0.036,0.0016,0.0230,BODY_WING_LEX_MINUS_BODY_WING,DERIVED_EXACT_ARITHMETIC_FROM_PAGE_IMAGE_CROSSCHECKED_SOURCE_TABLES
NASA_CR_3608_DERIVED_LEX_INCREMENT,CR3608_ROTARY_BODY_WING_LEX_BETA0_V0.1 - CR3608_ROTARY_BODY_WING_BETA0_V0.1,"F-18 LEX incremental contribution from component buildup",0,45,0.30,,0.027,0.12,0.395,-0.039,-0.0216,-0.0067,BODY_WING_LEX_MINUS_BODY_WING,DERIVED_EXACT_ARITHMETIC_FROM_PAGE_IMAGE_CROSSCHECKED_SOURCE_TABLES
NASA_CR_3608_DERIVED_LEX_INCREMENT,CR3608_ROTARY_BODY_WING_LEX_BETA0_V0.1 - CR3608_ROTARY_BODY_WING_BETA0_V0.1,"F-18 LEX incremental contribution from component buildup",0,45,0.40,,0.022,0.09,0.382,-0.077,-0.0319,-0.0185,BODY_WING_LEX_MINUS_BODY_WING,DERIVED_EXACT_ARITHMETIC_FROM_PAGE_IMAGE_CROSSCHECKED_SOURCE_TABLES
NASA_CR_3608_DERIVED_LEX_INCREMENT,CR3608_ROTARY_BODY_WING_LEX_BETA0_V0.1 - CR3608_ROTARY_BODY_WING_BETA0_V0.1,"F-18 LEX incremental contribution from component buildup",0,50,-0.40,,0.037,0.01,0.262,-0.097,0.0306,0.0015,BODY_WING_LEX_MINUS_BODY_WING,DERIVED_EXACT_ARITHMETIC_FROM_PAGE_IMAGE_CROSSCHECKED_SOURCE_TABLES
NASA_CR_3608_DERIVED_LEX_INCREMENT,CR3608_ROTARY_BODY_WING_LEX_BETA0_V0.1 - CR3608_ROTARY_BODY_WING_BETA0_V0.1,"F-18 LEX incremental contribution from component buildup",0,50,-0.30,,0.033,0.09,0.312,-0.016,0.0173,0.0216,BODY_WING_LEX_MINUS_BODY_WING,DERIVED_EXACT_ARITHMETIC_FROM_PAGE_IMAGE_CROSSCHECKED_SOURCE_TABLES
NASA_CR_3608_DERIVED_LEX_INCREMENT,CR3608_ROTARY_BODY_WING_LEX_BETA0_V0.1 - CR3608_ROTARY_BODY_WING_BETA0_V0.1,"F-18 LEX incremental contribution from component buildup",0,50,-0.20,,0.033,0.21,0.362,-0.043,0.0087,0.0120,BODY_WING_LEX_MINUS_BODY_WING,DERIVED_EXACT_ARITHMETIC_FROM_PAGE_IMAGE_CROSSCHECKED_SOURCE_TABLES
NASA_CR_3608_DERIVED_LEX_INCREMENT,CR3608_ROTARY_BODY_WING_LEX_BETA0_V0.1 - CR3608_ROTARY_BODY_WING_BETA0_V0.1,"F-18 LEX incremental contribution from component buildup",0,50,-0.10,,0.035,0.30,0.403,-0.100,0.0010,-0.0119,BODY_WING_LEX_MINUS_BODY_WING,DERIVED_EXACT_ARITHMETIC_FROM_PAGE_IMAGE_CROSSCHECKED_SOURCE_TABLES
NASA_CR_3608_DERIVED_LEX_INCREMENT,CR3608_ROTARY_BODY_WING_LEX_BETA0_V0.1 - CR3608_ROTARY_BODY_WING_BETA0_V0.1,"F-18 LEX incremental contribution from component buildup",0,50,-0.05,,0.034,0.31,0.413,-0.090,-0.0027,-0.0206,BODY_WING_LEX_MINUS_BODY_WING,DERIVED_EXACT_ARITHMETIC_FROM_PAGE_IMAGE_CROSSCHECKED_SOURCE_TABLES
NASA_CR_3608_DERIVED_LEX_INCREMENT,CR3608_ROTARY_BODY_WING_LEX_BETA0_V0.1 - CR3608_ROTARY_BODY_WING_BETA0_V0.1,"F-18 LEX incremental contribution from component buildup",0,50,0.00,1,0.038,0.25,0.373,-0.054,-0.0018,-0.0111,BODY_WING_LEX_MINUS_BODY_WING,DERIVED_EXACT_ARITHMETIC_FROM_PAGE_IMAGE_CROSSCHECKED_SOURCE_TABLES
NASA_CR_3608_DERIVED_LEX_INCREMENT,CR3608_ROTARY_BODY_WING_LEX_BETA0_V0.1 - CR3608_ROTARY_BODY_WING_BETA0_V0.1,"F-18 LEX incremental contribution from component buildup",0,50,0.00,2,0.041,0.22,0.361,-0.072,0.0012,-0.0162,BODY_WING_LEX_MINUS_BODY_WING,DERIVED_EXACT_ARITHMETIC_FROM_PAGE_IMAGE_CROSSCHECKED_SOURCE_TABLES
NASA_CR_3608_DERIVED_LEX_INCREMENT,CR3608_ROTARY_BODY_WING_LEX_BETA0_V0.1 - CR3608_ROTARY_BODY_WING_BETA0_V0.1,"F-18 LEX incremental contribution from component buildup",0,50,0.05,,0.037,0.30,0.380,-0.024,0.0006,-0.0102,BODY_WING_LEX_MINUS_BODY_WING,DERIVED_EXACT_ARITHMETIC_FROM_PAGE_IMAGE_CROSSCHECKED_SOURCE_TABLES
NASA_CR_3608_DERIVED_LEX_INCREMENT,CR3608_ROTARY_BODY_WING_LEX_BETA0_V0.1 - CR3608_ROTARY_BODY_WING_BETA0_V0.1,"F-18 LEX incremental contribution from component buildup",0,50,0.10,,0.037,0.33,0.408,-0.013,0.0029,0.0008,BODY_WING_LEX_MINUS_BODY_WING,DERIVED_EXACT_ARITHMETIC_FROM_PAGE_IMAGE_CROSSCHECKED_SOURCE_TABLES
NASA_CR_3608_DERIVED_LEX_INCREMENT,CR3608_ROTARY_BODY_WING_LEX_BETA0_V0.1 - CR3608_ROTARY_BODY_WING_BETA0_V0.1,"F-18 LEX incremental contribution from component buildup",0,50,0.20,,0.033,0.24,0.385,0.042,-0.0187,0.0245,BODY_WING_LEX_MINUS_BODY_WING,DERIVED_EXACT_ARITHMETIC_FROM_PAGE_IMAGE_CROSSCHECKED_SOURCE_TABLES
NASA_CR_3608_DERIVED_LEX_INCREMENT,CR3608_ROTARY_BODY_WING_LEX_BETA0_V0.1 - CR3608_ROTARY_BODY_WING_BETA0_V0.1,"F-18 LEX incremental contribution from component buildup",0,50,0.30,,0.028,0.10,0.351,-0.029,-0.0279,-0.0092,BODY_WING_LEX_MINUS_BODY_WING,DERIVED_EXACT_ARITHMETIC_FROM_PAGE_IMAGE_CROSSCHECKED_SOURCE_TABLES
NASA_CR_3608_DERIVED_LEX_INCREMENT,CR3608_ROTARY_BODY_WING_LEX_BETA0_V0.1 - CR3608_ROTARY_BODY_WING_BETA0_V0.1,"F-18 LEX incremental contribution from component buildup",0,55,-0.40,,0.038,0.09,0.188,-0.084,0.0074,-0.0020,BODY_WING_LEX_MINUS_BODY_WING,DERIVED_EXACT_ARITHMETIC_FROM_PAGE_IMAGE_CROSSCHECKED_SOURCE_TABLES
NASA_CR_3608_DERIVED_LEX_INCREMENT,CR3608_ROTARY_BODY_WING_LEX_BETA0_V0.1 - CR3608_ROTARY_BODY_WING_BETA0_V0.1,"F-18 LEX incremental contribution from component buildup",0,55,-0.30,,0.049,0.06,0.225,-0.111,0.0083,-0.0210,BODY_WING_LEX_MINUS_BODY_WING,DERIVED_EXACT_ARITHMETIC_FROM_PAGE_IMAGE_CROSSCHECKED_SOURCE_TABLES
NASA_CR_3608_DERIVED_LEX_INCREMENT,CR3608_ROTARY_BODY_WING_LEX_BETA0_V0.1 - CR3608_ROTARY_BODY_WING_BETA0_V0.1,"F-18 LEX incremental contribution from component buildup",0,55,-0.20,,0.050,0.08,0.254,-0.074,0.0081,0.0037,BODY_WING_LEX_MINUS_BODY_WING,DERIVED_EXACT_ARITHMETIC_FROM_PAGE_IMAGE_CROSSCHECKED_SOURCE_TABLES
NASA_CR_3608_DERIVED_LEX_INCREMENT,CR3608_ROTARY_BODY_WING_LEX_BETA0_V0.1 - CR3608_ROTARY_BODY_WING_BETA0_V0.1,"F-18 LEX incremental contribution from component buildup",0,55,-0.10,,0.053,0.18,0.288,-0.096,-0.0017,-0.0121,BODY_WING_LEX_MINUS_BODY_WING,DERIVED_EXACT_ARITHMETIC_FROM_PAGE_IMAGE_CROSSCHECKED_SOURCE_TABLES
NASA_CR_3608_DERIVED_LEX_INCREMENT,CR3608_ROTARY_BODY_WING_LEX_BETA0_V0.1 - CR3608_ROTARY_BODY_WING_BETA0_V0.1,"F-18 LEX incremental contribution from component buildup",0,55,-0.05,,0.054,0.17,0.279,-0.093,-0.0036,-0.0156,BODY_WING_LEX_MINUS_BODY_WING,DERIVED_EXACT_ARITHMETIC_FROM_PAGE_IMAGE_CROSSCHECKED_SOURCE_TABLES
NASA_CR_3608_DERIVED_LEX_INCREMENT,CR3608_ROTARY_BODY_WING_LEX_BETA0_V0.1 - CR3608_ROTARY_BODY_WING_BETA0_V0.1,"F-18 LEX incremental contribution from component buildup",0,55,0.00,1,0.054,0.19,0.274,-0.058,-0.0051,-0.0092,BODY_WING_LEX_MINUS_BODY_WING,DERIVED_EXACT_ARITHMETIC_FROM_PAGE_IMAGE_CROSSCHECKED_SOURCE_TABLES
NASA_CR_3608_DERIVED_LEX_INCREMENT,CR3608_ROTARY_BODY_WING_LEX_BETA0_V0.1 - CR3608_ROTARY_BODY_WING_BETA0_V0.1,"F-18 LEX incremental contribution from component buildup",0,55,0.00,2,0.055,0.21,0.279,-0.060,-0.0053,-0.0132,BODY_WING_LEX_MINUS_BODY_WING,DERIVED_EXACT_ARITHMETIC_FROM_PAGE_IMAGE_CROSSCHECKED_SOURCE_TABLES
NASA_CR_3608_DERIVED_LEX_INCREMENT,CR3608_ROTARY_BODY_WING_LEX_BETA0_V0.1 - CR3608_ROTARY_BODY_WING_BETA0_V0.1,"F-18 LEX incremental contribution from component buildup",0,55,0.05,,0.054,0.17,0.281,-0.034,0.0007,-0.0032,BODY_WING_LEX_MINUS_BODY_WING,DERIVED_EXACT_ARITHMETIC_FROM_PAGE_IMAGE_CROSSCHECKED_SOURCE_TABLES
NASA_CR_3608_DERIVED_LEX_INCREMENT,CR3608_ROTARY_BODY_WING_LEX_BETA0_V0.1 - CR3608_ROTARY_BODY_WING_BETA0_V0.1,"F-18 LEX incremental contribution from component buildup",0,55,0.10,,0.053,0.21,0.311,-0.057,-0.0011,-0.0189,BODY_WING_LEX_MINUS_BODY_WING,DERIVED_EXACT_ARITHMETIC_FROM_PAGE_IMAGE_CROSSCHECKED_SOURCE_TABLES
NASA_CR_3608_DERIVED_LEX_INCREMENT,CR3608_ROTARY_BODY_WING_LEX_BETA0_V0.1 - CR3608_ROTARY_BODY_WING_BETA0_V0.1,"F-18 LEX incremental contribution from component buildup",0,55,0.20,,0.043,0.16,0.318,0.018,-0.0046,0.0212,BODY_WING_LEX_MINUS_BODY_WING,DERIVED_EXACT_ARITHMETIC_FROM_PAGE_IMAGE_CROSSCHECKED_SOURCE_TABLES
NASA_CR_3608_DERIVED_LEX_INCREMENT,CR3608_ROTARY_BODY_WING_LEX_BETA0_V0.1 - CR3608_ROTARY_BODY_WING_BETA0_V0.1,"F-18 LEX incremental contribution from component buildup",0,55,0.30,,0.036,0.10,0.254,0.028,-0.0106,0.0177,BODY_WING_LEX_MINUS_BODY_WING,DERIVED_EXACT_ARITHMETIC_FROM_PAGE_IMAGE_CROSSCHECKED_SOURCE_TABLES
NASA_CR_3608_DERIVED_LEX_INCREMENT,CR3608_ROTARY_BODY_WING_LEX_BETA0_V0.1 - CR3608_ROTARY_BODY_WING_BETA0_V0.1,"F-18 LEX incremental contribution from component buildup",0,55,0.40,,0.028,0.14,0.230,0.078,-0.0086,0.0371,BODY_WING_LEX_MINUS_BODY_WING,DERIVED_EXACT_ARITHMETIC_FROM_PAGE_IMAGE_CROSSCHECKED_SOURCE_TABLES
NASA_CR_3608_DERIVED_LEX_INCREMENT,CR3608_ROTARY_BODY_WING_LEX_BETA0_V0.1 - CR3608_ROTARY_BODY_WING_BETA0_V0.1,"F-18 LEX incremental contribution from component buildup",0,60,-0.40,,0.052,0.09,0.191,-0.070,0.0101,0.0065,BODY_WING_LEX_MINUS_BODY_WING,DERIVED_EXACT_ARITHMETIC_FROM_PAGE_IMAGE_CROSSCHECKED_SOURCE_TABLES
NASA_CR_3608_DERIVED_LEX_INCREMENT,CR3608_ROTARY_BODY_WING_LEX_BETA0_V0.1 - CR3608_ROTARY_BODY_WING_BETA0_V0.1,"F-18 LEX incremental contribution from component buildup",0,60,-0.30,,0.049,0.12,0.210,-0.081,0.0044,-0.0040,BODY_WING_LEX_MINUS_BODY_WING,DERIVED_EXACT_ARITHMETIC_FROM_PAGE_IMAGE_CROSSCHECKED_SOURCE_TABLES
NASA_CR_3608_DERIVED_LEX_INCREMENT,CR3608_ROTARY_BODY_WING_LEX_BETA0_V0.1 - CR3608_ROTARY_BODY_WING_BETA0_V0.1,"F-18 LEX incremental contribution from component buildup",0,60,-0.20,,0.043,0.16,0.233,-0.073,0.0006,-0.0104,BODY_WING_LEX_MINUS_BODY_WING,DERIVED_EXACT_ARITHMETIC_FROM_PAGE_IMAGE_CROSSCHECKED_SOURCE_TABLES
NASA_CR_3608_DERIVED_LEX_INCREMENT,CR3608_ROTARY_BODY_WING_LEX_BETA0_V0.1 - CR3608_ROTARY_BODY_WING_BETA0_V0.1,"F-18 LEX incremental contribution from component buildup",0,60,-0.10,,0.037,0.18,0.255,-0.060,-0.0008,-0.0043,BODY_WING_LEX_MINUS_BODY_WING,DERIVED_EXACT_ARITHMETIC_FROM_PAGE_IMAGE_CROSSCHECKED_SOURCE_TABLES
NASA_CR_3608_DERIVED_LEX_INCREMENT,CR3608_ROTARY_BODY_WING_LEX_BETA0_V0.1 - CR3608_ROTARY_BODY_WING_BETA0_V0.1,"F-18 LEX incremental contribution from component buildup",0,60,-0.05,,0.035,0.19,0.281,-0.097,-0.0026,-0.0247,BODY_WING_LEX_MINUS_BODY_WING,DERIVED_EXACT_ARITHMETIC_FROM_PAGE_IMAGE_CROSSCHECKED_SOURCE_TABLES
NASA_CR_3608_DERIVED_LEX_INCREMENT,CR3608_ROTARY_BODY_WING_LEX_BETA0_V0.1 - CR3608_ROTARY_BODY_WING_BETA0_V0.1,"F-18 LEX incremental contribution from component buildup",0,60,0.00,1,0.039,0.16,0.277,-0.057,-0.0022,0.0003,BODY_WING_LEX_MINUS_BODY_WING,DERIVED_EXACT_ARITHMETIC_FROM_PAGE_IMAGE_CROSSCHECKED_SOURCE_TABLES
NASA_CR_3608_DERIVED_LEX_INCREMENT,CR3608_ROTARY_BODY_WING_LEX_BETA0_V0.1 - CR3608_ROTARY_BODY_WING_BETA0_V0.1,"F-18 LEX incremental contribution from component buildup",0,60,0.00,2,0.038,0.17,0.277,-0.052,-0.0030,0.0020,BODY_WING_LEX_MINUS_BODY_WING,DERIVED_EXACT_ARITHMETIC_FROM_PAGE_IMAGE_CROSSCHECKED_SOURCE_TABLES
NASA_CR_3608_DERIVED_LEX_INCREMENT,CR3608_ROTARY_BODY_WING_LEX_BETA0_V0.1 - CR3608_ROTARY_BODY_WING_BETA0_V0.1,"F-18 LEX incremental contribution from component buildup",0,60,0.05,,0.028,0.16,0.273,-0.035,0.0002,0.0022,BODY_WING_LEX_MINUS_BODY_WING,DERIVED_EXACT_ARITHMETIC_FROM_PAGE_IMAGE_CROSSCHECKED_SOURCE_TABLES
NASA_CR_3608_DERIVED_LEX_INCREMENT,CR3608_ROTARY_BODY_WING_LEX_BETA0_V0.1 - CR3608_ROTARY_BODY_WING_BETA0_V0.1,"F-18 LEX incremental contribution from component buildup",0,60,0.10,,0.029,0.18,0.258,-0.029,-0.0016,-0.0076,BODY_WING_LEX_MINUS_BODY_WING,DERIVED_EXACT_ARITHMETIC_FROM_PAGE_IMAGE_CROSSCHECKED_SOURCE_TABLES
NASA_CR_3608_DERIVED_LEX_INCREMENT,CR3608_ROTARY_BODY_WING_LEX_BETA0_V0.1 - CR3608_ROTARY_BODY_WING_BETA0_V0.1,"F-18 LEX incremental contribution from component buildup",0,60,0.20,,0.026,0.17,0.277,-0.001,-0.0034,0.0148,BODY_WING_LEX_MINUS_BODY_WING,DERIVED_EXACT_ARITHMETIC_FROM_PAGE_IMAGE_CROSSCHECKED_SOURCE_TABLES
NASA_CR_3608_DERIVED_LEX_INCREMENT,CR3608_ROTARY_BODY_WING_LEX_BETA0_V0.1 - CR3608_ROTARY_BODY_WING_BETA0_V0.1,"F-18 LEX incremental contribution from component buildup",0,60,0.30,,0.036,0.15,0.246,0.040,-0.0023,0.0278,BODY_WING_LEX_MINUS_BODY_WING,DERIVED_EXACT_ARITHMETIC_FROM_PAGE_IMAGE_CROSSCHECKED_SOURCE_TABLES
NASA_CR_3608_DERIVED_LEX_INCREMENT,CR3608_ROTARY_BODY_WING_LEX_BETA0_V0.1 - CR3608_ROTARY_BODY_WING_BETA0_V0.1,"F-18 LEX incremental contribution from component buildup",0,60,0.40,,0.045,0.12,0.196,0.004,-0.0081,0.0053,BODY_WING_LEX_MINUS_BODY_WING,DERIVED_EXACT_ARITHMETIC_FROM_PAGE_IMAGE_CROSSCHECKED_SOURCE_TABLES
NASA_CR_3608_DERIVED_LEX_INCREMENT,CR3608_ROTARY_BODY_WING_LEX_BETA0_V0.1 - CR3608_ROTARY_BODY_WING_BETA0_V0.1,"F-18 LEX incremental contribution from component buildup",0,65,-0.40,,0.049,0.17,0.222,-0.078,0.0033,-0.0209,BODY_WING_LEX_MINUS_BODY_WING,DERIVED_EXACT_ARITHMETIC_FROM_PAGE_IMAGE_CROSSCHECKED_SOURCE_TABLES
NASA_CR_3608_DERIVED_LEX_INCREMENT,CR3608_ROTARY_BODY_WING_LEX_BETA0_V0.1 - CR3608_ROTARY_BODY_WING_BETA0_V0.1,"F-18 LEX incremental contribution from component buildup",0,65,-0.30,,0.056,0.10,0.198,-0.056,0.0020,-0.0009,BODY_WING_LEX_MINUS_BODY_WING,DERIVED_EXACT_ARITHMETIC_FROM_PAGE_IMAGE_CROSSCHECKED_SOURCE_TABLES
NASA_CR_3608_DERIVED_LEX_INCREMENT,CR3608_ROTARY_BODY_WING_LEX_BETA0_V0.1 - CR3608_ROTARY_BODY_WING_BETA0_V0.1,"F-18 LEX incremental contribution from component buildup",0,65,-0.20,,0.057,0.05,0.202,-0.036,0.0014,0.0056,BODY_WING_LEX_MINUS_BODY_WING,DERIVED_EXACT_ARITHMETIC_FROM_PAGE_IMAGE_CROSSCHECKED_SOURCE_TABLES
NASA_CR_3608_DERIVED_LEX_INCREMENT,CR3608_ROTARY_BODY_WING_LEX_BETA0_V0.1 - CR3608_ROTARY_BODY_WING_BETA0_V0.1,"F-18 LEX incremental contribution from component buildup",0,65,-0.10,,0.055,0.07,0.238,-0.056,-0.0001,0.0023,BODY_WING_LEX_MINUS_BODY_WING,DERIVED_EXACT_ARITHMETIC_FROM_PAGE_IMAGE_CROSSCHECKED_SOURCE_TABLES
NASA_CR_3608_DERIVED_LEX_INCREMENT,CR3608_ROTARY_BODY_WING_LEX_BETA0_V0.1 - CR3608_ROTARY_BODY_WING_BETA0_V0.1,"F-18 LEX incremental contribution from component buildup",0,65,-0.05,,0.050,0.10,0.263,-0.072,-0.0009,-0.0051,BODY_WING_LEX_MINUS_BODY_WING,DERIVED_EXACT_ARITHMETIC_FROM_PAGE_IMAGE_CROSSCHECKED_SOURCE_TABLES
NASA_CR_3608_DERIVED_LEX_INCREMENT,CR3608_ROTARY_BODY_WING_LEX_BETA0_V0.1 - CR3608_ROTARY_BODY_WING_BETA0_V0.1,"F-18 LEX incremental contribution from component buildup",0,65,0.00,1,0.045,0.15,0.269,-0.058,-0.0029,-0.0048,BODY_WING_LEX_MINUS_BODY_WING,DERIVED_EXACT_ARITHMETIC_FROM_PAGE_IMAGE_CROSSCHECKED_SOURCE_TABLES
NASA_CR_3608_DERIVED_LEX_INCREMENT,CR3608_ROTARY_BODY_WING_LEX_BETA0_V0.1 - CR3608_ROTARY_BODY_WING_BETA0_V0.1,"F-18 LEX incremental contribution from component buildup",0,65,0.00,2,0.047,0.11,0.274,-0.045,0.0008,-0.0047,BODY_WING_LEX_MINUS_BODY_WING,DERIVED_EXACT_ARITHMETIC_FROM_PAGE_IMAGE_CROSSCHECKED_SOURCE_TABLES
NASA_CR_3608_DERIVED_LEX_INCREMENT,CR3608_ROTARY_BODY_WING_LEX_BETA0_V0.1 - CR3608_ROTARY_BODY_WING_BETA0_V0.1,"F-18 LEX incremental contribution from component buildup",0,65,0.05,,0.051,0.09,0.255,-0.028,0.0009,0.0044,BODY_WING_LEX_MINUS_BODY_WING,DERIVED_EXACT_ARITHMETIC_FROM_PAGE_IMAGE_CROSSCHECKED_SOURCE_TABLES
NASA_CR_3608_DERIVED_LEX_INCREMENT,CR3608_ROTARY_BODY_WING_LEX_BETA0_V0.1 - CR3608_ROTARY_BODY_WING_BETA0_V0.1,"F-18 LEX incremental contribution from component buildup",0,65,0.10,,0.049,0.13,0.247,-0.012,0.0014,0.0064,BODY_WING_LEX_MINUS_BODY_WING,DERIVED_EXACT_ARITHMETIC_FROM_PAGE_IMAGE_CROSSCHECKED_SOURCE_TABLES
NASA_CR_3608_DERIVED_LEX_INCREMENT,CR3608_ROTARY_BODY_WING_LEX_BETA0_V0.1 - CR3608_ROTARY_BODY_WING_BETA0_V0.1,"F-18 LEX incremental contribution from component buildup",0,65,0.20,,0.041,0.13,0.281,0.030,0.0000,0.0402,BODY_WING_LEX_MINUS_BODY_WING,DERIVED_EXACT_ARITHMETIC_FROM_PAGE_IMAGE_CROSSCHECKED_SOURCE_TABLES
NASA_CR_3608_DERIVED_LEX_INCREMENT,CR3608_ROTARY_BODY_WING_LEX_BETA0_V0.1 - CR3608_ROTARY_BODY_WING_BETA0_V0.1,"F-18 LEX incremental contribution from component buildup",0,65,0.30,,0.041,0.15,0.248,0.038,0.0007,0.0252,BODY_WING_LEX_MINUS_BODY_WING,DERIVED_EXACT_ARITHMETIC_FROM_PAGE_IMAGE_CROSSCHECKED_SOURCE_TABLES
NASA_CR_3608_DERIVED_LEX_INCREMENT,CR3608_ROTARY_BODY_WING_LEX_BETA0_V0.1 - CR3608_ROTARY_BODY_WING_BETA0_V0.1,"F-18 LEX incremental contribution from component buildup",0,65,0.40,,0.042,0.14,0.257,0.058,-0.0029,0.0323,BODY_WING_LEX_MINUS_BODY_WING,DERIVED_EXACT_ARITHMETIC_FROM_PAGE_IMAGE_CROSSCHECKED_SOURCE_TABLES
NASA_CR_3608_DERIVED_LEX_INCREMENT,CR3608_ROTARY_BODY_WING_LEX_BETA0_V0.1 - CR3608_ROTARY_BODY_WING_BETA0_V0.1,"F-18 LEX incremental contribution from component buildup",0,70,-0.40,,0.072,0.11,0.204,-0.088,-0.0196,-0.0300,BODY_WING_LEX_MINUS_BODY_WING,DERIVED_EXACT_ARITHMETIC_FROM_PAGE_IMAGE_CROSSCHECKED_SOURCE_TABLES
NASA_CR_3608_DERIVED_LEX_INCREMENT,CR3608_ROTARY_BODY_WING_LEX_BETA0_V0.1 - CR3608_ROTARY_BODY_WING_BETA0_V0.1,"F-18 LEX incremental contribution from component buildup",0,70,-0.30,,0.060,0.14,0.208,-0.069,-0.0129,-0.0191,BODY_WING_LEX_MINUS_BODY_WING,DERIVED_EXACT_ARITHMETIC_FROM_PAGE_IMAGE_CROSSCHECKED_SOURCE_TABLES
NASA_CR_3608_DERIVED_LEX_INCREMENT,CR3608_ROTARY_BODY_WING_LEX_BETA0_V0.1 - CR3608_ROTARY_BODY_WING_BETA0_V0.1,"F-18 LEX incremental contribution from component buildup",0,70,-0.20,,0.049,0.13,0.227,-0.046,-0.0041,-0.0111,BODY_WING_LEX_MINUS_BODY_WING,DERIVED_EXACT_ARITHMETIC_FROM_PAGE_IMAGE_CROSSCHECKED_SOURCE_TABLES
NASA_CR_3608_DERIVED_LEX_INCREMENT,CR3608_ROTARY_BODY_WING_LEX_BETA0_V0.1 - CR3608_ROTARY_BODY_WING_BETA0_V0.1,"F-18 LEX incremental contribution from component buildup",0,70,-0.10,,0.043,0.16,0.245,-0.047,-0.0024,-0.0074,BODY_WING_LEX_MINUS_BODY_WING,DERIVED_EXACT_ARITHMETIC_FROM_PAGE_IMAGE_CROSSCHECKED_SOURCE_TABLES
NASA_CR_3608_DERIVED_LEX_INCREMENT,CR3608_ROTARY_BODY_WING_LEX_BETA0_V0.1 - CR3608_ROTARY_BODY_WING_BETA0_V0.1,"F-18 LEX incremental contribution from component buildup",0,70,-0.05,,0.040,0.16,0.261,-0.062,-0.0004,-0.0059,BODY_WING_LEX_MINUS_BODY_WING,DERIVED_EXACT_ARITHMETIC_FROM_PAGE_IMAGE_CROSSCHECKED_SOURCE_TABLES
NASA_CR_3608_DERIVED_LEX_INCREMENT,CR3608_ROTARY_BODY_WING_LEX_BETA0_V0.1 - CR3608_ROTARY_BODY_WING_BETA0_V0.1,"F-18 LEX incremental contribution from component buildup",0,70,0.00,1,0.037,0.18,0.279,-0.028,0.0004,0.0003,BODY_WING_LEX_MINUS_BODY_WING,DERIVED_EXACT_ARITHMETIC_FROM_PAGE_IMAGE_CROSSCHECKED_SOURCE_TABLES
NASA_CR_3608_DERIVED_LEX_INCREMENT,CR3608_ROTARY_BODY_WING_LEX_BETA0_V0.1 - CR3608_ROTARY_BODY_WING_BETA0_V0.1,"F-18 LEX incremental contribution from component buildup",0,70,0.00,2,0.039,0.17,0.276,-0.021,0.0030,-0.0002,BODY_WING_LEX_MINUS_BODY_WING,DERIVED_EXACT_ARITHMETIC_FROM_PAGE_IMAGE_CROSSCHECKED_SOURCE_TABLES
NASA_CR_3608_DERIVED_LEX_INCREMENT,CR3608_ROTARY_BODY_WING_LEX_BETA0_V0.1 - CR3608_ROTARY_BODY_WING_BETA0_V0.1,"F-18 LEX incremental contribution from component buildup",0,70,0.05,,0.041,0.09,0.259,-0.052,0.0041,-0.0039,BODY_WING_LEX_MINUS_BODY_WING,DERIVED_EXACT_ARITHMETIC_FROM_PAGE_IMAGE_CROSSCHECKED_SOURCE_TABLES
NASA_CR_3608_DERIVED_LEX_INCREMENT,CR3608_ROTARY_BODY_WING_LEX_BETA0_V0.1 - CR3608_ROTARY_BODY_WING_BETA0_V0.1,"F-18 LEX incremental contribution from component buildup",0,70,0.10,,0.046,0.09,0.243,-0.035,0.0038,0.0023,BODY_WING_LEX_MINUS_BODY_WING,DERIVED_EXACT_ARITHMETIC_FROM_PAGE_IMAGE_CROSSCHECKED_SOURCE_TABLES
NASA_CR_3608_DERIVED_LEX_INCREMENT,CR3608_ROTARY_BODY_WING_LEX_BETA0_V0.1 - CR3608_ROTARY_BODY_WING_BETA0_V0.1,"F-18 LEX incremental contribution from component buildup",0,70,0.20,,0.047,0.12,0.227,-0.025,0.0023,0.0054,BODY_WING_LEX_MINUS_BODY_WING,DERIVED_EXACT_ARITHMETIC_FROM_PAGE_IMAGE_CROSSCHECKED_SOURCE_TABLES
NASA_CR_3608_DERIVED_LEX_INCREMENT,CR3608_ROTARY_BODY_WING_LEX_BETA0_V0.1 - CR3608_ROTARY_BODY_WING_BETA0_V0.1,"F-18 LEX incremental contribution from component buildup",0,70,0.30,,0.054,0.21,0.222,0.017,0.0027,0.0130,BODY_WING_LEX_MINUS_BODY_WING,DERIVED_EXACT_ARITHMETIC_FROM_PAGE_IMAGE_CROSSCHECKED_SOURCE_TABLES
NASA_CR_3608_DERIVED_LEX_INCREMENT,CR3608_ROTARY_BODY_WING_LEX_BETA0_V0.1 - CR3608_ROTARY_BODY_WING_BETA0_V0.1,"F-18 LEX incremental contribution from component buildup",0,70,0.40,,0.065,0.20,0.204,0.025,0.0034,0.0265,BODY_WING_LEX_MINUS_BODY_WING,DERIVED_EXACT_ARITHMETIC_FROM_PAGE_IMAGE_CROSSCHECKED_SOURCE_TABLES
NASA_CR_3608_DERIVED_LEX_INCREMENT,CR3608_ROTARY_BODY_WING_LEX_BETA0_V0.1 - CR3608_ROTARY_BODY_WING_BETA0_V0.1,"F-18 LEX incremental contribution from component buildup",0,75,-0.40,,0.061,0.14,0.204,-0.040,0.0006,-0.0064,BODY_WING_LEX_MINUS_BODY_WING,DERIVED_EXACT_ARITHMETIC_FROM_PAGE_IMAGE_CROSSCHECKED_SOURCE_TABLES
NASA_CR_3608_DERIVED_LEX_INCREMENT,CR3608_ROTARY_BODY_WING_LEX_BETA0_V0.1 - CR3608_ROTARY_BODY_WING_BETA0_V0.1,"F-18 LEX incremental contribution from component buildup",0,75,-0.30,,0.071,0.15,0.187,-0.039,0.0019,-0.0035,BODY_WING_LEX_MINUS_BODY_WING,DERIVED_EXACT_ARITHMETIC_FROM_PAGE_IMAGE_CROSSCHECKED_SOURCE_TABLES
NASA_CR_3608_DERIVED_LEX_INCREMENT,CR3608_ROTARY_BODY_WING_LEX_BETA0_V0.1 - CR3608_ROTARY_BODY_WING_BETA0_V0.1,"F-18 LEX incremental contribution from component buildup",0,75,-0.20,,0.072,0.09,0.203,-0.047,0.0081,0.0014,BODY_WING_LEX_MINUS_BODY_WING,DERIVED_EXACT_ARITHMETIC_FROM_PAGE_IMAGE_CROSSCHECKED_SOURCE_TABLES
NASA_CR_3608_DERIVED_LEX_INCREMENT,CR3608_ROTARY_BODY_WING_LEX_BETA0_V0.1 - CR3608_ROTARY_BODY_WING_BETA0_V0.1,"F-18 LEX incremental contribution from component buildup",0,75,-0.10,,0.067,0.10,0.225,-0.043,-0.0014,0.0019,BODY_WING_LEX_MINUS_BODY_WING,DERIVED_EXACT_ARITHMETIC_FROM_PAGE_IMAGE_CROSSCHECKED_SOURCE_TABLES
NASA_CR_3608_DERIVED_LEX_INCREMENT,CR3608_ROTARY_BODY_WING_LEX_BETA0_V0.1 - CR3608_ROTARY_BODY_WING_BETA0_V0.1,"F-18 LEX incremental contribution from component buildup",0,75,-0.05,,0.061,0.14,0.243,-0.036,0.0006,0.0000,BODY_WING_LEX_MINUS_BODY_WING,DERIVED_EXACT_ARITHMETIC_FROM_PAGE_IMAGE_CROSSCHECKED_SOURCE_TABLES
NASA_CR_3608_DERIVED_LEX_INCREMENT,CR3608_ROTARY_BODY_WING_LEX_BETA0_V0.1 - CR3608_ROTARY_BODY_WING_BETA0_V0.1,"F-18 LEX incremental contribution from component buildup",0,75,0.00,1,0.061,0.17,0.266,-0.023,0.0041,0.0032,BODY_WING_LEX_MINUS_BODY_WING,DERIVED_EXACT_ARITHMETIC_FROM_PAGE_IMAGE_CROSSCHECKED_SOURCE_TABLES
NASA_CR_3608_DERIVED_LEX_INCREMENT,CR3608_ROTARY_BODY_WING_LEX_BETA0_V0.1 - CR3608_ROTARY_BODY_WING_BETA0_V0.1,"F-18 LEX incremental contribution from component buildup",0,75,0.00,2,0.064,0.17,0.261,-0.024,-0.0040,0.0037,BODY_WING_LEX_MINUS_BODY_WING,DERIVED_EXACT_ARITHMETIC_FROM_PAGE_IMAGE_CROSSCHECKED_SOURCE_TABLES
NASA_CR_3608_DERIVED_LEX_INCREMENT,CR3608_ROTARY_BODY_WING_LEX_BETA0_V0.1 - CR3608_ROTARY_BODY_WING_BETA0_V0.1,"F-18 LEX incremental contribution from component buildup",0,75,0.05,,0.054,0.14,0.249,-0.018,0.0039,0.0025,BODY_WING_LEX_MINUS_BODY_WING,DERIVED_EXACT_ARITHMETIC_FROM_PAGE_IMAGE_CROSSCHECKED_SOURCE_TABLES
NASA_CR_3608_DERIVED_LEX_INCREMENT,CR3608_ROTARY_BODY_WING_LEX_BETA0_V0.1 - CR3608_ROTARY_BODY_WING_BETA0_V0.1,"F-18 LEX incremental contribution from component buildup",0,75,0.10,,0.056,0.15,0.227,-0.014,0.0034,0.0015,BODY_WING_LEX_MINUS_BODY_WING,DERIVED_EXACT_ARITHMETIC_FROM_PAGE_IMAGE_CROSSCHECKED_SOURCE_TABLES
NASA_CR_3608_DERIVED_LEX_INCREMENT,CR3608_ROTARY_BODY_WING_LEX_BETA0_V0.1 - CR3608_ROTARY_BODY_WING_BETA0_V0.1,"F-18 LEX incremental contribution from component buildup",0,75,0.20,,0.061,0.17,0.208,-0.005,0.0040,0.0034,BODY_WING_LEX_MINUS_BODY_WING,DERIVED_EXACT_ARITHMETIC_FROM_PAGE_IMAGE_CROSSCHECKED_SOURCE_TABLES
NASA_CR_3608_DERIVED_LEX_INCREMENT,CR3608_ROTARY_BODY_WING_LEX_BETA0_V0.1 - CR3608_ROTARY_BODY_WING_BETA0_V0.1,"F-18 LEX incremental contribution from component buildup",0,75,0.30,,0.052,0.24,0.205,-0.006,0.0028,0.0054,BODY_WING_LEX_MINUS_BODY_WING,DERIVED_EXACT_ARITHMETIC_FROM_PAGE_IMAGE_CROSSCHECKED_SOURCE_TABLES
NASA_CR_3608_DERIVED_LEX_INCREMENT,CR3608_ROTARY_BODY_WING_LEX_BETA0_V0.1 - CR3608_ROTARY_BODY_WING_BETA0_V0.1,"F-18 LEX incremental contribution from component buildup",0,75,0.40,,0.037,0.22,0.211,0.018,0.0007,0.0111,BODY_WING_LEX_MINUS_BODY_WING,DERIVED_EXACT_ARITHMETIC_FROM_PAGE_IMAGE_CROSSCHECKED_SOURCE_TABLES
NASA_CR_3608_DERIVED_LEX_INCREMENT,CR3608_ROTARY_BODY_WING_LEX_BETA0_V0.1 - CR3608_ROTARY_BODY_WING_BETA0_V0.1,"F-18 LEX incremental contribution from component buildup",0,80,-0.40,,0.052,0.09,0.235,-0.023,0.0053,0.0101,BODY_WING_LEX_MINUS_BODY_WING,DERIVED_EXACT_ARITHMETIC_FROM_PAGE_IMAGE_CROSSCHECKED_SOURCE_TABLES
NASA_CR_3608_DERIVED_LEX_INCREMENT,CR3608_ROTARY_BODY_WING_LEX_BETA0_V0.1 - CR3608_ROTARY_BODY_WING_BETA0_V0.1,"F-18 LEX incremental contribution from component buildup",0,80,-0.30,,0.060,0.13,0.235,-0.031,0.0008,0.0139,BODY_WING_LEX_MINUS_BODY_WING,DERIVED_EXACT_ARITHMETIC_FROM_PAGE_IMAGE_CROSSCHECKED_SOURCE_TABLES
NASA_CR_3608_DERIVED_LEX_INCREMENT,CR3608_ROTARY_BODY_WING_LEX_BETA0_V0.1 - CR3608_ROTARY_BODY_WING_BETA0_V0.1,"F-18 LEX incremental contribution from component buildup",0,80,-0.20,,0.065,0.09,0.218,-0.052,-0.0013,0.0079,BODY_WING_LEX_MINUS_BODY_WING,DERIVED_EXACT_ARITHMETIC_FROM_PAGE_IMAGE_CROSSCHECKED_SOURCE_TABLES
NASA_CR_3608_DERIVED_LEX_INCREMENT,CR3608_ROTARY_BODY_WING_LEX_BETA0_V0.1 - CR3608_ROTARY_BODY_WING_BETA0_V0.1,"F-18 LEX incremental contribution from component buildup",0,80,-0.10,,0.067,0.05,0.218,-0.048,0.0000,0.0044,BODY_WING_LEX_MINUS_BODY_WING,DERIVED_EXACT_ARITHMETIC_FROM_PAGE_IMAGE_CROSSCHECKED_SOURCE_TABLES
NASA_CR_3608_DERIVED_LEX_INCREMENT,CR3608_ROTARY_BODY_WING_LEX_BETA0_V0.1 - CR3608_ROTARY_BODY_WING_BETA0_V0.1,"F-18 LEX incremental contribution from component buildup",0,80,-0.05,,0.064,0.07,0.237,-0.055,0.0012,0.0008,BODY_WING_LEX_MINUS_BODY_WING,DERIVED_EXACT_ARITHMETIC_FROM_PAGE_IMAGE_CROSSCHECKED_SOURCE_TABLES
NASA_CR_3608_DERIVED_LEX_INCREMENT,CR3608_ROTARY_BODY_WING_LEX_BETA0_V0.1 - CR3608_ROTARY_BODY_WING_BETA0_V0.1,"F-18 LEX incremental contribution from component buildup",0,80,0.00,1,0.062,0.13,0.245,-0.030,0.0028,0.0000,BODY_WING_LEX_MINUS_BODY_WING,DERIVED_EXACT_ARITHMETIC_FROM_PAGE_IMAGE_CROSSCHECKED_SOURCE_TABLES
NASA_CR_3608_DERIVED_LEX_INCREMENT,CR3608_ROTARY_BODY_WING_LEX_BETA0_V0.1 - CR3608_ROTARY_BODY_WING_BETA0_V0.1,"F-18 LEX incremental contribution from component buildup",0,80,0.00,2,0.053,0.18,0.253,-0.012,-0.0022,0.0025,BODY_WING_LEX_MINUS_BODY_WING,DERIVED_EXACT_ARITHMETIC_FROM_PAGE_IMAGE_CROSSCHECKED_SOURCE_TABLES
NASA_CR_3608_DERIVED_LEX_INCREMENT,CR3608_ROTARY_BODY_WING_LEX_BETA0_V0.1 - CR3608_ROTARY_BODY_WING_BETA0_V0.1,"F-18 LEX incremental contribution from component buildup",0,80,0.05,,0.048,0.21,0.249,0.014,0.0026,0.0015,BODY_WING_LEX_MINUS_BODY_WING,DERIVED_EXACT_ARITHMETIC_FROM_PAGE_IMAGE_CROSSCHECKED_SOURCE_TABLES
NASA_CR_3608_DERIVED_LEX_INCREMENT,CR3608_ROTARY_BODY_WING_LEX_BETA0_V0.1 - CR3608_ROTARY_BODY_WING_BETA0_V0.1,"F-18 LEX incremental contribution from component buildup",0,80,0.10,,0.051,0.20,0.228,0.003,0.0024,-0.0042,BODY_WING_LEX_MINUS_BODY_WING,DERIVED_EXACT_ARITHMETIC_FROM_PAGE_IMAGE_CROSSCHECKED_SOURCE_TABLES
NASA_CR_3608_DERIVED_LEX_INCREMENT,CR3608_ROTARY_BODY_WING_LEX_BETA0_V0.1 - CR3608_ROTARY_BODY_WING_BETA0_V0.1,"F-18 LEX incremental contribution from component buildup",0,80,0.20,,0.050,0.23,0.217,0.006,0.0019,-0.0067,BODY_WING_LEX_MINUS_BODY_WING,DERIVED_EXACT_ARITHMETIC_FROM_PAGE_IMAGE_CROSSCHECKED_SOURCE_TABLES
NASA_CR_3608_DERIVED_LEX_INCREMENT,CR3608_ROTARY_BODY_WING_LEX_BETA0_V0.1 - CR3608_ROTARY_BODY_WING_BETA0_V0.1,"F-18 LEX incremental contribution from component buildup",0,80,0.30,,0.045,0.24,0.249,-0.003,0.0019,-0.0047,BODY_WING_LEX_MINUS_BODY_WING,DERIVED_EXACT_ARITHMETIC_FROM_PAGE_IMAGE_CROSSCHECKED_SOURCE_TABLES
NASA_CR_3608_DERIVED_LEX_INCREMENT,CR3608_ROTARY_BODY_WING_LEX_BETA0_V0.1 - CR3608_ROTARY_BODY_WING_BETA0_V0.1,"F-18 LEX incremental contribution from component buildup",0,80,0.40,,0.040,0.14,0.259,-0.005,0.0010,-0.0023,BODY_WING_LEX_MINUS_BODY_WING,DERIVED_EXACT_ARITHMETIC_FROM_PAGE_IMAGE_CROSSCHECKED_SOURCE_TABLES
NASA_CR_3608_DERIVED_LEX_INCREMENT,CR3608_ROTARY_BODY_WING_LEX_BETA0_V0.1 - CR3608_ROTARY_BODY_WING_BETA0_V0.1,"F-18 LEX incremental contribution from component buildup",0,85,-0.40,,0.052,0.09,0.233,-0.061,0.0008,0.0035,BODY_WING_LEX_MINUS_BODY_WING,DERIVED_EXACT_ARITHMETIC_FROM_PAGE_IMAGE_CROSSCHECKED_SOURCE_TABLES
NASA_CR_3608_DERIVED_LEX_INCREMENT,CR3608_ROTARY_BODY_WING_LEX_BETA0_V0.1 - CR3608_ROTARY_BODY_WING_BETA0_V0.1,"F-18 LEX incremental contribution from component buildup",0,85,-0.30,,0.063,0.12,0.236,-0.058,-0.0030,0.0043,BODY_WING_LEX_MINUS_BODY_WING,DERIVED_EXACT_ARITHMETIC_FROM_PAGE_IMAGE_CROSSCHECKED_SOURCE_TABLES
NASA_CR_3608_DERIVED_LEX_INCREMENT,CR3608_ROTARY_BODY_WING_LEX_BETA0_V0.1 - CR3608_ROTARY_BODY_WING_BETA0_V0.1,"F-18 LEX incremental contribution from component buildup",0,85,-0.20,,0.062,0.10,0.236,-0.073,-0.0023,0.0028,BODY_WING_LEX_MINUS_BODY_WING,DERIVED_EXACT_ARITHMETIC_FROM_PAGE_IMAGE_CROSSCHECKED_SOURCE_TABLES
NASA_CR_3608_DERIVED_LEX_INCREMENT,CR3608_ROTARY_BODY_WING_LEX_BETA0_V0.1 - CR3608_ROTARY_BODY_WING_BETA0_V0.1,"F-18 LEX incremental contribution from component buildup",0,85,-0.10,,0.063,0.10,0.238,-0.055,0.0011,0.0010,BODY_WING_LEX_MINUS_BODY_WING,DERIVED_EXACT_ARITHMETIC_FROM_PAGE_IMAGE_CROSSCHECKED_SOURCE_TABLES
NASA_CR_3608_DERIVED_LEX_INCREMENT,CR3608_ROTARY_BODY_WING_LEX_BETA0_V0.1 - CR3608_ROTARY_BODY_WING_BETA0_V0.1,"F-18 LEX incremental contribution from component buildup",0,85,-0.05,,0.060,0.11,0.254,-0.045,0.0008,0.0004,BODY_WING_LEX_MINUS_BODY_WING,DERIVED_EXACT_ARITHMETIC_FROM_PAGE_IMAGE_CROSSCHECKED_SOURCE_TABLES
NASA_CR_3608_DERIVED_LEX_INCREMENT,CR3608_ROTARY_BODY_WING_LEX_BETA0_V0.1 - CR3608_ROTARY_BODY_WING_BETA0_V0.1,"F-18 LEX incremental contribution from component buildup",0,85,0.00,1,0.055,0.14,0.259,-0.028,-0.0007,0.0006,BODY_WING_LEX_MINUS_BODY_WING,DERIVED_EXACT_ARITHMETIC_FROM_PAGE_IMAGE_CROSSCHECKED_SOURCE_TABLES
NASA_CR_3608_DERIVED_LEX_INCREMENT,CR3608_ROTARY_BODY_WING_LEX_BETA0_V0.1 - CR3608_ROTARY_BODY_WING_BETA0_V0.1,"F-18 LEX incremental contribution from component buildup",0,85,0.00,2,0.051,0.13,0.269,-0.033,0.0022,0.0015,BODY_WING_LEX_MINUS_BODY_WING,DERIVED_EXACT_ARITHMETIC_FROM_PAGE_IMAGE_CROSSCHECKED_SOURCE_TABLES
NASA_CR_3608_DERIVED_LEX_INCREMENT,CR3608_ROTARY_BODY_WING_LEX_BETA0_V0.1 - CR3608_ROTARY_BODY_WING_BETA0_V0.1,"F-18 LEX incremental contribution from component buildup",0,85,0.05,,0.051,0.22,0.267,0.002,0.0031,0.0008,BODY_WING_LEX_MINUS_BODY_WING,DERIVED_EXACT_ARITHMETIC_FROM_PAGE_IMAGE_CROSSCHECKED_SOURCE_TABLES
NASA_CR_3608_DERIVED_LEX_INCREMENT,CR3608_ROTARY_BODY_WING_LEX_BETA0_V0.1 - CR3608_ROTARY_BODY_WING_BETA0_V0.1,"F-18 LEX incremental contribution from component buildup",0,85,0.10,,0.055,0.19,0.252,-0.005,0.0062,-0.0025,BODY_WING_LEX_MINUS_BODY_WING,DERIVED_EXACT_ARITHMETIC_FROM_PAGE_IMAGE_CROSSCHECKED_SOURCE_TABLES
NASA_CR_3608_DERIVED_LEX_INCREMENT,CR3608_ROTARY_BODY_WING_LEX_BETA0_V0.1 - CR3608_ROTARY_BODY_WING_BETA0_V0.1,"F-18 LEX incremental contribution from component buildup",0,85,0.20,,0.048,0.23,0.246,0.022,0.0045,0.0025,BODY_WING_LEX_MINUS_BODY_WING,DERIVED_EXACT_ARITHMETIC_FROM_PAGE_IMAGE_CROSSCHECKED_SOURCE_TABLES
NASA_CR_3608_DERIVED_LEX_INCREMENT,CR3608_ROTARY_BODY_WING_LEX_BETA0_V0.1 - CR3608_ROTARY_BODY_WING_BETA0_V0.1,"F-18 LEX incremental contribution from component buildup",0,85,0.30,,0.040,0.24,0.258,0.022,0.0032,0.0021,BODY_WING_LEX_MINUS_BODY_WING,DERIVED_EXACT_ARITHMETIC_FROM_PAGE_IMAGE_CROSSCHECKED_SOURCE_TABLES
NASA_CR_3608_DERIVED_LEX_INCREMENT,CR3608_ROTARY_BODY_WING_LEX_BETA0_V0.1 - CR3608_ROTARY_BODY_WING_BETA0_V0.1,"F-18 LEX incremental contribution from component buildup",0,85,0.40,,0.029,0.21,0.250,0.044,-0.0028,0.0057,BODY_WING_LEX_MINUS_BODY_WING,DERIVED_EXACT_ARITHMETIC_FROM_PAGE_IMAGE_CROSSCHECKED_SOURCE_TABLES
NASA_CR_3608_DERIVED_LEX_INCREMENT,CR3608_ROTARY_BODY_WING_LEX_BETA0_V0.1 - CR3608_ROTARY_BODY_WING_BETA0_V0.1,"F-18 LEX incremental contribution from component buildup",0,90,-0.40,,0.042,0.24,0.235,-0.049,0.0016,-0.0055,BODY_WING_LEX_MINUS_BODY_WING,DERIVED_EXACT_ARITHMETIC_FROM_PAGE_IMAGE_CROSSCHECKED_SOURCE_TABLES
NASA_CR_3608_DERIVED_LEX_INCREMENT,CR3608_ROTARY_BODY_WING_LEX_BETA0_V0.1 - CR3608_ROTARY_BODY_WING_BETA0_V0.1,"F-18 LEX incremental contribution from component buildup",0,90,-0.30,,0.046,0.26,0.242,-0.055,-0.0058,-0.0045,BODY_WING_LEX_MINUS_BODY_WING,DERIVED_EXACT_ARITHMETIC_FROM_PAGE_IMAGE_CROSSCHECKED_SOURCE_TABLES
NASA_CR_3608_DERIVED_LEX_INCREMENT,CR3608_ROTARY_BODY_WING_LEX_BETA0_V0.1 - CR3608_ROTARY_BODY_WING_BETA0_V0.1,"F-18 LEX incremental contribution from component buildup",0,90,-0.20,,0.047,0.28,0.227,-0.051,-0.0037,-0.0052,BODY_WING_LEX_MINUS_BODY_WING,DERIVED_EXACT_ARITHMETIC_FROM_PAGE_IMAGE_CROSSCHECKED_SOURCE_TABLES
NASA_CR_3608_DERIVED_LEX_INCREMENT,CR3608_ROTARY_BODY_WING_LEX_BETA0_V0.1 - CR3608_ROTARY_BODY_WING_BETA0_V0.1,"F-18 LEX incremental contribution from component buildup",0,90,-0.10,,0.041,0.27,0.242,-0.030,0.0003,-0.0047,BODY_WING_LEX_MINUS_BODY_WING,DERIVED_EXACT_ARITHMETIC_FROM_PAGE_IMAGE_CROSSCHECKED_SOURCE_TABLES
NASA_CR_3608_DERIVED_LEX_INCREMENT,CR3608_ROTARY_BODY_WING_LEX_BETA0_V0.1 - CR3608_ROTARY_BODY_WING_BETA0_V0.1,"F-18 LEX incremental contribution from component buildup",0,90,-0.05,,0.037,0.28,0.252,-0.020,0.0000,-0.0065,BODY_WING_LEX_MINUS_BODY_WING,DERIVED_EXACT_ARITHMETIC_FROM_PAGE_IMAGE_CROSSCHECKED_SOURCE_TABLES
NASA_CR_3608_DERIVED_LEX_INCREMENT,CR3608_ROTARY_BODY_WING_LEX_BETA0_V0.1 - CR3608_ROTARY_BODY_WING_BETA0_V0.1,"F-18 LEX incremental contribution from component buildup",0,90,0.00,1,0.040,0.24,0.252,-0.002,0.0014,-0.0014,BODY_WING_LEX_MINUS_BODY_WING,DERIVED_EXACT_ARITHMETIC_FROM_PAGE_IMAGE_CROSSCHECKED_SOURCE_TABLES
NASA_CR_3608_DERIVED_LEX_INCREMENT,CR3608_ROTARY_BODY_WING_LEX_BETA0_V0.1 - CR3608_ROTARY_BODY_WING_BETA0_V0.1,"F-18 LEX incremental contribution from component buildup",0,90,0.00,2,0.040,0.27,0.249,0.002,0.0022,-0.0076,BODY_WING_LEX_MINUS_BODY_WING,DERIVED_EXACT_ARITHMETIC_FROM_PAGE_IMAGE_CROSSCHECKED_SOURCE_TABLES
NASA_CR_3608_DERIVED_LEX_INCREMENT,CR3608_ROTARY_BODY_WING_LEX_BETA0_V0.1 - CR3608_ROTARY_BODY_WING_BETA0_V0.1,"F-18 LEX incremental contribution from component buildup",0,90,0.05,,0.049,0.27,0.250,0.024,0.0052,0.0033,BODY_WING_LEX_MINUS_BODY_WING,DERIVED_EXACT_ARITHMETIC_FROM_PAGE_IMAGE_CROSSCHECKED_SOURCE_TABLES
NASA_CR_3608_DERIVED_LEX_INCREMENT,CR3608_ROTARY_BODY_WING_LEX_BETA0_V0.1 - CR3608_ROTARY_BODY_WING_BETA0_V0.1,"F-18 LEX incremental contribution from component buildup",0,90,0.10,,0.043,0.32,0.254,0.052,0.0047,0.0065,BODY_WING_LEX_MINUS_BODY_WING,DERIVED_EXACT_ARITHMETIC_FROM_PAGE_IMAGE_CROSSCHECKED_SOURCE_TABLES
NASA_CR_3608_DERIVED_LEX_INCREMENT,CR3608_ROTARY_BODY_WING_LEX_BETA0_V0.1 - CR3608_ROTARY_BODY_WING_BETA0_V0.1,"F-18 LEX incremental contribution from component buildup",0,90,0.20,,0.037,0.36,0.242,0.068,0.0067,0.0086,BODY_WING_LEX_MINUS_BODY_WING,DERIVED_EXACT_ARITHMETIC_FROM_PAGE_IMAGE_CROSSCHECKED_SOURCE_TABLES
NASA_CR_3608_DERIVED_LEX_INCREMENT,CR3608_ROTARY_BODY_WING_LEX_BETA0_V0.1 - CR3608_ROTARY_BODY_WING_BETA0_V0.1,"F-18 LEX incremental contribution from component buildup",0,90,0.30,,0.029,0.42,0.253,0.077,0.0071,0.0135,BODY_WING_LEX_MINUS_BODY_WING,DERIVED_EXACT_ARITHMETIC_FROM_PAGE_IMAGE_CROSSCHECKED_SOURCE_TABLES
NASA_CR_3608_DERIVED_LEX_INCREMENT,CR3608_ROTARY_BODY_WING_LEX_BETA0_V0.1 - CR3608_ROTARY_BODY_WING_BETA0_V0.1,"F-18 LEX incremental contribution from component buildup",0,90,0.40,,0.017,0.40,0.239,0.128,0.0043,0.0168,BODY_WING_LEX_MINUS_BODY_WING,DERIVED_EXACT_ARITHMETIC_FROM_PAGE_IMAGE_CROSSCHECKED_SOURCE_TABLES
