source_id,derived_from,configuration,beta_deg,alpha_deg,omega_b_over_2V,zero_replicate,dCA_wing,dCN_wing,dCm_wing,dCY_wing,dCl_wing,dCn_wing,derivation,qa_status
NASA_CR_3608_DERIVED_WING_INCREMENT,CR3608_ROTARY_BODY_WING_BETA0_V0.1 - CR3608_ROTARY_BODY_BETA0_V0.1,"F-18 Wing incremental contribution from component buildup",0,0,-0.40,,0.003,0.08,-0.004,-0.026,0.1362,0.0083,BODY_WING_MINUS_BODY,DERIVED_EXACT_ARITHMETIC_FROM_PAGE_IMAGE_CROSSCHECKED_SOURCE_TABLES
NASA_CR_3608_DERIVED_WING_INCREMENT,CR3608_ROTARY_BODY_WING_BETA0_V0.1 - CR3608_ROTARY_BODY_BETA0_V0.1,"F-18 Wing incremental contribution from component buildup",0,0,-0.30,,0.001,0.07,-0.001,-0.028,0.1064,0.0067,BODY_WING_MINUS_BODY,DERIVED_EXACT_ARITHMETIC_FROM_PAGE_IMAGE_CROSSCHECKED_SOURCE_TABLES
NASA_CR_3608_DERIVED_WING_INCREMENT,CR3608_ROTARY_BODY_WING_BETA0_V0.1 - CR3608_ROTARY_BODY_BETA0_V0.1,"F-18 Wing incremental contribution from component buildup",0,0,-0.20,,0.001,0.05,0.002,-0.025,0.0674,0.0044,BODY_WING_MINUS_BODY,DERIVED_EXACT_ARITHMETIC_FROM_PAGE_IMAGE_CROSSCHECKED_SOURCE_TABLES
NASA_CR_3608_DERIVED_WING_INCREMENT,CR3608_ROTARY_BODY_WING_BETA0_V0.1 - CR3608_ROTARY_BODY_BETA0_V0.1,"F-18 Wing incremental contribution from component buildup",0,0,-0.10,,0.004,0.05,-0.002,-0.020,0.0298,0.0017,BODY_WING_MINUS_BODY,DERIVED_EXACT_ARITHMETIC_FROM_PAGE_IMAGE_CROSSCHECKED_SOURCE_TABLES
NASA_CR_3608_DERIVED_WING_INCREMENT,CR3608_ROTARY_BODY_WING_BETA0_V0.1 - CR3608_ROTARY_BODY_BETA0_V0.1,"F-18 Wing incremental contribution from component buildup",0,0,-0.05,,0.004,0.05,-0.003,-0.019,0.0126,0.0007,BODY_WING_MINUS_BODY,DERIVED_EXACT_ARITHMETIC_FROM_PAGE_IMAGE_CROSSCHECKED_SOURCE_TABLES
NASA_CR_3608_DERIVED_WING_INCREMENT,CR3608_ROTARY_BODY_WING_BETA0_V0.1 - CR3608_ROTARY_BODY_BETA0_V0.1,"F-18 Wing incremental contribution from component buildup",0,0,0.00,1,0.011,-0.04,0.001,-0.021,-0.0836,0.0008,BODY_WING_MINUS_BODY,DERIVED_EXACT_ARITHMETIC_FROM_PAGE_IMAGE_CROSSCHECKED_SOURCE_TABLES
NASA_CR_3608_DERIVED_WING_INCREMENT,CR3608_ROTARY_BODY_WING_BETA0_V0.1 - CR3608_ROTARY_BODY_BETA0_V0.1,"F-18 Wing incremental contribution from component buildup",0,0,0.00,2,0.011,-0.01,-0.001,-0.016,-0.0036,0.0007,BODY_WING_MINUS_BODY,DERIVED_EXACT_ARITHMETIC_FROM_PAGE_IMAGE_CROSSCHECKED_SOURCE_TABLES
NASA_CR_3608_DERIVED_WING_INCREMENT,CR3608_ROTARY_BODY_WING_BETA0_V0.1 - CR3608_ROTARY_BODY_BETA0_V0.1,"F-18 Wing incremental contribution from component buildup",0,0,0.05,,0.000,0.13,-0.005,-0.002,-0.0195,-0.0003,BODY_WING_MINUS_BODY,DERIVED_EXACT_ARITHMETIC_FROM_PAGE_IMAGE_CROSSCHECKED_SOURCE_TABLES
NASA_CR_3608_DERIVED_WING_INCREMENT,CR3608_ROTARY_BODY_WING_BETA0_V0.1 - CR3608_ROTARY_BODY_BETA0_V0.1,"F-18 Wing incremental contribution from component buildup",0,0,0.10,,-0.002,0.13,-0.006,0.005,-0.0369,-0.0010,BODY_WING_MINUS_BODY,DERIVED_EXACT_ARITHMETIC_FROM_PAGE_IMAGE_CROSSCHECKED_SOURCE_TABLES
NASA_CR_3608_DERIVED_WING_INCREMENT,CR3608_ROTARY_BODY_WING_BETA0_V0.1 - CR3608_ROTARY_BODY_BETA0_V0.1,"F-18 Wing incremental contribution from component buildup",0,0,0.20,,-0.001,0.09,-0.002,0.003,-0.0748,-0.0019,BODY_WING_MINUS_BODY,DERIVED_EXACT_ARITHMETIC_FROM_PAGE_IMAGE_CROSSCHECKED_SOURCE_TABLES
NASA_CR_3608_DERIVED_WING_INCREMENT,CR3608_ROTARY_BODY_WING_BETA0_V0.1 - CR3608_ROTARY_BODY_BETA0_V0.1,"F-18 Wing incremental contribution from component buildup",0,0,0.30,,-0.001,0.07,-0.002,0.001,-0.1124,-0.0014,BODY_WING_MINUS_BODY,DERIVED_EXACT_ARITHMETIC_FROM_PAGE_IMAGE_CROSSCHECKED_SOURCE_TABLES
NASA_CR_3608_DERIVED_WING_INCREMENT,CR3608_ROTARY_BODY_WING_BETA0_V0.1 - CR3608_ROTARY_BODY_BETA0_V0.1,"F-18 Wing incremental contribution from component buildup",0,0,0.40,,0.002,0.09,-0.003,0.010,-0.1403,-0.0002,BODY_WING_MINUS_BODY,DERIVED_EXACT_ARITHMETIC_FROM_PAGE_IMAGE_CROSSCHECKED_SOURCE_TABLES
NASA_CR_3608_DERIVED_WING_INCREMENT,CR3608_ROTARY_BODY_WING_BETA0_V0.1 - CR3608_ROTARY_BODY_BETA0_V0.1,"F-18 Wing incremental contribution from component buildup",0,5,-0.40,,0.004,0.30,-0.037,-0.032,0.1201,0.0058,BODY_WING_MINUS_BODY,DERIVED_EXACT_ARITHMETIC_FROM_PAGE_IMAGE_CROSSCHECKED_SOURCE_TABLES
NASA_CR_3608_DERIVED_WING_INCREMENT,CR3608_ROTARY_BODY_WING_BETA0_V0.1 - CR3608_ROTARY_BODY_BETA0_V0.1,"F-18 Wing incremental contribution from component buildup",0,5,-0.30,,0.001,0.33,-0.040,-0.027,0.0906,0.0041,BODY_WING_MINUS_BODY,DERIVED_EXACT_ARITHMETIC_FROM_PAGE_IMAGE_CROSSCHECKED_SOURCE_TABLES
NASA_CR_3608_DERIVED_WING_INCREMENT,CR3608_ROTARY_BODY_WING_BETA0_V0.1 - CR3608_ROTARY_BODY_BETA0_V0.1,"F-18 Wing incremental contribution from component buildup",0,5,-0.20,,-0.002,0.35,-0.041,-0.025,0.0648,0.0035,BODY_WING_MINUS_BODY,DERIVED_EXACT_ARITHMETIC_FROM_PAGE_IMAGE_CROSSCHECKED_SOURCE_TABLES
NASA_CR_3608_DERIVED_WING_INCREMENT,CR3608_ROTARY_BODY_WING_BETA0_V0.1 - CR3608_ROTARY_BODY_BETA0_V0.1,"F-18 Wing incremental contribution from component buildup",0,5,-0.10,,-0.006,0.34,-0.031,-0.022,0.0312,0.0028,BODY_WING_MINUS_BODY,DERIVED_EXACT_ARITHMETIC_FROM_PAGE_IMAGE_CROSSCHECKED_SOURCE_TABLES
NASA_CR_3608_DERIVED_WING_INCREMENT,CR3608_ROTARY_BODY_WING_BETA0_V0.1 - CR3608_ROTARY_BODY_BETA0_V0.1,"F-18 Wing incremental contribution from component buildup",0,5,-0.05,,-0.008,0.34,-0.029,-0.019,0.0138,0.0015,BODY_WING_MINUS_BODY,DERIVED_EXACT_ARITHMETIC_FROM_PAGE_IMAGE_CROSSCHECKED_SOURCE_TABLES
NASA_CR_3608_DERIVED_WING_INCREMENT,CR3608_ROTARY_BODY_WING_BETA0_V0.1 - CR3608_ROTARY_BODY_BETA0_V0.1,"F-18 Wing incremental contribution from component buildup",0,5,0.00,1,-0.008,0.35,-0.029,-0.011,-0.0028,-0.0001,BODY_WING_MINUS_BODY,DERIVED_EXACT_ARITHMETIC_FROM_PAGE_IMAGE_CROSSCHECKED_SOURCE_TABLES
NASA_CR_3608_DERIVED_WING_INCREMENT,CR3608_ROTARY_BODY_WING_BETA0_V0.1 - CR3608_ROTARY_BODY_BETA0_V0.1,"F-18 Wing incremental contribution from component buildup",0,5,0.00,2,-0.008,0.35,-0.029,-0.010,-0.0025,0.0002,BODY_WING_MINUS_BODY,DERIVED_EXACT_ARITHMETIC_FROM_PAGE_IMAGE_CROSSCHECKED_SOURCE_TABLES
NASA_CR_3608_DERIVED_WING_INCREMENT,CR3608_ROTARY_BODY_WING_BETA0_V0.1 - CR3608_ROTARY_BODY_BETA0_V0.1,"F-18 Wing incremental contribution from component buildup",0,5,0.05,,-0.007,0.36,-0.032,-0.010,-0.0195,-0.0012,BODY_WING_MINUS_BODY,DERIVED_EXACT_ARITHMETIC_FROM_PAGE_IMAGE_CROSSCHECKED_SOURCE_TABLES
NASA_CR_3608_DERIVED_WING_INCREMENT,CR3608_ROTARY_BODY_WING_BETA0_V0.1 - CR3608_ROTARY_BODY_BETA0_V0.1,"F-18 Wing incremental contribution from component buildup",0,5,0.10,,-0.006,0.36,-0.033,-0.006,-0.0369,-0.0016,BODY_WING_MINUS_BODY,DERIVED_EXACT_ARITHMETIC_FROM_PAGE_IMAGE_CROSSCHECKED_SOURCE_TABLES
NASA_CR_3608_DERIVED_WING_INCREMENT,CR3608_ROTARY_BODY_WING_BETA0_V0.1 - CR3608_ROTARY_BODY_BETA0_V0.1,"F-18 Wing incremental contribution from component buildup",0,5,0.20,,-0.004,0.35,-0.043,-0.006,-0.0699,-0.0014,BODY_WING_MINUS_BODY,DERIVED_EXACT_ARITHMETIC_FROM_PAGE_IMAGE_CROSSCHECKED_SOURCE_TABLES
NASA_CR_3608_DERIVED_WING_INCREMENT,CR3608_ROTARY_BODY_WING_BETA0_V0.1 - CR3608_ROTARY_BODY_BETA0_V0.1,"F-18 Wing incremental contribution from component buildup",0,5,0.30,,0.000,0.33,-0.042,-0.010,-0.0991,-0.0006,BODY_WING_MINUS_BODY,DERIVED_EXACT_ARITHMETIC_FROM_PAGE_IMAGE_CROSSCHECKED_SOURCE_TABLES
NASA_CR_3608_DERIVED_WING_INCREMENT,CR3608_ROTARY_BODY_WING_BETA0_V0.1 - CR3608_ROTARY_BODY_BETA0_V0.1,"F-18 Wing incremental contribution from component buildup",0,5,0.40,,0.004,0.29,-0.042,-0.007,-0.1274,0.0006,BODY_WING_MINUS_BODY,DERIVED_EXACT_ARITHMETIC_FROM_PAGE_IMAGE_CROSSCHECKED_SOURCE_TABLES
NASA_CR_3608_DERIVED_WING_INCREMENT,CR3608_ROTARY_BODY_WING_BETA0_V0.1 - CR3608_ROTARY_BODY_BETA0_V0.1,"F-18 Wing incremental contribution from component buildup",0,10,-0.40,,-0.003,0.61,-0.070,-0.007,0.0871,0.0088,BODY_WING_MINUS_BODY,DERIVED_EXACT_ARITHMETIC_FROM_PAGE_IMAGE_CROSSCHECKED_SOURCE_TABLES
NASA_CR_3608_DERIVED_WING_INCREMENT,CR3608_ROTARY_BODY_WING_BETA0_V0.1 - CR3608_ROTARY_BODY_BETA0_V0.1,"F-18 Wing incremental contribution from component buildup",0,10,-0.30,,-0.006,0.60,-0.065,-0.005,0.0591,0.0057,BODY_WING_MINUS_BODY,DERIVED_EXACT_ARITHMETIC_FROM_PAGE_IMAGE_CROSSCHECKED_SOURCE_TABLES
NASA_CR_3608_DERIVED_WING_INCREMENT,CR3608_ROTARY_BODY_WING_BETA0_V0.1 - CR3608_ROTARY_BODY_BETA0_V0.1,"F-18 Wing incremental contribution from component buildup",0,10,-0.20,,-0.011,0.61,-0.062,-0.005,0.0367,0.0029,BODY_WING_MINUS_BODY,DERIVED_EXACT_ARITHMETIC_FROM_PAGE_IMAGE_CROSSCHECKED_SOURCE_TABLES
NASA_CR_3608_DERIVED_WING_INCREMENT,CR3608_ROTARY_BODY_WING_BETA0_V0.1 - CR3608_ROTARY_BODY_BETA0_V0.1,"F-18 Wing incremental contribution from component buildup",0,10,-0.10,,-0.014,0.65,-0.071,-0.004,0.0180,0.0013,BODY_WING_MINUS_BODY,DERIVED_EXACT_ARITHMETIC_FROM_PAGE_IMAGE_CROSSCHECKED_SOURCE_TABLES
NASA_CR_3608_DERIVED_WING_INCREMENT,CR3608_ROTARY_BODY_WING_BETA0_V0.1 - CR3608_ROTARY_BODY_BETA0_V0.1,"F-18 Wing incremental contribution from component buildup",0,10,-0.05,,-0.013,0.65,-0.075,-0.004,0.0086,0.0011,BODY_WING_MINUS_BODY,DERIVED_EXACT_ARITHMETIC_FROM_PAGE_IMAGE_CROSSCHECKED_SOURCE_TABLES
NASA_CR_3608_DERIVED_WING_INCREMENT,CR3608_ROTARY_BODY_WING_BETA0_V0.1 - CR3608_ROTARY_BODY_BETA0_V0.1,"F-18 Wing incremental contribution from component buildup",0,10,0.00,1,-0.013,0.63,-0.077,-0.010,0.0004,0.0005,BODY_WING_MINUS_BODY,DERIVED_EXACT_ARITHMETIC_FROM_PAGE_IMAGE_CROSSCHECKED_SOURCE_TABLES
NASA_CR_3608_DERIVED_WING_INCREMENT,CR3608_ROTARY_BODY_WING_BETA0_V0.1 - CR3608_ROTARY_BODY_BETA0_V0.1,"F-18 Wing incremental contribution from component buildup",0,10,0.00,2,-0.015,0.63,-0.077,-0.007,-0.0007,0.0003,BODY_WING_MINUS_BODY,DERIVED_EXACT_ARITHMETIC_FROM_PAGE_IMAGE_CROSSCHECKED_SOURCE_TABLES
NASA_CR_3608_DERIVED_WING_INCREMENT,CR3608_ROTARY_BODY_WING_BETA0_V0.1 - CR3608_ROTARY_BODY_BETA0_V0.1,"F-18 Wing incremental contribution from component buildup",0,10,0.05,,-0.012,0.57,-0.075,-0.016,-0.0099,-0.0009,BODY_WING_MINUS_BODY,DERIVED_EXACT_ARITHMETIC_FROM_PAGE_IMAGE_CROSSCHECKED_SOURCE_TABLES
NASA_CR_3608_DERIVED_WING_INCREMENT,CR3608_ROTARY_BODY_WING_BETA0_V0.1 - CR3608_ROTARY_BODY_BETA0_V0.1,"F-18 Wing incremental contribution from component buildup",0,10,0.10,,-0.011,0.55,-0.066,-0.017,-0.0199,0.0002,BODY_WING_MINUS_BODY,DERIVED_EXACT_ARITHMETIC_FROM_PAGE_IMAGE_CROSSCHECKED_SOURCE_TABLES
NASA_CR_3608_DERIVED_WING_INCREMENT,CR3608_ROTARY_BODY_WING_BETA0_V0.1 - CR3608_ROTARY_BODY_BETA0_V0.1,"F-18 Wing incremental contribution from component buildup",0,10,0.20,,-0.006,0.52,-0.064,-0.013,-0.0403,-0.0002,BODY_WING_MINUS_BODY,DERIVED_EXACT_ARITHMETIC_FROM_PAGE_IMAGE_CROSSCHECKED_SOURCE_TABLES
NASA_CR_3608_DERIVED_WING_INCREMENT,CR3608_ROTARY_BODY_WING_BETA0_V0.1 - CR3608_ROTARY_BODY_BETA0_V0.1,"F-18 Wing incremental contribution from component buildup",0,10,0.30,,-0.001,0.54,-0.068,-0.001,-0.0638,-0.0011,BODY_WING_MINUS_BODY,DERIVED_EXACT_ARITHMETIC_FROM_PAGE_IMAGE_CROSSCHECKED_SOURCE_TABLES
NASA_CR_3608_DERIVED_WING_INCREMENT,CR3608_ROTARY_BODY_WING_BETA0_V0.1 - CR3608_ROTARY_BODY_BETA0_V0.1,"F-18 Wing incremental contribution from component buildup",0,10,0.40,,0.007,0.56,-0.078,0.006,-0.0935,-0.0015,BODY_WING_MINUS_BODY,DERIVED_EXACT_ARITHMETIC_FROM_PAGE_IMAGE_CROSSCHECKED_SOURCE_TABLES
NASA_CR_3608_DERIVED_WING_INCREMENT,CR3608_ROTARY_BODY_WING_BETA0_V0.1 - CR3608_ROTARY_BODY_BETA0_V0.1,"F-18 Wing incremental contribution from component buildup",0,15,-0.40,,-0.007,0.78,-0.110,0.000,0.0586,0.0145,BODY_WING_MINUS_BODY,DERIVED_EXACT_ARITHMETIC_FROM_PAGE_IMAGE_CROSSCHECKED_SOURCE_TABLES
NASA_CR_3608_DERIVED_WING_INCREMENT,CR3608_ROTARY_BODY_WING_BETA0_V0.1 - CR3608_ROTARY_BODY_BETA0_V0.1,"F-18 Wing incremental contribution from component buildup",0,15,-0.30,,-0.008,0.77,-0.107,0.002,0.0328,0.0114,BODY_WING_MINUS_BODY,DERIVED_EXACT_ARITHMETIC_FROM_PAGE_IMAGE_CROSSCHECKED_SOURCE_TABLES
NASA_CR_3608_DERIVED_WING_INCREMENT,CR3608_ROTARY_BODY_WING_BETA0_V0.1 - CR3608_ROTARY_BODY_BETA0_V0.1,"F-18 Wing incremental contribution from component buildup",0,15,-0.20,,-0.007,0.79,-0.113,0.004,0.0148,0.0079,BODY_WING_MINUS_BODY,DERIVED_EXACT_ARITHMETIC_FROM_PAGE_IMAGE_CROSSCHECKED_SOURCE_TABLES
NASA_CR_3608_DERIVED_WING_INCREMENT,CR3608_ROTARY_BODY_WING_BETA0_V0.1 - CR3608_ROTARY_BODY_BETA0_V0.1,"F-18 Wing incremental contribution from component buildup",0,15,-0.10,,-0.003,0.80,-0.108,0.003,0.0060,0.0041,BODY_WING_MINUS_BODY,DERIVED_EXACT_ARITHMETIC_FROM_PAGE_IMAGE_CROSSCHECKED_SOURCE_TABLES
NASA_CR_3608_DERIVED_WING_INCREMENT,CR3608_ROTARY_BODY_WING_BETA0_V0.1 - CR3608_ROTARY_BODY_BETA0_V0.1,"F-18 Wing incremental contribution from component buildup",0,15,-0.05,,-0.012,0.83,-0.109,0.007,0.0028,0.0022,BODY_WING_MINUS_BODY,DERIVED_EXACT_ARITHMETIC_FROM_PAGE_IMAGE_CROSSCHECKED_SOURCE_TABLES
NASA_CR_3608_DERIVED_WING_INCREMENT,CR3608_ROTARY_BODY_WING_BETA0_V0.1 - CR3608_ROTARY_BODY_BETA0_V0.1,"F-18 Wing incremental contribution from component buildup",0,15,0.00,1,-0.010,0.81,-0.108,0.003,0.0027,0.0005,BODY_WING_MINUS_BODY,DERIVED_EXACT_ARITHMETIC_FROM_PAGE_IMAGE_CROSSCHECKED_SOURCE_TABLES
NASA_CR_3608_DERIVED_WING_INCREMENT,CR3608_ROTARY_BODY_WING_BETA0_V0.1 - CR3608_ROTARY_BODY_BETA0_V0.1,"F-18 Wing incremental contribution from component buildup",0,15,0.00,2,-0.010,0.79,-0.107,0.005,0.0032,0.0000,BODY_WING_MINUS_BODY,DERIVED_EXACT_ARITHMETIC_FROM_PAGE_IMAGE_CROSSCHECKED_SOURCE_TABLES
NASA_CR_3608_DERIVED_WING_INCREMENT,CR3608_ROTARY_BODY_WING_BETA0_V0.1 - CR3608_ROTARY_BODY_BETA0_V0.1,"F-18 Wing incremental contribution from component buildup",0,15,0.05,,-0.004,0.76,-0.114,-0.008,0.0004,-0.0021,BODY_WING_MINUS_BODY,DERIVED_EXACT_ARITHMETIC_FROM_PAGE_IMAGE_CROSSCHECKED_SOURCE_TABLES
NASA_CR_3608_DERIVED_WING_INCREMENT,CR3608_ROTARY_BODY_WING_BETA0_V0.1 - CR3608_ROTARY_BODY_BETA0_V0.1,"F-18 Wing incremental contribution from component buildup",0,15,0.10,,0.003,0.75,-0.113,0.003,-0.0030,-0.0036,BODY_WING_MINUS_BODY,DERIVED_EXACT_ARITHMETIC_FROM_PAGE_IMAGE_CROSSCHECKED_SOURCE_TABLES
NASA_CR_3608_DERIVED_WING_INCREMENT,CR3608_ROTARY_BODY_WING_BETA0_V0.1 - CR3608_ROTARY_BODY_BETA0_V0.1,"F-18 Wing incremental contribution from component buildup",0,15,0.20,,-0.007,0.76,-0.111,0.004,-0.0154,-0.0056,BODY_WING_MINUS_BODY,DERIVED_EXACT_ARITHMETIC_FROM_PAGE_IMAGE_CROSSCHECKED_SOURCE_TABLES
NASA_CR_3608_DERIVED_WING_INCREMENT,CR3608_ROTARY_BODY_WING_BETA0_V0.1 - CR3608_ROTARY_BODY_BETA0_V0.1,"F-18 Wing incremental contribution from component buildup",0,15,0.30,,-0.008,0.75,-0.108,0.012,-0.0371,-0.0066,BODY_WING_MINUS_BODY,DERIVED_EXACT_ARITHMETIC_FROM_PAGE_IMAGE_CROSSCHECKED_SOURCE_TABLES
NASA_CR_3608_DERIVED_WING_INCREMENT,CR3608_ROTARY_BODY_WING_BETA0_V0.1 - CR3608_ROTARY_BODY_BETA0_V0.1,"F-18 Wing incremental contribution from component buildup",0,15,0.40,,-0.004,0.77,-0.118,0.016,-0.0634,-0.0068,BODY_WING_MINUS_BODY,DERIVED_EXACT_ARITHMETIC_FROM_PAGE_IMAGE_CROSSCHECKED_SOURCE_TABLES
NASA_CR_3608_DERIVED_WING_INCREMENT,CR3608_ROTARY_BODY_WING_BETA0_V0.1 - CR3608_ROTARY_BODY_BETA0_V0.1,"F-18 Wing incremental contribution from component buildup",0,20,-0.40,,-0.012,0.93,-0.186,0.000,0.0347,0.0201,BODY_WING_MINUS_BODY,DERIVED_EXACT_ARITHMETIC_FROM_PAGE_IMAGE_CROSSCHECKED_SOURCE_TABLES
NASA_CR_3608_DERIVED_WING_INCREMENT,CR3608_ROTARY_BODY_WING_BETA0_V0.1 - CR3608_ROTARY_BODY_BETA0_V0.1,"F-18 Wing incremental contribution from component buildup",0,20,-0.30,,-0.019,0.91,-0.172,0.006,0.0152,0.0167,BODY_WING_MINUS_BODY,DERIVED_EXACT_ARITHMETIC_FROM_PAGE_IMAGE_CROSSCHECKED_SOURCE_TABLES
NASA_CR_3608_DERIVED_WING_INCREMENT,CR3608_ROTARY_BODY_WING_BETA0_V0.1 - CR3608_ROTARY_BODY_BETA0_V0.1,"F-18 Wing incremental contribution from component buildup",0,20,-0.20,,-0.023,0.89,-0.164,-0.007,0.0066,0.0129,BODY_WING_MINUS_BODY,DERIVED_EXACT_ARITHMETIC_FROM_PAGE_IMAGE_CROSSCHECKED_SOURCE_TABLES
NASA_CR_3608_DERIVED_WING_INCREMENT,CR3608_ROTARY_BODY_WING_BETA0_V0.1 - CR3608_ROTARY_BODY_BETA0_V0.1,"F-18 Wing incremental contribution from component buildup",0,20,-0.10,,-0.024,0.86,-0.148,-0.010,0.0067,0.0043,BODY_WING_MINUS_BODY,DERIVED_EXACT_ARITHMETIC_FROM_PAGE_IMAGE_CROSSCHECKED_SOURCE_TABLES
NASA_CR_3608_DERIVED_WING_INCREMENT,CR3608_ROTARY_BODY_WING_BETA0_V0.1 - CR3608_ROTARY_BODY_BETA0_V0.1,"F-18 Wing incremental contribution from component buildup",0,20,-0.05,,-0.026,0.85,-0.135,-0.015,0.0099,0.0013,BODY_WING_MINUS_BODY,DERIVED_EXACT_ARITHMETIC_FROM_PAGE_IMAGE_CROSSCHECKED_SOURCE_TABLES
NASA_CR_3608_DERIVED_WING_INCREMENT,CR3608_ROTARY_BODY_WING_BETA0_V0.1 - CR3608_ROTARY_BODY_BETA0_V0.1,"F-18 Wing incremental contribution from component buildup",0,20,0.00,1,-0.033,0.89,-0.123,0.000,0.0024,-0.0001,BODY_WING_MINUS_BODY,DERIVED_EXACT_ARITHMETIC_FROM_PAGE_IMAGE_CROSSCHECKED_SOURCE_TABLES
NASA_CR_3608_DERIVED_WING_INCREMENT,CR3608_ROTARY_BODY_WING_BETA0_V0.1 - CR3608_ROTARY_BODY_BETA0_V0.1,"F-18 Wing incremental contribution from component buildup",0,20,0.00,2,-0.032,0.88,-0.124,-0.003,0.0045,-0.0002,BODY_WING_MINUS_BODY,DERIVED_EXACT_ARITHMETIC_FROM_PAGE_IMAGE_CROSSCHECKED_SOURCE_TABLES
NASA_CR_3608_DERIVED_WING_INCREMENT,CR3608_ROTARY_BODY_WING_BETA0_V0.1 - CR3608_ROTARY_BODY_BETA0_V0.1,"F-18 Wing incremental contribution from component buildup",0,20,0.05,,-0.028,0.85,-0.137,-0.005,-0.0038,-0.0027,BODY_WING_MINUS_BODY,DERIVED_EXACT_ARITHMETIC_FROM_PAGE_IMAGE_CROSSCHECKED_SOURCE_TABLES
NASA_CR_3608_DERIVED_WING_INCREMENT,CR3608_ROTARY_BODY_WING_BETA0_V0.1 - CR3608_ROTARY_BODY_BETA0_V0.1,"F-18 Wing incremental contribution from component buildup",0,20,0.10,,-0.026,0.87,-0.151,0.007,-0.0038,-0.0052,BODY_WING_MINUS_BODY,DERIVED_EXACT_ARITHMETIC_FROM_PAGE_IMAGE_CROSSCHECKED_SOURCE_TABLES
NASA_CR_3608_DERIVED_WING_INCREMENT,CR3608_ROTARY_BODY_WING_BETA0_V0.1 - CR3608_ROTARY_BODY_BETA0_V0.1,"F-18 Wing incremental contribution from component buildup",0,20,0.20,,-0.027,0.86,-0.159,0.008,-0.0020,-0.0111,BODY_WING_MINUS_BODY,DERIVED_EXACT_ARITHMETIC_FROM_PAGE_IMAGE_CROSSCHECKED_SOURCE_TABLES
NASA_CR_3608_DERIVED_WING_INCREMENT,CR3608_ROTARY_BODY_WING_BETA0_V0.1 - CR3608_ROTARY_BODY_BETA0_V0.1,"F-18 Wing incremental contribution from component buildup",0,20,0.30,,-0.023,0.89,-0.163,0.019,-0.0148,-0.0119,BODY_WING_MINUS_BODY,DERIVED_EXACT_ARITHMETIC_FROM_PAGE_IMAGE_CROSSCHECKED_SOURCE_TABLES
NASA_CR_3608_DERIVED_WING_INCREMENT,CR3608_ROTARY_BODY_WING_BETA0_V0.1 - CR3608_ROTARY_BODY_BETA0_V0.1,"F-18 Wing incremental contribution from component buildup",0,20,0.40,,-0.010,0.87,-0.183,0.016,-0.0355,-0.0112,BODY_WING_MINUS_BODY,DERIVED_EXACT_ARITHMETIC_FROM_PAGE_IMAGE_CROSSCHECKED_SOURCE_TABLES
NASA_CR_3608_DERIVED_WING_INCREMENT,CR3608_ROTARY_BODY_WING_BETA0_V0.1 - CR3608_ROTARY_BODY_BETA0_V0.1,"F-18 Wing incremental contribution from component buildup",0,25,-0.40,,0.006,0.84,-0.152,-0.029,0.0317,0.0202,BODY_WING_MINUS_BODY,DERIVED_EXACT_ARITHMETIC_FROM_PAGE_IMAGE_CROSSCHECKED_SOURCE_TABLES
NASA_CR_3608_DERIVED_WING_INCREMENT,CR3608_ROTARY_BODY_WING_BETA0_V0.1 - CR3608_ROTARY_BODY_BETA0_V0.1,"F-18 Wing incremental contribution from component buildup",0,25,-0.30,,0.010,0.76,-0.150,-0.030,0.0194,0.0191,BODY_WING_MINUS_BODY,DERIVED_EXACT_ARITHMETIC_FROM_PAGE_IMAGE_CROSSCHECKED_SOURCE_TABLES
NASA_CR_3608_DERIVED_WING_INCREMENT,CR3608_ROTARY_BODY_WING_BETA0_V0.1 - CR3608_ROTARY_BODY_BETA0_V0.1,"F-18 Wing incremental contribution from component buildup",0,25,-0.20,,0.019,0.70,-0.160,-0.021,0.0130,0.0118,BODY_WING_MINUS_BODY,DERIVED_EXACT_ARITHMETIC_FROM_PAGE_IMAGE_CROSSCHECKED_SOURCE_TABLES
NASA_CR_3608_DERIVED_WING_INCREMENT,CR3608_ROTARY_BODY_WING_BETA0_V0.1 - CR3608_ROTARY_BODY_BETA0_V0.1,"F-18 Wing incremental contribution from component buildup",0,25,-0.10,,0.024,0.67,-0.157,-0.018,0.0135,0.0029,BODY_WING_MINUS_BODY,DERIVED_EXACT_ARITHMETIC_FROM_PAGE_IMAGE_CROSSCHECKED_SOURCE_TABLES
NASA_CR_3608_DERIVED_WING_INCREMENT,CR3608_ROTARY_BODY_WING_BETA0_V0.1 - CR3608_ROTARY_BODY_BETA0_V0.1,"F-18 Wing incremental contribution from component buildup",0,25,-0.05,,0.024,0.65,-0.154,-0.031,0.0185,-0.0004,BODY_WING_MINUS_BODY,DERIVED_EXACT_ARITHMETIC_FROM_PAGE_IMAGE_CROSSCHECKED_SOURCE_TABLES
NASA_CR_3608_DERIVED_WING_INCREMENT,CR3608_ROTARY_BODY_WING_BETA0_V0.1 - CR3608_ROTARY_BODY_BETA0_V0.1,"F-18 Wing incremental contribution from component buildup",0,25,0.00,1,0.017,0.73,-0.146,0.008,0.0036,-0.0025,BODY_WING_MINUS_BODY,DERIVED_EXACT_ARITHMETIC_FROM_PAGE_IMAGE_CROSSCHECKED_SOURCE_TABLES
NASA_CR_3608_DERIVED_WING_INCREMENT,CR3608_ROTARY_BODY_WING_BETA0_V0.1 - CR3608_ROTARY_BODY_BETA0_V0.1,"F-18 Wing incremental contribution from component buildup",0,25,0.00,2,0.017,0.72,-0.147,0.008,0.0031,-0.0020,BODY_WING_MINUS_BODY,DERIVED_EXACT_ARITHMETIC_FROM_PAGE_IMAGE_CROSSCHECKED_SOURCE_TABLES
NASA_CR_3608_DERIVED_WING_INCREMENT,CR3608_ROTARY_BODY_WING_BETA0_V0.1 - CR3608_ROTARY_BODY_BETA0_V0.1,"F-18 Wing incremental contribution from component buildup",0,25,0.05,,0.021,0.74,-0.154,0.019,-0.0077,-0.0029,BODY_WING_MINUS_BODY,DERIVED_EXACT_ARITHMETIC_FROM_PAGE_IMAGE_CROSSCHECKED_SOURCE_TABLES
NASA_CR_3608_DERIVED_WING_INCREMENT,CR3608_ROTARY_BODY_WING_BETA0_V0.1 - CR3608_ROTARY_BODY_BETA0_V0.1,"F-18 Wing incremental contribution from component buildup",0,25,0.10,,0.020,0.76,-0.156,0.019,-0.0062,-0.0066,BODY_WING_MINUS_BODY,DERIVED_EXACT_ARITHMETIC_FROM_PAGE_IMAGE_CROSSCHECKED_SOURCE_TABLES
NASA_CR_3608_DERIVED_WING_INCREMENT,CR3608_ROTARY_BODY_WING_BETA0_V0.1 - CR3608_ROTARY_BODY_BETA0_V0.1,"F-18 Wing incremental contribution from component buildup",0,25,0.20,,0.013,0.82,-0.160,0.029,-0.0064,-0.0137,BODY_WING_MINUS_BODY,DERIVED_EXACT_ARITHMETIC_FROM_PAGE_IMAGE_CROSSCHECKED_SOURCE_TABLES
NASA_CR_3608_DERIVED_WING_INCREMENT,CR3608_ROTARY_BODY_WING_BETA0_V0.1 - CR3608_ROTARY_BODY_BETA0_V0.1,"F-18 Wing incremental contribution from component buildup",0,25,0.30,,0.004,0.85,-0.149,0.041,-0.0111,-0.0176,BODY_WING_MINUS_BODY,DERIVED_EXACT_ARITHMETIC_FROM_PAGE_IMAGE_CROSSCHECKED_SOURCE_TABLES
NASA_CR_3608_DERIVED_WING_INCREMENT,CR3608_ROTARY_BODY_WING_BETA0_V0.1 - CR3608_ROTARY_BODY_BETA0_V0.1,"F-18 Wing incremental contribution from component buildup",0,25,0.40,,-0.002,0.88,-0.150,0.039,-0.0243,-0.0178,BODY_WING_MINUS_BODY,DERIVED_EXACT_ARITHMETIC_FROM_PAGE_IMAGE_CROSSCHECKED_SOURCE_TABLES
NASA_CR_3608_DERIVED_WING_INCREMENT,CR3608_ROTARY_BODY_WING_BETA0_V0.1 - CR3608_ROTARY_BODY_BETA0_V0.1,"F-18 Wing incremental contribution from component buildup",0,30,-0.40,,0.009,0.89,-0.184,0.089,0.0122,0.0142,BODY_WING_MINUS_BODY,DERIVED_EXACT_ARITHMETIC_FROM_PAGE_IMAGE_CROSSCHECKED_SOURCE_TABLES
NASA_CR_3608_DERIVED_WING_INCREMENT,CR3608_ROTARY_BODY_WING_BETA0_V0.1 - CR3608_ROTARY_BODY_BETA0_V0.1,"F-18 Wing incremental contribution from component buildup",0,30,-0.30,,0.018,0.80,-0.180,0.060,-0.0008,0.0150,BODY_WING_MINUS_BODY,DERIVED_EXACT_ARITHMETIC_FROM_PAGE_IMAGE_CROSSCHECKED_SOURCE_TABLES
NASA_CR_3608_DERIVED_WING_INCREMENT,CR3608_ROTARY_BODY_WING_BETA0_V0.1 - CR3608_ROTARY_BODY_BETA0_V0.1,"F-18 Wing incremental contribution from component buildup",0,30,-0.20,,0.029,0.72,-0.171,0.077,-0.0149,0.0097,BODY_WING_MINUS_BODY,DERIVED_EXACT_ARITHMETIC_FROM_PAGE_IMAGE_CROSSCHECKED_SOURCE_TABLES
NASA_CR_3608_DERIVED_WING_INCREMENT,CR3608_ROTARY_BODY_WING_BETA0_V0.1 - CR3608_ROTARY_BODY_BETA0_V0.1,"F-18 Wing incremental contribution from component buildup",0,30,-0.10,,0.033,0.69,-0.167,0.036,-0.0164,0.0081,BODY_WING_MINUS_BODY,DERIVED_EXACT_ARITHMETIC_FROM_PAGE_IMAGE_CROSSCHECKED_SOURCE_TABLES
NASA_CR_3608_DERIVED_WING_INCREMENT,CR3608_ROTARY_BODY_WING_BETA0_V0.1 - CR3608_ROTARY_BODY_BETA0_V0.1,"F-18 Wing incremental contribution from component buildup",0,30,-0.05,,0.034,0.64,-0.155,-0.031,0.0141,0.0018,BODY_WING_MINUS_BODY,DERIVED_EXACT_ARITHMETIC_FROM_PAGE_IMAGE_CROSSCHECKED_SOURCE_TABLES
NASA_CR_3608_DERIVED_WING_INCREMENT,CR3608_ROTARY_BODY_WING_BETA0_V0.1 - CR3608_ROTARY_BODY_BETA0_V0.1,"F-18 Wing incremental contribution from component buildup",0,30,0.00,1,0.027,0.65,-0.146,-0.048,0.0177,-0.0012,BODY_WING_MINUS_BODY,DERIVED_EXACT_ARITHMETIC_FROM_PAGE_IMAGE_CROSSCHECKED_SOURCE_TABLES
NASA_CR_3608_DERIVED_WING_INCREMENT,CR3608_ROTARY_BODY_WING_BETA0_V0.1 - CR3608_ROTARY_BODY_BETA0_V0.1,"F-18 Wing incremental contribution from component buildup",0,30,0.00,2,0.026,0.64,-0.148,-0.006,-0.0010,0.0009,BODY_WING_MINUS_BODY,DERIVED_EXACT_ARITHMETIC_FROM_PAGE_IMAGE_CROSSCHECKED_SOURCE_TABLES
NASA_CR_3608_DERIVED_WING_INCREMENT,CR3608_ROTARY_BODY_WING_BETA0_V0.1 - CR3608_ROTARY_BODY_BETA0_V0.1,"F-18 Wing incremental contribution from component buildup",0,30,0.05,,0.029,0.68,-0.161,-0.023,0.0184,-0.0071,BODY_WING_MINUS_BODY,DERIVED_EXACT_ARITHMETIC_FROM_PAGE_IMAGE_CROSSCHECKED_SOURCE_TABLES
NASA_CR_3608_DERIVED_WING_INCREMENT,CR3608_ROTARY_BODY_WING_BETA0_V0.1 - CR3608_ROTARY_BODY_BETA0_V0.1,"F-18 Wing incremental contribution from component buildup",0,30,0.10,,0.025,0.68,-0.162,-0.045,0.0209,-0.0101,BODY_WING_MINUS_BODY,DERIVED_EXACT_ARITHMETIC_FROM_PAGE_IMAGE_CROSSCHECKED_SOURCE_TABLES
NASA_CR_3608_DERIVED_WING_INCREMENT,CR3608_ROTARY_BODY_WING_BETA0_V0.1 - CR3608_ROTARY_BODY_BETA0_V0.1,"F-18 Wing incremental contribution from component buildup",0,30,0.20,,0.021,0.73,-0.170,-0.074,0.0138,-0.0105,BODY_WING_MINUS_BODY,DERIVED_EXACT_ARITHMETIC_FROM_PAGE_IMAGE_CROSSCHECKED_SOURCE_TABLES
NASA_CR_3608_DERIVED_WING_INCREMENT,CR3608_ROTARY_BODY_WING_BETA0_V0.1 - CR3608_ROTARY_BODY_BETA0_V0.1,"F-18 Wing incremental contribution from component buildup",0,30,0.30,,0.018,0.79,-0.180,-0.061,0.0036,-0.0139,BODY_WING_MINUS_BODY,DERIVED_EXACT_ARITHMETIC_FROM_PAGE_IMAGE_CROSSCHECKED_SOURCE_TABLES
NASA_CR_3608_DERIVED_WING_INCREMENT,CR3608_ROTARY_BODY_WING_BETA0_V0.1 - CR3608_ROTARY_BODY_BETA0_V0.1,"F-18 Wing incremental contribution from component buildup",0,30,0.40,,0.012,0.87,-0.188,-0.081,-0.0119,-0.0120,BODY_WING_MINUS_BODY,DERIVED_EXACT_ARITHMETIC_FROM_PAGE_IMAGE_CROSSCHECKED_SOURCE_TABLES
NASA_CR_3608_DERIVED_WING_INCREMENT,CR3608_ROTARY_BODY_WING_BETA0_V0.1 - CR3608_ROTARY_BODY_BETA0_V0.1,"F-18 Wing incremental contribution from component buildup",0,35,-0.40,,0.009,0.91,-0.207,0.100,0.0025,0.0211,BODY_WING_MINUS_BODY,DERIVED_EXACT_ARITHMETIC_FROM_PAGE_IMAGE_CROSSCHECKED_SOURCE_TABLES
NASA_CR_3608_DERIVED_WING_INCREMENT,CR3608_ROTARY_BODY_WING_BETA0_V0.1 - CR3608_ROTARY_BODY_BETA0_V0.1,"F-18 Wing incremental contribution from component buildup",0,35,-0.30,,0.020,0.80,-0.189,0.082,-0.0101,0.0168,BODY_WING_MINUS_BODY,DERIVED_EXACT_ARITHMETIC_FROM_PAGE_IMAGE_CROSSCHECKED_SOURCE_TABLES
NASA_CR_3608_DERIVED_WING_INCREMENT,CR3608_ROTARY_BODY_WING_BETA0_V0.1 - CR3608_ROTARY_BODY_BETA0_V0.1,"F-18 Wing incremental contribution from component buildup",0,35,-0.20,,0.029,0.69,-0.169,0.067,-0.0149,0.0128,BODY_WING_MINUS_BODY,DERIVED_EXACT_ARITHMETIC_FROM_PAGE_IMAGE_CROSSCHECKED_SOURCE_TABLES
NASA_CR_3608_DERIVED_WING_INCREMENT,CR3608_ROTARY_BODY_WING_BETA0_V0.1 - CR3608_ROTARY_BODY_BETA0_V0.1,"F-18 Wing incremental contribution from component buildup",0,35,-0.10,,0.041,0.54,-0.146,0.048,-0.0037,0.0057,BODY_WING_MINUS_BODY,DERIVED_EXACT_ARITHMETIC_FROM_PAGE_IMAGE_CROSSCHECKED_SOURCE_TABLES
NASA_CR_3608_DERIVED_WING_INCREMENT,CR3608_ROTARY_BODY_WING_BETA0_V0.1 - CR3608_ROTARY_BODY_BETA0_V0.1,"F-18 Wing incremental contribution from component buildup",0,35,-0.05,,0.042,0.53,-0.144,0.020,-0.0031,0.0041,BODY_WING_MINUS_BODY,DERIVED_EXACT_ARITHMETIC_FROM_PAGE_IMAGE_CROSSCHECKED_SOURCE_TABLES
NASA_CR_3608_DERIVED_WING_INCREMENT,CR3608_ROTARY_BODY_WING_BETA0_V0.1 - CR3608_ROTARY_BODY_BETA0_V0.1,"F-18 Wing incremental contribution from component buildup",0,35,0.00,1,0.037,0.58,-0.150,-0.006,0.0023,0.0006,BODY_WING_MINUS_BODY,DERIVED_EXACT_ARITHMETIC_FROM_PAGE_IMAGE_CROSSCHECKED_SOURCE_TABLES
NASA_CR_3608_DERIVED_WING_INCREMENT,CR3608_ROTARY_BODY_WING_BETA0_V0.1 - CR3608_ROTARY_BODY_BETA0_V0.1,"F-18 Wing incremental contribution from component buildup",0,35,0.00,2,0.037,0.58,-0.151,-0.012,0.0025,0.0018,BODY_WING_MINUS_BODY,DERIVED_EXACT_ARITHMETIC_FROM_PAGE_IMAGE_CROSSCHECKED_SOURCE_TABLES
NASA_CR_3608_DERIVED_WING_INCREMENT,CR3608_ROTARY_BODY_WING_BETA0_V0.1 - CR3608_ROTARY_BODY_BETA0_V0.1,"F-18 Wing incremental contribution from component buildup",0,35,0.05,,0.036,0.61,-0.156,-0.032,0.0115,-0.0035,BODY_WING_MINUS_BODY,DERIVED_EXACT_ARITHMETIC_FROM_PAGE_IMAGE_CROSSCHECKED_SOURCE_TABLES
NASA_CR_3608_DERIVED_WING_INCREMENT,CR3608_ROTARY_BODY_WING_BETA0_V0.1 - CR3608_ROTARY_BODY_BETA0_V0.1,"F-18 Wing incremental contribution from component buildup",0,35,0.10,,0.036,0.64,-0.155,-0.072,0.0091,-0.0032,BODY_WING_MINUS_BODY,DERIVED_EXACT_ARITHMETIC_FROM_PAGE_IMAGE_CROSSCHECKED_SOURCE_TABLES
NASA_CR_3608_DERIVED_WING_INCREMENT,CR3608_ROTARY_BODY_WING_BETA0_V0.1 - CR3608_ROTARY_BODY_BETA0_V0.1,"F-18 Wing incremental contribution from component buildup",0,35,0.20,,0.030,0.70,-0.168,-0.090,0.0128,-0.0076,BODY_WING_MINUS_BODY,DERIVED_EXACT_ARITHMETIC_FROM_PAGE_IMAGE_CROSSCHECKED_SOURCE_TABLES
NASA_CR_3608_DERIVED_WING_INCREMENT,CR3608_ROTARY_BODY_WING_BETA0_V0.1 - CR3608_ROTARY_BODY_BETA0_V0.1,"F-18 Wing incremental contribution from component buildup",0,35,0.30,,0.022,0.78,-0.189,-0.094,0.0091,-0.0084,BODY_WING_MINUS_BODY,DERIVED_EXACT_ARITHMETIC_FROM_PAGE_IMAGE_CROSSCHECKED_SOURCE_TABLES
NASA_CR_3608_DERIVED_WING_INCREMENT,CR3608_ROTARY_BODY_WING_BETA0_V0.1 - CR3608_ROTARY_BODY_BETA0_V0.1,"F-18 Wing incremental contribution from component buildup",0,35,0.40,,0.020,0.84,-0.204,-0.137,-0.0029,-0.0107,BODY_WING_MINUS_BODY,DERIVED_EXACT_ARITHMETIC_FROM_PAGE_IMAGE_CROSSCHECKED_SOURCE_TABLES
NASA_CR_3608_DERIVED_WING_INCREMENT,CR3608_ROTARY_BODY_WING_BETA0_V0.1 - CR3608_ROTARY_BODY_BETA0_V0.1,"F-18 Wing incremental contribution from component buildup",0,40,-0.40,,0.005,0.89,-0.167,-0.017,-0.0017,0.0449,BODY_WING_MINUS_BODY,DERIVED_EXACT_ARITHMETIC_FROM_PAGE_IMAGE_CROSSCHECKED_SOURCE_TABLES
NASA_CR_3608_DERIVED_WING_INCREMENT,CR3608_ROTARY_BODY_WING_BETA0_V0.1 - CR3608_ROTARY_BODY_BETA0_V0.1,"F-18 Wing incremental contribution from component buildup",0,40,-0.30,,0.020,0.81,-0.167,-0.019,-0.0049,0.0375,BODY_WING_MINUS_BODY,DERIVED_EXACT_ARITHMETIC_FROM_PAGE_IMAGE_CROSSCHECKED_SOURCE_TABLES
NASA_CR_3608_DERIVED_WING_INCREMENT,CR3608_ROTARY_BODY_WING_BETA0_V0.1 - CR3608_ROTARY_BODY_BETA0_V0.1,"F-18 Wing incremental contribution from component buildup",0,40,-0.20,,0.039,0.71,-0.171,0.019,-0.0028,0.0177,BODY_WING_MINUS_BODY,DERIVED_EXACT_ARITHMETIC_FROM_PAGE_IMAGE_CROSSCHECKED_SOURCE_TABLES
NASA_CR_3608_DERIVED_WING_INCREMENT,CR3608_ROTARY_BODY_WING_BETA0_V0.1 - CR3608_ROTARY_BODY_BETA0_V0.1,"F-18 Wing incremental contribution from component buildup",0,40,-0.10,,0.043,0.59,-0.145,0.077,-0.0013,0.0053,BODY_WING_MINUS_BODY,DERIVED_EXACT_ARITHMETIC_FROM_PAGE_IMAGE_CROSSCHECKED_SOURCE_TABLES
NASA_CR_3608_DERIVED_WING_INCREMENT,CR3608_ROTARY_BODY_WING_BETA0_V0.1 - CR3608_ROTARY_BODY_BETA0_V0.1,"F-18 Wing incremental contribution from component buildup",0,40,-0.05,,0.044,0.58,-0.147,0.072,-0.0036,0.0022,BODY_WING_MINUS_BODY,DERIVED_EXACT_ARITHMETIC_FROM_PAGE_IMAGE_CROSSCHECKED_SOURCE_TABLES
NASA_CR_3608_DERIVED_WING_INCREMENT,CR3608_ROTARY_BODY_WING_BETA0_V0.1 - CR3608_ROTARY_BODY_BETA0_V0.1,"F-18 Wing incremental contribution from component buildup",0,40,0.00,1,0.043,0.61,-0.152,0.051,-0.0030,-0.0038,BODY_WING_MINUS_BODY,DERIVED_EXACT_ARITHMETIC_FROM_PAGE_IMAGE_CROSSCHECKED_SOURCE_TABLES
NASA_CR_3608_DERIVED_WING_INCREMENT,CR3608_ROTARY_BODY_WING_BETA0_V0.1 - CR3608_ROTARY_BODY_BETA0_V0.1,"F-18 Wing incremental contribution from component buildup",0,40,0.00,2,0.044,0.61,-0.153,0.051,-0.0041,-0.0057,BODY_WING_MINUS_BODY,DERIVED_EXACT_ARITHMETIC_FROM_PAGE_IMAGE_CROSSCHECKED_SOURCE_TABLES
NASA_CR_3608_DERIVED_WING_INCREMENT,CR3608_ROTARY_BODY_WING_BETA0_V0.1 - CR3608_ROTARY_BODY_BETA0_V0.1,"F-18 Wing incremental contribution from component buildup",0,40,0.05,,0.059,0.60,-0.168,-0.009,0.0044,-0.0052,BODY_WING_MINUS_BODY,DERIVED_EXACT_ARITHMETIC_FROM_PAGE_IMAGE_CROSSCHECKED_SOURCE_TABLES
NASA_CR_3608_DERIVED_WING_INCREMENT,CR3608_ROTARY_BODY_WING_BETA0_V0.1 - CR3608_ROTARY_BODY_BETA0_V0.1,"F-18 Wing incremental contribution from component buildup",0,40,0.10,,0.058,0.62,-0.170,-0.057,0.0056,-0.0053,BODY_WING_MINUS_BODY,DERIVED_EXACT_ARITHMETIC_FROM_PAGE_IMAGE_CROSSCHECKED_SOURCE_TABLES
NASA_CR_3608_DERIVED_WING_INCREMENT,CR3608_ROTARY_BODY_WING_BETA0_V0.1 - CR3608_ROTARY_BODY_BETA0_V0.1,"F-18 Wing incremental contribution from component buildup",0,40,0.20,,0.044,0.71,-0.171,-0.019,0.0049,-0.0184,BODY_WING_MINUS_BODY,DERIVED_EXACT_ARITHMETIC_FROM_PAGE_IMAGE_CROSSCHECKED_SOURCE_TABLES
NASA_CR_3608_DERIVED_WING_INCREMENT,CR3608_ROTARY_BODY_WING_BETA0_V0.1 - CR3608_ROTARY_BODY_BETA0_V0.1,"F-18 Wing incremental contribution from component buildup",0,40,0.30,,0.025,0.80,-0.163,0.024,0.0072,-0.0322,BODY_WING_MINUS_BODY,DERIVED_EXACT_ARITHMETIC_FROM_PAGE_IMAGE_CROSSCHECKED_SOURCE_TABLES
NASA_CR_3608_DERIVED_WING_INCREMENT,CR3608_ROTARY_BODY_WING_BETA0_V0.1 - CR3608_ROTARY_BODY_BETA0_V0.1,"F-18 Wing incremental contribution from component buildup",0,40,0.40,,0.010,0.92,-0.183,0.013,0.0024,-0.0345,BODY_WING_MINUS_BODY,DERIVED_EXACT_ARITHMETIC_FROM_PAGE_IMAGE_CROSSCHECKED_SOURCE_TABLES
NASA_CR_3608_DERIVED_WING_INCREMENT,CR3608_ROTARY_BODY_WING_BETA0_V0.1 - CR3608_ROTARY_BODY_BETA0_V0.1,"F-18 Wing incremental contribution from component buildup",0,45,-0.40,,0.007,0.95,-0.190,-0.011,-0.0015,0.0377,BODY_WING_MINUS_BODY,DERIVED_EXACT_ARITHMETIC_FROM_PAGE_IMAGE_CROSSCHECKED_SOURCE_TABLES
NASA_CR_3608_DERIVED_WING_INCREMENT,CR3608_ROTARY_BODY_WING_BETA0_V0.1 - CR3608_ROTARY_BODY_BETA0_V0.1,"F-18 Wing incremental contribution from component buildup",0,45,-0.30,,0.018,0.82,-0.175,-0.023,0.0030,0.0275,BODY_WING_MINUS_BODY,DERIVED_EXACT_ARITHMETIC_FROM_PAGE_IMAGE_CROSSCHECKED_SOURCE_TABLES
NASA_CR_3608_DERIVED_WING_INCREMENT,CR3608_ROTARY_BODY_WING_BETA0_V0.1 - CR3608_ROTARY_BODY_BETA0_V0.1,"F-18 Wing incremental contribution from component buildup",0,45,-0.20,,0.027,0.75,-0.183,-0.015,0.0044,0.0191,BODY_WING_MINUS_BODY,DERIVED_EXACT_ARITHMETIC_FROM_PAGE_IMAGE_CROSSCHECKED_SOURCE_TABLES
NASA_CR_3608_DERIVED_WING_INCREMENT,CR3608_ROTARY_BODY_WING_BETA0_V0.1 - CR3608_ROTARY_BODY_BETA0_V0.1,"F-18 Wing incremental contribution from component buildup",0,45,-0.10,,0.027,0.68,-0.174,0.068,0.0017,0.0066,BODY_WING_MINUS_BODY,DERIVED_EXACT_ARITHMETIC_FROM_PAGE_IMAGE_CROSSCHECKED_SOURCE_TABLES
NASA_CR_3608_DERIVED_WING_INCREMENT,CR3608_ROTARY_BODY_WING_BETA0_V0.1 - CR3608_ROTARY_BODY_BETA0_V0.1,"F-18 Wing incremental contribution from component buildup",0,45,-0.05,,0.025,0.66,-0.164,0.055,-0.0003,0.0026,BODY_WING_MINUS_BODY,DERIVED_EXACT_ARITHMETIC_FROM_PAGE_IMAGE_CROSSCHECKED_SOURCE_TABLES
NASA_CR_3608_DERIVED_WING_INCREMENT,CR3608_ROTARY_BODY_WING_BETA0_V0.1 - CR3608_ROTARY_BODY_BETA0_V0.1,"F-18 Wing incremental contribution from component buildup",0,45,0.00,1,0.028,0.66,-0.159,0.015,-0.0058,-0.0026,BODY_WING_MINUS_BODY,DERIVED_EXACT_ARITHMETIC_FROM_PAGE_IMAGE_CROSSCHECKED_SOURCE_TABLES
NASA_CR_3608_DERIVED_WING_INCREMENT,CR3608_ROTARY_BODY_WING_BETA0_V0.1 - CR3608_ROTARY_BODY_BETA0_V0.1,"F-18 Wing incremental contribution from component buildup",0,45,0.00,2,0.027,0.66,-0.155,0.019,-0.0037,-0.0021,BODY_WING_MINUS_BODY,DERIVED_EXACT_ARITHMETIC_FROM_PAGE_IMAGE_CROSSCHECKED_SOURCE_TABLES
NASA_CR_3608_DERIVED_WING_INCREMENT,CR3608_ROTARY_BODY_WING_BETA0_V0.1 - CR3608_ROTARY_BODY_BETA0_V0.1,"F-18 Wing incremental contribution from component buildup",0,45,0.05,,0.031,0.64,-0.162,0.031,-0.0065,-0.0072,BODY_WING_MINUS_BODY,DERIVED_EXACT_ARITHMETIC_FROM_PAGE_IMAGE_CROSSCHECKED_SOURCE_TABLES
NASA_CR_3608_DERIVED_WING_INCREMENT,CR3608_ROTARY_BODY_WING_BETA0_V0.1 - CR3608_ROTARY_BODY_BETA0_V0.1,"F-18 Wing incremental contribution from component buildup",0,45,0.10,,0.039,0.65,-0.184,-0.021,0.0027,-0.0082,BODY_WING_MINUS_BODY,DERIVED_EXACT_ARITHMETIC_FROM_PAGE_IMAGE_CROSSCHECKED_SOURCE_TABLES
NASA_CR_3608_DERIVED_WING_INCREMENT,CR3608_ROTARY_BODY_WING_BETA0_V0.1 - CR3608_ROTARY_BODY_BETA0_V0.1,"F-18 Wing incremental contribution from component buildup",0,45,0.20,,0.030,0.68,-0.177,0.013,-0.0067,-0.0183,BODY_WING_MINUS_BODY,DERIVED_EXACT_ARITHMETIC_FROM_PAGE_IMAGE_CROSSCHECKED_SOURCE_TABLES
NASA_CR_3608_DERIVED_WING_INCREMENT,CR3608_ROTARY_BODY_WING_BETA0_V0.1 - CR3608_ROTARY_BODY_BETA0_V0.1,"F-18 Wing incremental contribution from component buildup",0,45,0.30,,0.020,0.84,-0.181,0.027,0.0036,-0.0211,BODY_WING_MINUS_BODY,DERIVED_EXACT_ARITHMETIC_FROM_PAGE_IMAGE_CROSSCHECKED_SOURCE_TABLES
NASA_CR_3608_DERIVED_WING_INCREMENT,CR3608_ROTARY_BODY_WING_BETA0_V0.1 - CR3608_ROTARY_BODY_BETA0_V0.1,"F-18 Wing incremental contribution from component buildup",0,45,0.40,,0.009,0.93,-0.183,0.054,0.0035,-0.0251,BODY_WING_MINUS_BODY,DERIVED_EXACT_ARITHMETIC_FROM_PAGE_IMAGE_CROSSCHECKED_SOURCE_TABLES
NASA_CR_3608_DERIVED_WING_INCREMENT,CR3608_ROTARY_BODY_WING_BETA0_V0.1 - CR3608_ROTARY_BODY_BETA0_V0.1,"F-18 Wing incremental contribution from component buildup",0,50,-0.40,,0.008,1.01,-0.224,-0.002,-0.0003,0.0297,BODY_WING_MINUS_BODY,DERIVED_EXACT_ARITHMETIC_FROM_PAGE_IMAGE_CROSSCHECKED_SOURCE_TABLES
NASA_CR_3608_DERIVED_WING_INCREMENT,CR3608_ROTARY_BODY_WING_BETA0_V0.1 - CR3608_ROTARY_BODY_BETA0_V0.1,"F-18 Wing incremental contribution from component buildup",0,50,-0.30,,0.019,0.87,-0.202,-0.013,0.0068,0.0254,BODY_WING_MINUS_BODY,DERIVED_EXACT_ARITHMETIC_FROM_PAGE_IMAGE_CROSSCHECKED_SOURCE_TABLES
NASA_CR_3608_DERIVED_WING_INCREMENT,CR3608_ROTARY_BODY_WING_BETA0_V0.1 - CR3608_ROTARY_BODY_BETA0_V0.1,"F-18 Wing incremental contribution from component buildup",0,50,-0.20,,0.024,0.77,-0.196,-0.006,0.0078,0.0165,BODY_WING_MINUS_BODY,DERIVED_EXACT_ARITHMETIC_FROM_PAGE_IMAGE_CROSSCHECKED_SOURCE_TABLES
NASA_CR_3608_DERIVED_WING_INCREMENT,CR3608_ROTARY_BODY_WING_BETA0_V0.1 - CR3608_ROTARY_BODY_BETA0_V0.1,"F-18 Wing incremental contribution from component buildup",0,50,-0.10,,0.024,0.73,-0.194,0.018,0.0074,0.0147,BODY_WING_MINUS_BODY,DERIVED_EXACT_ARITHMETIC_FROM_PAGE_IMAGE_CROSSCHECKED_SOURCE_TABLES
NASA_CR_3608_DERIVED_WING_INCREMENT,CR3608_ROTARY_BODY_WING_BETA0_V0.1 - CR3608_ROTARY_BODY_BETA0_V0.1,"F-18 Wing incremental contribution from component buildup",0,50,-0.05,,0.024,0.72,-0.196,0.024,0.0064,0.0106,BODY_WING_MINUS_BODY,DERIVED_EXACT_ARITHMETIC_FROM_PAGE_IMAGE_CROSSCHECKED_SOURCE_TABLES
NASA_CR_3608_DERIVED_WING_INCREMENT,CR3608_ROTARY_BODY_WING_BETA0_V0.1 - CR3608_ROTARY_BODY_BETA0_V0.1,"F-18 Wing incremental contribution from component buildup",0,50,0.00,1,0.023,0.71,-0.173,-0.006,0.0008,0.0018,BODY_WING_MINUS_BODY,DERIVED_EXACT_ARITHMETIC_FROM_PAGE_IMAGE_CROSSCHECKED_SOURCE_TABLES
NASA_CR_3608_DERIVED_WING_INCREMENT,CR3608_ROTARY_BODY_WING_BETA0_V0.1 - CR3608_ROTARY_BODY_BETA0_V0.1,"F-18 Wing incremental contribution from component buildup",0,50,0.00,2,0.021,0.72,-0.169,0.002,-0.0017,0.0031,BODY_WING_MINUS_BODY,DERIVED_EXACT_ARITHMETIC_FROM_PAGE_IMAGE_CROSSCHECKED_SOURCE_TABLES
NASA_CR_3608_DERIVED_WING_INCREMENT,CR3608_ROTARY_BODY_WING_BETA0_V0.1 - CR3608_ROTARY_BODY_BETA0_V0.1,"F-18 Wing incremental contribution from component buildup",0,50,0.05,,0.026,0.66,-0.176,-0.028,-0.0020,0.0018,BODY_WING_MINUS_BODY,DERIVED_EXACT_ARITHMETIC_FROM_PAGE_IMAGE_CROSSCHECKED_SOURCE_TABLES
NASA_CR_3608_DERIVED_WING_INCREMENT,CR3608_ROTARY_BODY_WING_BETA0_V0.1 - CR3608_ROTARY_BODY_BETA0_V0.1,"F-18 Wing incremental contribution from component buildup",0,50,0.10,,0.024,0.68,-0.179,0.028,-0.0033,-0.0048,BODY_WING_MINUS_BODY,DERIVED_EXACT_ARITHMETIC_FROM_PAGE_IMAGE_CROSSCHECKED_SOURCE_TABLES
NASA_CR_3608_DERIVED_WING_INCREMENT,CR3608_ROTARY_BODY_WING_BETA0_V0.1 - CR3608_ROTARY_BODY_BETA0_V0.1,"F-18 Wing incremental contribution from component buildup",0,50,0.20,,0.024,0.75,-0.195,0.021,0.0096,-0.0171,BODY_WING_MINUS_BODY,DERIVED_EXACT_ARITHMETIC_FROM_PAGE_IMAGE_CROSSCHECKED_SOURCE_TABLES
NASA_CR_3608_DERIVED_WING_INCREMENT,CR3608_ROTARY_BODY_WING_BETA0_V0.1 - CR3608_ROTARY_BODY_BETA0_V0.1,"F-18 Wing incremental contribution from component buildup",0,50,0.30,,0.020,0.86,-0.207,0.015,0.0033,-0.0179,BODY_WING_MINUS_BODY,DERIVED_EXACT_ARITHMETIC_FROM_PAGE_IMAGE_CROSSCHECKED_SOURCE_TABLES
NASA_CR_3608_DERIVED_WING_INCREMENT,CR3608_ROTARY_BODY_WING_BETA0_V0.1 - CR3608_ROTARY_BODY_BETA0_V0.1,"F-18 Wing incremental contribution from component buildup",0,50,0.40,,0.016,0.96,-0.224,0.012,-0.0018,-0.0233,BODY_WING_MINUS_BODY,DERIVED_EXACT_ARITHMETIC_FROM_PAGE_IMAGE_CROSSCHECKED_SOURCE_TABLES
NASA_CR_3608_DERIVED_WING_INCREMENT,CR3608_ROTARY_BODY_WING_BETA0_V0.1 - CR3608_ROTARY_BODY_BETA0_V0.1,"F-18 Wing incremental contribution from component buildup",0,55,-0.40,,0.016,0.98,-0.201,-0.059,0.0156,-0.0029,BODY_WING_MINUS_BODY,DERIVED_EXACT_ARITHMETIC_FROM_PAGE_IMAGE_CROSSCHECKED_SOURCE_TABLES
NASA_CR_3608_DERIVED_WING_INCREMENT,CR3608_ROTARY_BODY_WING_BETA0_V0.1 - CR3608_ROTARY_BODY_BETA0_V0.1,"F-18 Wing incremental contribution from component buildup",0,55,-0.30,,0.020,0.89,-0.229,-0.009,0.0101,0.0249,BODY_WING_MINUS_BODY,DERIVED_EXACT_ARITHMETIC_FROM_PAGE_IMAGE_CROSSCHECKED_SOURCE_TABLES
NASA_CR_3608_DERIVED_WING_INCREMENT,CR3608_ROTARY_BODY_WING_BETA0_V0.1 - CR3608_ROTARY_BODY_BETA0_V0.1,"F-18 Wing incremental contribution from component buildup",0,55,-0.20,,0.022,0.84,-0.210,-0.017,0.0033,0.0087,BODY_WING_MINUS_BODY,DERIVED_EXACT_ARITHMETIC_FROM_PAGE_IMAGE_CROSSCHECKED_SOURCE_TABLES
NASA_CR_3608_DERIVED_WING_INCREMENT,CR3608_ROTARY_BODY_WING_BETA0_V0.1 - CR3608_ROTARY_BODY_BETA0_V0.1,"F-18 Wing incremental contribution from component buildup",0,55,-0.10,,0.017,0.77,-0.204,-0.014,0.0048,0.0044,BODY_WING_MINUS_BODY,DERIVED_EXACT_ARITHMETIC_FROM_PAGE_IMAGE_CROSSCHECKED_SOURCE_TABLES
NASA_CR_3608_DERIVED_WING_INCREMENT,CR3608_ROTARY_BODY_WING_BETA0_V0.1 - CR3608_ROTARY_BODY_BETA0_V0.1,"F-18 Wing incremental contribution from component buildup",0,55,-0.05,,0.016,0.78,-0.200,-0.010,0.0036,0.0014,BODY_WING_MINUS_BODY,DERIVED_EXACT_ARITHMETIC_FROM_PAGE_IMAGE_CROSSCHECKED_SOURCE_TABLES
NASA_CR_3608_DERIVED_WING_INCREMENT,CR3608_ROTARY_BODY_WING_BETA0_V0.1 - CR3608_ROTARY_BODY_BETA0_V0.1,"F-18 Wing incremental contribution from component buildup",0,55,0.00,1,0.023,0.75,-0.200,-0.012,0.0043,-0.0008,BODY_WING_MINUS_BODY,DERIVED_EXACT_ARITHMETIC_FROM_PAGE_IMAGE_CROSSCHECKED_SOURCE_TABLES
NASA_CR_3608_DERIVED_WING_INCREMENT,CR3608_ROTARY_BODY_WING_BETA0_V0.1 - CR3608_ROTARY_BODY_BETA0_V0.1,"F-18 Wing incremental contribution from component buildup",0,55,0.00,2,0.019,0.75,-0.212,-0.013,0.0044,0.0001,BODY_WING_MINUS_BODY,DERIVED_EXACT_ARITHMETIC_FROM_PAGE_IMAGE_CROSSCHECKED_SOURCE_TABLES
NASA_CR_3608_DERIVED_WING_INCREMENT,CR3608_ROTARY_BODY_WING_BETA0_V0.1 - CR3608_ROTARY_BODY_BETA0_V0.1,"F-18 Wing incremental contribution from component buildup",0,55,0.05,,0.024,0.74,-0.202,-0.005,0.0002,0.0047,BODY_WING_MINUS_BODY,DERIVED_EXACT_ARITHMETIC_FROM_PAGE_IMAGE_CROSSCHECKED_SOURCE_TABLES
NASA_CR_3608_DERIVED_WING_INCREMENT,CR3608_ROTARY_BODY_WING_BETA0_V0.1 - CR3608_ROTARY_BODY_BETA0_V0.1,"F-18 Wing incremental contribution from component buildup",0,55,0.10,,0.024,0.74,-0.193,-0.031,-0.0018,-0.0056,BODY_WING_MINUS_BODY,DERIVED_EXACT_ARITHMETIC_FROM_PAGE_IMAGE_CROSSCHECKED_SOURCE_TABLES
NASA_CR_3608_DERIVED_WING_INCREMENT,CR3608_ROTARY_BODY_WING_BETA0_V0.1 - CR3608_ROTARY_BODY_BETA0_V0.1,"F-18 Wing incremental contribution from component buildup",0,55,0.20,,0.026,0.77,-0.204,0.042,-0.0063,-0.0120,BODY_WING_MINUS_BODY,DERIVED_EXACT_ARITHMETIC_FROM_PAGE_IMAGE_CROSSCHECKED_SOURCE_TABLES
NASA_CR_3608_DERIVED_WING_INCREMENT,CR3608_ROTARY_BODY_WING_BETA0_V0.1 - CR3608_ROTARY_BODY_BETA0_V0.1,"F-18 Wing incremental contribution from component buildup",0,55,0.30,,0.024,0.87,-0.223,0.033,-0.0084,-0.0228,BODY_WING_MINUS_BODY,DERIVED_EXACT_ARITHMETIC_FROM_PAGE_IMAGE_CROSSCHECKED_SOURCE_TABLES
NASA_CR_3608_DERIVED_WING_INCREMENT,CR3608_ROTARY_BODY_WING_BETA0_V0.1 - CR3608_ROTARY_BODY_BETA0_V0.1,"F-18 Wing incremental contribution from component buildup",0,55,0.40,,0.018,0.95,-0.221,0.061,-0.0139,-0.0134,BODY_WING_MINUS_BODY,DERIVED_EXACT_ARITHMETIC_FROM_PAGE_IMAGE_CROSSCHECKED_SOURCE_TABLES
NASA_CR_3608_DERIVED_WING_INCREMENT,CR3608_ROTARY_BODY_WING_BETA0_V0.1 - CR3608_ROTARY_BODY_BETA0_V0.1,"F-18 Wing incremental contribution from component buildup",0,60,-0.40,,0.013,1.01,-0.256,0.016,0.0095,0.0327,BODY_WING_MINUS_BODY,DERIVED_EXACT_ARITHMETIC_FROM_PAGE_IMAGE_CROSSCHECKED_SOURCE_TABLES
NASA_CR_3608_DERIVED_WING_INCREMENT,CR3608_ROTARY_BODY_WING_BETA0_V0.1 - CR3608_ROTARY_BODY_BETA0_V0.1,"F-18 Wing incremental contribution from component buildup",0,60,-0.30,,0.017,0.90,-0.230,0.032,0.0116,0.0373,BODY_WING_MINUS_BODY,DERIVED_EXACT_ARITHMETIC_FROM_PAGE_IMAGE_CROSSCHECKED_SOURCE_TABLES
NASA_CR_3608_DERIVED_WING_INCREMENT,CR3608_ROTARY_BODY_WING_BETA0_V0.1 - CR3608_ROTARY_BODY_BETA0_V0.1,"F-18 Wing incremental contribution from component buildup",0,60,-0.20,,0.020,0.84,-0.208,-0.018,0.0089,0.0165,BODY_WING_MINUS_BODY,DERIVED_EXACT_ARITHMETIC_FROM_PAGE_IMAGE_CROSSCHECKED_SOURCE_TABLES
NASA_CR_3608_DERIVED_WING_INCREMENT,CR3608_ROTARY_BODY_WING_BETA0_V0.1 - CR3608_ROTARY_BODY_BETA0_V0.1,"F-18 Wing incremental contribution from component buildup",0,60,-0.10,,0.017,0.85,-0.200,-0.058,0.0027,-0.0158,BODY_WING_MINUS_BODY,DERIVED_EXACT_ARITHMETIC_FROM_PAGE_IMAGE_CROSSCHECKED_SOURCE_TABLES
NASA_CR_3608_DERIVED_WING_INCREMENT,CR3608_ROTARY_BODY_WING_BETA0_V0.1 - CR3608_ROTARY_BODY_BETA0_V0.1,"F-18 Wing incremental contribution from component buildup",0,60,-0.05,,0.019,0.83,-0.215,-0.033,0.0019,-0.0061,BODY_WING_MINUS_BODY,DERIVED_EXACT_ARITHMETIC_FROM_PAGE_IMAGE_CROSSCHECKED_SOURCE_TABLES
NASA_CR_3608_DERIVED_WING_INCREMENT,CR3608_ROTARY_BODY_WING_BETA0_V0.1 - CR3608_ROTARY_BODY_BETA0_V0.1,"F-18 Wing incremental contribution from component buildup",0,60,0.00,1,0.021,0.80,-0.212,-0.056,-0.0003,-0.0241,BODY_WING_MINUS_BODY,DERIVED_EXACT_ARITHMETIC_FROM_PAGE_IMAGE_CROSSCHECKED_SOURCE_TABLES
NASA_CR_3608_DERIVED_WING_INCREMENT,CR3608_ROTARY_BODY_WING_BETA0_V0.1 - CR3608_ROTARY_BODY_BETA0_V0.1,"F-18 Wing incremental contribution from component buildup",0,60,0.00,2,0.021,0.78,-0.209,-0.061,0.0009,-0.0264,BODY_WING_MINUS_BODY,DERIVED_EXACT_ARITHMETIC_FROM_PAGE_IMAGE_CROSSCHECKED_SOURCE_TABLES
NASA_CR_3608_DERIVED_WING_INCREMENT,CR3608_ROTARY_BODY_WING_BETA0_V0.1 - CR3608_ROTARY_BODY_BETA0_V0.1,"F-18 Wing incremental contribution from component buildup",0,60,0.05,,0.032,0.78,-0.213,-0.063,-0.0028,-0.0269,BODY_WING_MINUS_BODY,DERIVED_EXACT_ARITHMETIC_FROM_PAGE_IMAGE_CROSSCHECKED_SOURCE_TABLES
NASA_CR_3608_DERIVED_WING_INCREMENT,CR3608_ROTARY_BODY_WING_BETA0_V0.1 - CR3608_ROTARY_BODY_BETA0_V0.1,"F-18 Wing incremental contribution from component buildup",0,60,0.10,,0.031,0.76,-0.218,-0.083,-0.0053,-0.0444,BODY_WING_MINUS_BODY,DERIVED_EXACT_ARITHMETIC_FROM_PAGE_IMAGE_CROSSCHECKED_SOURCE_TABLES
NASA_CR_3608_DERIVED_WING_INCREMENT,CR3608_ROTARY_BODY_WING_BETA0_V0.1 - CR3608_ROTARY_BODY_BETA0_V0.1,"F-18 Wing incremental contribution from component buildup",0,60,0.20,,0.028,0.83,-0.215,0.061,-0.0035,-0.0011,BODY_WING_MINUS_BODY,DERIVED_EXACT_ARITHMETIC_FROM_PAGE_IMAGE_CROSSCHECKED_SOURCE_TABLES
NASA_CR_3608_DERIVED_WING_INCREMENT,CR3608_ROTARY_BODY_WING_BETA0_V0.1 - CR3608_ROTARY_BODY_BETA0_V0.1,"F-18 Wing incremental contribution from component buildup",0,60,0.30,,0.019,0.89,-0.230,0.058,-0.0101,-0.0141,BODY_WING_MINUS_BODY,DERIVED_EXACT_ARITHMETIC_FROM_PAGE_IMAGE_CROSSCHECKED_SOURCE_TABLES
NASA_CR_3608_DERIVED_WING_INCREMENT,CR3608_ROTARY_BODY_WING_BETA0_V0.1 - CR3608_ROTARY_BODY_BETA0_V0.1,"F-18 Wing incremental contribution from component buildup",0,60,0.40,,0.011,1.00,-0.242,0.061,-0.0106,-0.0252,BODY_WING_MINUS_BODY,DERIVED_EXACT_ARITHMETIC_FROM_PAGE_IMAGE_CROSSCHECKED_SOURCE_TABLES
NASA_CR_3608_DERIVED_WING_INCREMENT,CR3608_ROTARY_BODY_WING_BETA0_V0.1 - CR3608_ROTARY_BODY_BETA0_V0.1,"F-18 Wing incremental contribution from component buildup",0,65,-0.40,,0.012,0.99,-0.292,-0.023,0.0085,0.0377,BODY_WING_MINUS_BODY,DERIVED_EXACT_ARITHMETIC_FROM_PAGE_IMAGE_CROSSCHECKED_SOURCE_TABLES
NASA_CR_3608_DERIVED_WING_INCREMENT,CR3608_ROTARY_BODY_WING_BETA0_V0.1 - CR3608_ROTARY_BODY_BETA0_V0.1,"F-18 Wing incremental contribution from component buildup",0,65,-0.30,,0.013,0.90,-0.263,-0.029,0.0070,0.0250,BODY_WING_MINUS_BODY,DERIVED_EXACT_ARITHMETIC_FROM_PAGE_IMAGE_CROSSCHECKED_SOURCE_TABLES
NASA_CR_3608_DERIVED_WING_INCREMENT,CR3608_ROTARY_BODY_WING_BETA0_V0.1 - CR3608_ROTARY_BODY_BETA0_V0.1,"F-18 Wing incremental contribution from component buildup",0,65,-0.20,,0.015,0.86,-0.231,-0.050,0.0028,0.0070,BODY_WING_MINUS_BODY,DERIVED_EXACT_ARITHMETIC_FROM_PAGE_IMAGE_CROSSCHECKED_SOURCE_TABLES
NASA_CR_3608_DERIVED_WING_INCREMENT,CR3608_ROTARY_BODY_WING_BETA0_V0.1 - CR3608_ROTARY_BODY_BETA0_V0.1,"F-18 Wing incremental contribution from component buildup",0,65,-0.10,,0.013,0.83,-0.229,-0.054,0.0012,0.0018,BODY_WING_MINUS_BODY,DERIVED_EXACT_ARITHMETIC_FROM_PAGE_IMAGE_CROSSCHECKED_SOURCE_TABLES
NASA_CR_3608_DERIVED_WING_INCREMENT,CR3608_ROTARY_BODY_WING_BETA0_V0.1 - CR3608_ROTARY_BODY_BETA0_V0.1,"F-18 Wing incremental contribution from component buildup",0,65,-0.05,,0.017,0.81,-0.236,-0.043,0.0004,-0.0038,BODY_WING_MINUS_BODY,DERIVED_EXACT_ARITHMETIC_FROM_PAGE_IMAGE_CROSSCHECKED_SOURCE_TABLES
NASA_CR_3608_DERIVED_WING_INCREMENT,CR3608_ROTARY_BODY_WING_BETA0_V0.1 - CR3608_ROTARY_BODY_BETA0_V0.1,"F-18 Wing incremental contribution from component buildup",0,65,0.00,1,0.017,0.78,-0.230,-0.084,-0.0008,-0.0378,BODY_WING_MINUS_BODY,DERIVED_EXACT_ARITHMETIC_FROM_PAGE_IMAGE_CROSSCHECKED_SOURCE_TABLES
NASA_CR_3608_DERIVED_WING_INCREMENT,CR3608_ROTARY_BODY_WING_BETA0_V0.1 - CR3608_ROTARY_BODY_BETA0_V0.1,"F-18 Wing incremental contribution from component buildup",0,65,0.00,2,0.019,0.80,-0.236,-0.094,-0.0020,-0.0388,BODY_WING_MINUS_BODY,DERIVED_EXACT_ARITHMETIC_FROM_PAGE_IMAGE_CROSSCHECKED_SOURCE_TABLES
NASA_CR_3608_DERIVED_WING_INCREMENT,CR3608_ROTARY_BODY_WING_BETA0_V0.1 - CR3608_ROTARY_BODY_BETA0_V0.1,"F-18 Wing incremental contribution from component buildup",0,65,0.05,,0.025,0.78,-0.240,-0.065,0.0003,-0.0302,BODY_WING_MINUS_BODY,DERIVED_EXACT_ARITHMETIC_FROM_PAGE_IMAGE_CROSSCHECKED_SOURCE_TABLES
NASA_CR_3608_DERIVED_WING_INCREMENT,CR3608_ROTARY_BODY_WING_BETA0_V0.1 - CR3608_ROTARY_BODY_BETA0_V0.1,"F-18 Wing incremental contribution from component buildup",0,65,0.10,,0.023,0.78,-0.234,-0.041,-0.0013,-0.0290,BODY_WING_MINUS_BODY,DERIVED_EXACT_ARITHMETIC_FROM_PAGE_IMAGE_CROSSCHECKED_SOURCE_TABLES
NASA_CR_3608_DERIVED_WING_INCREMENT,CR3608_ROTARY_BODY_WING_BETA0_V0.1 - CR3608_ROTARY_BODY_BETA0_V0.1,"F-18 Wing incremental contribution from component buildup",0,65,0.20,,0.022,0.80,-0.250,-0.002,-0.0033,-0.0281,BODY_WING_MINUS_BODY,DERIVED_EXACT_ARITHMETIC_FROM_PAGE_IMAGE_CROSSCHECKED_SOURCE_TABLES
NASA_CR_3608_DERIVED_WING_INCREMENT,CR3608_ROTARY_BODY_WING_BETA0_V0.1 - CR3608_ROTARY_BODY_BETA0_V0.1,"F-18 Wing incremental contribution from component buildup",0,65,0.30,,0.024,0.88,-0.263,0.052,-0.0056,-0.0153,BODY_WING_MINUS_BODY,DERIVED_EXACT_ARITHMETIC_FROM_PAGE_IMAGE_CROSSCHECKED_SOURCE_TABLES
NASA_CR_3608_DERIVED_WING_INCREMENT,CR3608_ROTARY_BODY_WING_BETA0_V0.1 - CR3608_ROTARY_BODY_BETA0_V0.1,"F-18 Wing incremental contribution from component buildup",0,65,0.40,,0.016,0.96,-0.290,0.053,-0.0068,-0.0295,BODY_WING_MINUS_BODY,DERIVED_EXACT_ARITHMETIC_FROM_PAGE_IMAGE_CROSSCHECKED_SOURCE_TABLES
NASA_CR_3608_DERIVED_WING_INCREMENT,CR3608_ROTARY_BODY_WING_BETA0_V0.1 - CR3608_ROTARY_BODY_BETA0_V0.1,"F-18 Wing incremental contribution from component buildup",0,70,-0.40,,0.009,1.08,-0.274,-0.054,0.0061,0.0204,BODY_WING_MINUS_BODY,DERIVED_EXACT_ARITHMETIC_FROM_PAGE_IMAGE_CROSSCHECKED_SOURCE_TABLES
NASA_CR_3608_DERIVED_WING_INCREMENT,CR3608_ROTARY_BODY_WING_BETA0_V0.1 - CR3608_ROTARY_BODY_BETA0_V0.1,"F-18 Wing incremental contribution from component buildup",0,70,-0.30,,0.001,0.98,-0.267,-0.048,0.0033,0.0171,BODY_WING_MINUS_BODY,DERIVED_EXACT_ARITHMETIC_FROM_PAGE_IMAGE_CROSSCHECKED_SOURCE_TABLES
NASA_CR_3608_DERIVED_WING_INCREMENT,CR3608_ROTARY_BODY_WING_BETA0_V0.1 - CR3608_ROTARY_BODY_BETA0_V0.1,"F-18 Wing incremental contribution from component buildup",0,70,-0.20,,-0.007,0.93,-0.264,-0.038,-0.0003,0.0177,BODY_WING_MINUS_BODY,DERIVED_EXACT_ARITHMETIC_FROM_PAGE_IMAGE_CROSSCHECKED_SOURCE_TABLES
NASA_CR_3608_DERIVED_WING_INCREMENT,CR3608_ROTARY_BODY_WING_BETA0_V0.1 - CR3608_ROTARY_BODY_BETA0_V0.1,"F-18 Wing incremental contribution from component buildup",0,70,-0.10,,-0.005,0.88,-0.240,-0.027,-0.0010,0.0063,BODY_WING_MINUS_BODY,DERIVED_EXACT_ARITHMETIC_FROM_PAGE_IMAGE_CROSSCHECKED_SOURCE_TABLES
NASA_CR_3608_DERIVED_WING_INCREMENT,CR3608_ROTARY_BODY_WING_BETA0_V0.1 - CR3608_ROTARY_BODY_BETA0_V0.1,"F-18 Wing incremental contribution from component buildup",0,70,-0.05,,0.000,0.87,-0.231,-0.053,-0.0021,-0.0168,BODY_WING_MINUS_BODY,DERIVED_EXACT_ARITHMETIC_FROM_PAGE_IMAGE_CROSSCHECKED_SOURCE_TABLES
NASA_CR_3608_DERIVED_WING_INCREMENT,CR3608_ROTARY_BODY_WING_BETA0_V0.1 - CR3608_ROTARY_BODY_BETA0_V0.1,"F-18 Wing incremental contribution from component buildup",0,70,0.00,1,0.006,0.85,-0.241,-0.080,-0.0008,-0.0371,BODY_WING_MINUS_BODY,DERIVED_EXACT_ARITHMETIC_FROM_PAGE_IMAGE_CROSSCHECKED_SOURCE_TABLES
NASA_CR_3608_DERIVED_WING_INCREMENT,CR3608_ROTARY_BODY_WING_BETA0_V0.1 - CR3608_ROTARY_BODY_BETA0_V0.1,"F-18 Wing incremental contribution from component buildup",0,70,0.00,2,0.004,0.83,-0.239,-0.087,-0.0038,-0.0359,BODY_WING_MINUS_BODY,DERIVED_EXACT_ARITHMETIC_FROM_PAGE_IMAGE_CROSSCHECKED_SOURCE_TABLES
NASA_CR_3608_DERIVED_WING_INCREMENT,CR3608_ROTARY_BODY_WING_BETA0_V0.1 - CR3608_ROTARY_BODY_BETA0_V0.1,"F-18 Wing incremental contribution from component buildup",0,70,0.05,,0.001,0.88,-0.249,0.008,0.0013,-0.0214,BODY_WING_MINUS_BODY,DERIVED_EXACT_ARITHMETIC_FROM_PAGE_IMAGE_CROSSCHECKED_SOURCE_TABLES
NASA_CR_3608_DERIVED_WING_INCREMENT,CR3608_ROTARY_BODY_WING_BETA0_V0.1 - CR3608_ROTARY_BODY_BETA0_V0.1,"F-18 Wing incremental contribution from component buildup",0,70,0.10,,-0.005,0.89,-0.255,0.022,0.0021,-0.0263,BODY_WING_MINUS_BODY,DERIVED_EXACT_ARITHMETIC_FROM_PAGE_IMAGE_CROSSCHECKED_SOURCE_TABLES
NASA_CR_3608_DERIVED_WING_INCREMENT,CR3608_ROTARY_BODY_WING_BETA0_V0.1 - CR3608_ROTARY_BODY_BETA0_V0.1,"F-18 Wing incremental contribution from component buildup",0,70,0.20,,-0.002,0.92,-0.232,0.087,0.0016,0.0039,BODY_WING_MINUS_BODY,DERIVED_EXACT_ARITHMETIC_FROM_PAGE_IMAGE_CROSSCHECKED_SOURCE_TABLES
NASA_CR_3608_DERIVED_WING_INCREMENT,CR3608_ROTARY_BODY_WING_BETA0_V0.1 - CR3608_ROTARY_BODY_BETA0_V0.1,"F-18 Wing incremental contribution from component buildup",0,70,0.30,,0.002,0.93,-0.260,0.080,-0.0033,-0.0073,BODY_WING_MINUS_BODY,DERIVED_EXACT_ARITHMETIC_FROM_PAGE_IMAGE_CROSSCHECKED_SOURCE_TABLES
NASA_CR_3608_DERIVED_WING_INCREMENT,CR3608_ROTARY_BODY_WING_BETA0_V0.1 - CR3608_ROTARY_BODY_BETA0_V0.1,"F-18 Wing incremental contribution from component buildup",0,70,0.40,,0.013,1.01,-0.273,0.126,-0.0057,-0.0152,BODY_WING_MINUS_BODY,DERIVED_EXACT_ARITHMETIC_FROM_PAGE_IMAGE_CROSSCHECKED_SOURCE_TABLES
NASA_CR_3608_DERIVED_WING_INCREMENT,CR3608_ROTARY_BODY_WING_BETA0_V0.1 - CR3608_ROTARY_BODY_BETA0_V0.1,"F-18 Wing incremental contribution from component buildup",0,75,-0.40,,0.010,1.06,-0.318,-0.038,0.0059,0.0207,BODY_WING_MINUS_BODY,DERIVED_EXACT_ARITHMETIC_FROM_PAGE_IMAGE_CROSSCHECKED_SOURCE_TABLES
NASA_CR_3608_DERIVED_WING_INCREMENT,CR3608_ROTARY_BODY_WING_BETA0_V0.1 - CR3608_ROTARY_BODY_BETA0_V0.1,"F-18 Wing incremental contribution from component buildup",0,75,-0.30,,0.010,0.96,-0.290,-0.065,-0.0020,0.0113,BODY_WING_MINUS_BODY,DERIVED_EXACT_ARITHMETIC_FROM_PAGE_IMAGE_CROSSCHECKED_SOURCE_TABLES
NASA_CR_3608_DERIVED_WING_INCREMENT,CR3608_ROTARY_BODY_WING_BETA0_V0.1 - CR3608_ROTARY_BODY_BETA0_V0.1,"F-18 Wing incremental contribution from component buildup",0,75,-0.20,,0.007,0.91,-0.276,-0.066,-0.0043,0.0035,BODY_WING_MINUS_BODY,DERIVED_EXACT_ARITHMETIC_FROM_PAGE_IMAGE_CROSSCHECKED_SOURCE_TABLES
NASA_CR_3608_DERIVED_WING_INCREMENT,CR3608_ROTARY_BODY_WING_BETA0_V0.1 - CR3608_ROTARY_BODY_BETA0_V0.1,"F-18 Wing incremental contribution from component buildup",0,75,-0.10,,0.005,0.87,-0.263,-0.036,-0.0031,0.0031,BODY_WING_MINUS_BODY,DERIVED_EXACT_ARITHMETIC_FROM_PAGE_IMAGE_CROSSCHECKED_SOURCE_TABLES
NASA_CR_3608_DERIVED_WING_INCREMENT,CR3608_ROTARY_BODY_WING_BETA0_V0.1 - CR3608_ROTARY_BODY_BETA0_V0.1,"F-18 Wing incremental contribution from component buildup",0,75,-0.05,,0.008,0.87,-0.264,-0.026,-0.0033,0.0042,BODY_WING_MINUS_BODY,DERIVED_EXACT_ARITHMETIC_FROM_PAGE_IMAGE_CROSSCHECKED_SOURCE_TABLES
NASA_CR_3608_DERIVED_WING_INCREMENT,CR3608_ROTARY_BODY_WING_BETA0_V0.1 - CR3608_ROTARY_BODY_BETA0_V0.1,"F-18 Wing incremental contribution from component buildup",0,75,0.00,1,0.006,0.85,-0.267,-0.005,0.0016,0.0031,BODY_WING_MINUS_BODY,DERIVED_EXACT_ARITHMETIC_FROM_PAGE_IMAGE_CROSSCHECKED_SOURCE_TABLES
NASA_CR_3608_DERIVED_WING_INCREMENT,CR3608_ROTARY_BODY_WING_BETA0_V0.1 - CR3608_ROTARY_BODY_BETA0_V0.1,"F-18 Wing incremental contribution from component buildup",0,75,0.00,2,0.005,0.81,-0.265,-0.020,0.0032,0.0037,BODY_WING_MINUS_BODY,DERIVED_EXACT_ARITHMETIC_FROM_PAGE_IMAGE_CROSSCHECKED_SOURCE_TABLES
NASA_CR_3608_DERIVED_WING_INCREMENT,CR3608_ROTARY_BODY_WING_BETA0_V0.1 - CR3608_ROTARY_BODY_BETA0_V0.1,"F-18 Wing incremental contribution from component buildup",0,75,0.05,,0.017,0.80,-0.269,0.014,0.0021,0.0008,BODY_WING_MINUS_BODY,DERIVED_EXACT_ARITHMETIC_FROM_PAGE_IMAGE_CROSSCHECKED_SOURCE_TABLES
NASA_CR_3608_DERIVED_WING_INCREMENT,CR3608_ROTARY_BODY_WING_BETA0_V0.1 - CR3608_ROTARY_BODY_BETA0_V0.1,"F-18 Wing incremental contribution from component buildup",0,75,0.10,,0.013,0.82,-0.270,0.033,0.0045,-0.0045,BODY_WING_MINUS_BODY,DERIVED_EXACT_ARITHMETIC_FROM_PAGE_IMAGE_CROSSCHECKED_SOURCE_TABLES
NASA_CR_3608_DERIVED_WING_INCREMENT,CR3608_ROTARY_BODY_WING_BETA0_V0.1 - CR3608_ROTARY_BODY_BETA0_V0.1,"F-18 Wing incremental contribution from component buildup",0,75,0.20,,0.016,0.86,-0.289,0.066,0.0050,-0.0129,BODY_WING_MINUS_BODY,DERIVED_EXACT_ARITHMETIC_FROM_PAGE_IMAGE_CROSSCHECKED_SOURCE_TABLES
NASA_CR_3608_DERIVED_WING_INCREMENT,CR3608_ROTARY_BODY_WING_BETA0_V0.1 - CR3608_ROTARY_BODY_BETA0_V0.1,"F-18 Wing incremental contribution from component buildup",0,75,0.30,,0.019,0.95,-0.303,0.089,0.0017,-0.0044,BODY_WING_MINUS_BODY,DERIVED_EXACT_ARITHMETIC_FROM_PAGE_IMAGE_CROSSCHECKED_SOURCE_TABLES
NASA_CR_3608_DERIVED_WING_INCREMENT,CR3608_ROTARY_BODY_WING_BETA0_V0.1 - CR3608_ROTARY_BODY_BETA0_V0.1,"F-18 Wing incremental contribution from component buildup",0,75,0.40,,0.017,1.05,-0.316,0.105,-0.0001,-0.0097,BODY_WING_MINUS_BODY,DERIVED_EXACT_ARITHMETIC_FROM_PAGE_IMAGE_CROSSCHECKED_SOURCE_TABLES
NASA_CR_3608_DERIVED_WING_INCREMENT,CR3608_ROTARY_BODY_WING_BETA0_V0.1 - CR3608_ROTARY_BODY_BETA0_V0.1,"F-18 Wing incremental contribution from component buildup",0,80,-0.40,,0.000,1.13,-0.324,-0.018,-0.0043,0.0342,BODY_WING_MINUS_BODY,DERIVED_EXACT_ARITHMETIC_FROM_PAGE_IMAGE_CROSSCHECKED_SOURCE_TABLES
NASA_CR_3608_DERIVED_WING_INCREMENT,CR3608_ROTARY_BODY_WING_BETA0_V0.1 - CR3608_ROTARY_BODY_BETA0_V0.1,"F-18 Wing incremental contribution from component buildup",0,80,-0.30,,0.015,1.03,-0.350,-0.058,-0.0054,0.0077,BODY_WING_MINUS_BODY,DERIVED_EXACT_ARITHMETIC_FROM_PAGE_IMAGE_CROSSCHECKED_SOURCE_TABLES
NASA_CR_3608_DERIVED_WING_INCREMENT,CR3608_ROTARY_BODY_WING_BETA0_V0.1 - CR3608_ROTARY_BODY_BETA0_V0.1,"F-18 Wing incremental contribution from component buildup",0,80,-0.20,,0.007,0.98,-0.312,-0.032,-0.0091,0.0154,BODY_WING_MINUS_BODY,DERIVED_EXACT_ARITHMETIC_FROM_PAGE_IMAGE_CROSSCHECKED_SOURCE_TABLES
NASA_CR_3608_DERIVED_WING_INCREMENT,CR3608_ROTARY_BODY_WING_BETA0_V0.1 - CR3608_ROTARY_BODY_BETA0_V0.1,"F-18 Wing incremental contribution from component buildup",0,80,-0.10,,0.000,0.95,-0.293,-0.012,-0.0039,0.0135,BODY_WING_MINUS_BODY,DERIVED_EXACT_ARITHMETIC_FROM_PAGE_IMAGE_CROSSCHECKED_SOURCE_TABLES
NASA_CR_3608_DERIVED_WING_INCREMENT,CR3608_ROTARY_BODY_WING_BETA0_V0.1 - CR3608_ROTARY_BODY_BETA0_V0.1,"F-18 Wing incremental contribution from component buildup",0,80,-0.05,,0.000,0.94,-0.286,0.002,-0.0019,0.0110,BODY_WING_MINUS_BODY,DERIVED_EXACT_ARITHMETIC_FROM_PAGE_IMAGE_CROSSCHECKED_SOURCE_TABLES
NASA_CR_3608_DERIVED_WING_INCREMENT,CR3608_ROTARY_BODY_WING_BETA0_V0.1 - CR3608_ROTARY_BODY_BETA0_V0.1,"F-18 Wing incremental contribution from component buildup",0,80,0.00,1,0.004,0.91,-0.288,0.013,-0.0004,0.0042,BODY_WING_MINUS_BODY,DERIVED_EXACT_ARITHMETIC_FROM_PAGE_IMAGE_CROSSCHECKED_SOURCE_TABLES
NASA_CR_3608_DERIVED_WING_INCREMENT,CR3608_ROTARY_BODY_WING_BETA0_V0.1 - CR3608_ROTARY_BODY_BETA0_V0.1,"F-18 Wing incremental contribution from component buildup",0,80,0.00,2,0.008,0.84,-0.284,-0.009,0.0018,0.0028,BODY_WING_MINUS_BODY,DERIVED_EXACT_ARITHMETIC_FROM_PAGE_IMAGE_CROSSCHECKED_SOURCE_TABLES
NASA_CR_3608_DERIVED_WING_INCREMENT,CR3608_ROTARY_BODY_WING_BETA0_V0.1 - CR3608_ROTARY_BODY_BETA0_V0.1,"F-18 Wing incremental contribution from component buildup",0,80,0.05,,0.016,0.82,-0.289,-0.011,0.0019,-0.0055,BODY_WING_MINUS_BODY,DERIVED_EXACT_ARITHMETIC_FROM_PAGE_IMAGE_CROSSCHECKED_SOURCE_TABLES
NASA_CR_3608_DERIVED_WING_INCREMENT,CR3608_ROTARY_BODY_WING_BETA0_V0.1 - CR3608_ROTARY_BODY_BETA0_V0.1,"F-18 Wing incremental contribution from component buildup",0,80,0.10,,0.013,0.82,-0.288,0.013,0.0043,-0.0092,BODY_WING_MINUS_BODY,DERIVED_EXACT_ARITHMETIC_FROM_PAGE_IMAGE_CROSSCHECKED_SOURCE_TABLES
NASA_CR_3608_DERIVED_WING_INCREMENT,CR3608_ROTARY_BODY_WING_BETA0_V0.1 - CR3608_ROTARY_BODY_BETA0_V0.1,"F-18 Wing incremental contribution from component buildup",0,80,0.20,,0.018,0.88,-0.311,0.056,0.0091,-0.0117,BODY_WING_MINUS_BODY,DERIVED_EXACT_ARITHMETIC_FROM_PAGE_IMAGE_CROSSCHECKED_SOURCE_TABLES
NASA_CR_3608_DERIVED_WING_INCREMENT,CR3608_ROTARY_BODY_WING_BETA0_V0.1 - CR3608_ROTARY_BODY_BETA0_V0.1,"F-18 Wing incremental contribution from component buildup",0,80,0.30,,0.022,0.96,-0.346,0.079,0.0066,-0.0065,BODY_WING_MINUS_BODY,DERIVED_EXACT_ARITHMETIC_FROM_PAGE_IMAGE_CROSSCHECKED_SOURCE_TABLES
NASA_CR_3608_DERIVED_WING_INCREMENT,CR3608_ROTARY_BODY_WING_BETA0_V0.1 - CR3608_ROTARY_BODY_BETA0_V0.1,"F-18 Wing incremental contribution from component buildup",0,80,0.40,,0.014,1.15,-0.343,0.091,0.0034,-0.0155,BODY_WING_MINUS_BODY,DERIVED_EXACT_ARITHMETIC_FROM_PAGE_IMAGE_CROSSCHECKED_SOURCE_TABLES
NASA_CR_3608_DERIVED_WING_INCREMENT,CR3608_ROTARY_BODY_WING_BETA0_V0.1 - CR3608_ROTARY_BODY_BETA0_V0.1,"F-18 Wing incremental contribution from component buildup",0,85,-0.40,,-0.002,1.14,-0.348,0.006,-0.0048,0.0382,BODY_WING_MINUS_BODY,DERIVED_EXACT_ARITHMETIC_FROM_PAGE_IMAGE_CROSSCHECKED_SOURCE_TABLES
NASA_CR_3608_DERIVED_WING_INCREMENT,CR3608_ROTARY_BODY_WING_BETA0_V0.1 - CR3608_ROTARY_BODY_BETA0_V0.1,"F-18 Wing incremental contribution from component buildup",0,85,-0.30,,0.002,1.09,-0.340,0.016,-0.0057,0.0365,BODY_WING_MINUS_BODY,DERIVED_EXACT_ARITHMETIC_FROM_PAGE_IMAGE_CROSSCHECKED_SOURCE_TABLES
NASA_CR_3608_DERIVED_WING_INCREMENT,CR3608_ROTARY_BODY_WING_BETA0_V0.1 - CR3608_ROTARY_BODY_BETA0_V0.1,"F-18 Wing incremental contribution from component buildup",0,85,-0.20,,0.012,1.02,-0.334,0.002,-0.0083,0.0306,BODY_WING_MINUS_BODY,DERIVED_EXACT_ARITHMETIC_FROM_PAGE_IMAGE_CROSSCHECKED_SOURCE_TABLES
NASA_CR_3608_DERIVED_WING_INCREMENT,CR3608_ROTARY_BODY_WING_BETA0_V0.1 - CR3608_ROTARY_BODY_BETA0_V0.1,"F-18 Wing incremental contribution from component buildup",0,85,-0.10,,0.006,0.98,-0.314,0.007,-0.0013,0.0212,BODY_WING_MINUS_BODY,DERIVED_EXACT_ARITHMETIC_FROM_PAGE_IMAGE_CROSSCHECKED_SOURCE_TABLES
NASA_CR_3608_DERIVED_WING_INCREMENT,CR3608_ROTARY_BODY_WING_BETA0_V0.1 - CR3608_ROTARY_BODY_BETA0_V0.1,"F-18 Wing incremental contribution from component buildup",0,85,-0.05,,0.009,0.98,-0.311,0.003,0.0008,0.0137,BODY_WING_MINUS_BODY,DERIVED_EXACT_ARITHMETIC_FROM_PAGE_IMAGE_CROSSCHECKED_SOURCE_TABLES
NASA_CR_3608_DERIVED_WING_INCREMENT,CR3608_ROTARY_BODY_WING_BETA0_V0.1 - CR3608_ROTARY_BODY_BETA0_V0.1,"F-18 Wing incremental contribution from component buildup",0,85,0.00,1,0.004,0.97,-0.304,0.014,0.0019,0.0066,BODY_WING_MINUS_BODY,DERIVED_EXACT_ARITHMETIC_FROM_PAGE_IMAGE_CROSSCHECKED_SOURCE_TABLES
NASA_CR_3608_DERIVED_WING_INCREMENT,CR3608_ROTARY_BODY_WING_BETA0_V0.1 - CR3608_ROTARY_BODY_BETA0_V0.1,"F-18 Wing incremental contribution from component buildup",0,85,0.00,2,0.006,0.97,-0.309,0.021,0.0007,0.0031,BODY_WING_MINUS_BODY,DERIVED_EXACT_ARITHMETIC_FROM_PAGE_IMAGE_CROSSCHECKED_SOURCE_TABLES
NASA_CR_3608_DERIVED_WING_INCREMENT,CR3608_ROTARY_BODY_WING_BETA0_V0.1 - CR3608_ROTARY_BODY_BETA0_V0.1,"F-18 Wing incremental contribution from component buildup",0,85,0.05,,0.017,0.93,-0.316,0.020,0.0000,-0.0036,BODY_WING_MINUS_BODY,DERIVED_EXACT_ARITHMETIC_FROM_PAGE_IMAGE_CROSSCHECKED_SOURCE_TABLES
NASA_CR_3608_DERIVED_WING_INCREMENT,CR3608_ROTARY_BODY_WING_BETA0_V0.1 - CR3608_ROTARY_BODY_BETA0_V0.1,"F-18 Wing incremental contribution from component buildup",0,85,0.10,,0.014,0.95,-0.328,0.017,0.0013,-0.0160,BODY_WING_MINUS_BODY,DERIVED_EXACT_ARITHMETIC_FROM_PAGE_IMAGE_CROSSCHECKED_SOURCE_TABLES
NASA_CR_3608_DERIVED_WING_INCREMENT,CR3608_ROTARY_BODY_WING_BETA0_V0.1 - CR3608_ROTARY_BODY_BETA0_V0.1,"F-18 Wing incremental contribution from component buildup",0,85,0.20,,0.018,0.99,-0.344,0.030,0.0093,-0.0313,BODY_WING_MINUS_BODY,DERIVED_EXACT_ARITHMETIC_FROM_PAGE_IMAGE_CROSSCHECKED_SOURCE_TABLES
NASA_CR_3608_DERIVED_WING_INCREMENT,CR3608_ROTARY_BODY_WING_BETA0_V0.1 - CR3608_ROTARY_BODY_BETA0_V0.1,"F-18 Wing incremental contribution from component buildup",0,85,0.30,,0.013,1.04,-0.357,0.038,0.0084,-0.0259,BODY_WING_MINUS_BODY,DERIVED_EXACT_ARITHMETIC_FROM_PAGE_IMAGE_CROSSCHECKED_SOURCE_TABLES
NASA_CR_3608_DERIVED_WING_INCREMENT,CR3608_ROTARY_BODY_WING_BETA0_V0.1 - CR3608_ROTARY_BODY_BETA0_V0.1,"F-18 Wing incremental contribution from component buildup",0,85,0.40,,-0.003,1.13,-0.340,0.052,0.0091,-0.0363,BODY_WING_MINUS_BODY,DERIVED_EXACT_ARITHMETIC_FROM_PAGE_IMAGE_CROSSCHECKED_SOURCE_TABLES
NASA_CR_3608_DERIVED_WING_INCREMENT,CR3608_ROTARY_BODY_WING_BETA0_V0.1 - CR3608_ROTARY_BODY_BETA0_V0.1,"F-18 Wing incremental contribution from component buildup",0,90,-0.40,,0.013,1.00,-0.371,-0.029,-0.0070,0.0411,BODY_WING_MINUS_BODY,DERIVED_EXACT_ARITHMETIC_FROM_PAGE_IMAGE_CROSSCHECKED_SOURCE_TABLES
NASA_CR_3608_DERIVED_WING_INCREMENT,CR3608_ROTARY_BODY_WING_BETA0_V0.1 - CR3608_ROTARY_BODY_BETA0_V0.1,"F-18 Wing incremental contribution from component buildup",0,90,-0.30,,0.015,0.94,-0.358,-0.004,-0.0050,0.0421,BODY_WING_MINUS_BODY,DERIVED_EXACT_ARITHMETIC_FROM_PAGE_IMAGE_CROSSCHECKED_SOURCE_TABLES
NASA_CR_3608_DERIVED_WING_INCREMENT,CR3608_ROTARY_BODY_WING_BETA0_V0.1 - CR3608_ROTARY_BODY_BETA0_V0.1,"F-18 Wing incremental contribution from component buildup",0,90,-0.20,,0.014,0.85,-0.315,-0.008,-0.0052,0.0402,BODY_WING_MINUS_BODY,DERIVED_EXACT_ARITHMETIC_FROM_PAGE_IMAGE_CROSSCHECKED_SOURCE_TABLES
NASA_CR_3608_DERIVED_WING_INCREMENT,CR3608_ROTARY_BODY_WING_BETA0_V0.1 - CR3608_ROTARY_BODY_BETA0_V0.1,"F-18 Wing incremental contribution from component buildup",0,90,-0.10,,0.022,0.82,-0.318,-0.005,0.0021,0.0261,BODY_WING_MINUS_BODY,DERIVED_EXACT_ARITHMETIC_FROM_PAGE_IMAGE_CROSSCHECKED_SOURCE_TABLES
NASA_CR_3608_DERIVED_WING_INCREMENT,CR3608_ROTARY_BODY_WING_BETA0_V0.1 - CR3608_ROTARY_BODY_BETA0_V0.1,"F-18 Wing incremental contribution from component buildup",0,90,-0.05,,0.028,0.78,-0.308,-0.017,0.0025,0.0195,BODY_WING_MINUS_BODY,DERIVED_EXACT_ARITHMETIC_FROM_PAGE_IMAGE_CROSSCHECKED_SOURCE_TABLES
NASA_CR_3608_DERIVED_WING_INCREMENT,CR3608_ROTARY_BODY_WING_BETA0_V0.1 - CR3608_ROTARY_BODY_BETA0_V0.1,"F-18 Wing incremental contribution from component buildup",0,90,0.00,1,0.022,0.80,-0.305,-0.026,0.0017,0.0053,BODY_WING_MINUS_BODY,DERIVED_EXACT_ARITHMETIC_FROM_PAGE_IMAGE_CROSSCHECKED_SOURCE_TABLES
NASA_CR_3608_DERIVED_WING_INCREMENT,CR3608_ROTARY_BODY_WING_BETA0_V0.1 - CR3608_ROTARY_BODY_BETA0_V0.1,"F-18 Wing incremental contribution from component buildup",0,90,0.00,2,0.019,0.84,-0.313,-0.019,0.0006,0.0097,BODY_WING_MINUS_BODY,DERIVED_EXACT_ARITHMETIC_FROM_PAGE_IMAGE_CROSSCHECKED_SOURCE_TABLES
NASA_CR_3608_DERIVED_WING_INCREMENT,CR3608_ROTARY_BODY_WING_BETA0_V0.1 - CR3608_ROTARY_BODY_BETA0_V0.1,"F-18 Wing incremental contribution from component buildup",0,90,0.05,,0.025,0.81,-0.316,-0.035,-0.0011,-0.0082,BODY_WING_MINUS_BODY,DERIVED_EXACT_ARITHMETIC_FROM_PAGE_IMAGE_CROSSCHECKED_SOURCE_TABLES
NASA_CR_3608_DERIVED_WING_INCREMENT,CR3608_ROTARY_BODY_WING_BETA0_V0.1 - CR3608_ROTARY_BODY_BETA0_V0.1,"F-18 Wing incremental contribution from component buildup",0,90,0.10,,0.023,0.77,-0.326,-0.049,-0.0006,-0.0227,BODY_WING_MINUS_BODY,DERIVED_EXACT_ARITHMETIC_FROM_PAGE_IMAGE_CROSSCHECKED_SOURCE_TABLES
NASA_CR_3608_DERIVED_WING_INCREMENT,CR3608_ROTARY_BODY_WING_BETA0_V0.1 - CR3608_ROTARY_BODY_BETA0_V0.1,"F-18 Wing incremental contribution from component buildup",0,90,0.20,,0.019,0.79,-0.324,-0.032,0.0050,-0.0370,BODY_WING_MINUS_BODY,DERIVED_EXACT_ARITHMETIC_FROM_PAGE_IMAGE_CROSSCHECKED_SOURCE_TABLES
NASA_CR_3608_DERIVED_WING_INCREMENT,CR3608_ROTARY_BODY_WING_BETA0_V0.1 - CR3608_ROTARY_BODY_BETA0_V0.1,"F-18 Wing incremental contribution from component buildup",0,90,0.30,,0.019,0.83,-0.358,-0.028,0.0050,-0.0423,BODY_WING_MINUS_BODY,DERIVED_EXACT_ARITHMETIC_FROM_PAGE_IMAGE_CROSSCHECKED_SOURCE_TABLES
NASA_CR_3608_DERIVED_WING_INCREMENT,CR3608_ROTARY_BODY_WING_BETA0_V0.1 - CR3608_ROTARY_BODY_BETA0_V0.1,"F-18 Wing incremental contribution from component buildup",0,90,0.40,,0.020,0.85,-0.359,0.005,0.0071,-0.0389,BODY_WING_MINUS_BODY,DERIVED_EXACT_ARITHMETIC_FROM_PAGE_IMAGE_CROSSCHECKED_SOURCE_TABLES
