source_id,derived_from,configuration,beta_deg,rudder_deg,alpha_deg,omega_b_over_2V,zero_replicate,dCA_vertical,dCN_vertical,dCm_vertical,dCY_vertical,dCl_vertical,dCn_vertical,derivation,qa_status
NASA_CR_3608_DERIVED_VERTICAL_INCREMENT,CR3608_ROTARY_BODY_WING_LEX_VERTICAL_DR0_BETA0_V0.1 - CR3608_ROTARY_BODY_WING_LEX_BETA0_V0.1,"F-18 vertical-tail incremental contribution from component buildup",0,0,0,-0.40,,-0.003,0.04,-0.007,0.028,0.0034,-0.0061,BODY_WING_LEX_VERTICAL_MINUS_BODY_WING_LEX,DERIVED_EXACT_ARITHMETIC_FROM_PAGE_IMAGE_CROSSCHECKED_SOURCE_TABLES
NASA_CR_3608_DERIVED_VERTICAL_INCREMENT,CR3608_ROTARY_BODY_WING_LEX_VERTICAL_DR0_BETA0_V0.1 - CR3608_ROTARY_BODY_WING_LEX_BETA0_V0.1,"F-18 vertical-tail incremental contribution from component buildup",0,0,0,-0.30,,0.002,0.02,-0.008,0.022,0.0023,-0.0048,BODY_WING_LEX_VERTICAL_MINUS_BODY_WING_LEX,DERIVED_EXACT_ARITHMETIC_FROM_PAGE_IMAGE_CROSSCHECKED_SOURCE_TABLES
NASA_CR_3608_DERIVED_VERTICAL_INCREMENT,CR3608_ROTARY_BODY_WING_LEX_VERTICAL_DR0_BETA0_V0.1 - CR3608_ROTARY_BODY_WING_LEX_BETA0_V0.1,"F-18 vertical-tail incremental contribution from component buildup",0,0,0,-0.20,,0.009,-0.03,-0.008,0.011,0.0020,-0.0040,BODY_WING_LEX_VERTICAL_MINUS_BODY_WING_LEX,DERIVED_EXACT_ARITHMETIC_FROM_PAGE_IMAGE_CROSSCHECKED_SOURCE_TABLES
NASA_CR_3608_DERIVED_VERTICAL_INCREMENT,CR3608_ROTARY_BODY_WING_LEX_VERTICAL_DR0_BETA0_V0.1 - CR3608_ROTARY_BODY_WING_LEX_BETA0_V0.1,"F-18 vertical-tail incremental contribution from component buildup",0,0,0,-0.10,,0.011,-0.03,-0.008,0.008,0.0017,-0.0032,BODY_WING_LEX_VERTICAL_MINUS_BODY_WING_LEX,DERIVED_EXACT_ARITHMETIC_FROM_PAGE_IMAGE_CROSSCHECKED_SOURCE_TABLES
NASA_CR_3608_DERIVED_VERTICAL_INCREMENT,CR3608_ROTARY_BODY_WING_LEX_VERTICAL_DR0_BETA0_V0.1 - CR3608_ROTARY_BODY_WING_LEX_BETA0_V0.1,"F-18 vertical-tail incremental contribution from component buildup",0,0,0,-0.05,,0.009,-0.03,-0.009,0.005,0.0013,-0.0029,BODY_WING_LEX_VERTICAL_MINUS_BODY_WING_LEX,DERIVED_EXACT_ARITHMETIC_FROM_PAGE_IMAGE_CROSSCHECKED_SOURCE_TABLES
NASA_CR_3608_DERIVED_VERTICAL_INCREMENT,CR3608_ROTARY_BODY_WING_LEX_VERTICAL_DR0_BETA0_V0.1 - CR3608_ROTARY_BODY_WING_LEX_BETA0_V0.1,"F-18 vertical-tail incremental contribution from component buildup",0,0,0,0.00,1,0.005,0.00,-0.007,0.015,0.0006,-0.0024,BODY_WING_LEX_VERTICAL_MINUS_BODY_WING_LEX,DERIVED_EXACT_ARITHMETIC_FROM_PAGE_IMAGE_CROSSCHECKED_SOURCE_TABLES
NASA_CR_3608_DERIVED_VERTICAL_INCREMENT,CR3608_ROTARY_BODY_WING_LEX_VERTICAL_DR0_BETA0_V0.1 - CR3608_ROTARY_BODY_WING_LEX_BETA0_V0.1,"F-18 vertical-tail incremental contribution from component buildup",0,0,0,0.00,2,0.003,0.02,-0.006,0.018,0.0006,-0.0027,BODY_WING_LEX_VERTICAL_MINUS_BODY_WING_LEX,DERIVED_EXACT_ARITHMETIC_FROM_PAGE_IMAGE_CROSSCHECKED_SOURCE_TABLES
NASA_CR_3608_DERIVED_VERTICAL_INCREMENT,CR3608_ROTARY_BODY_WING_LEX_VERTICAL_DR0_BETA0_V0.1 - CR3608_ROTARY_BODY_WING_LEX_BETA0_V0.1,"F-18 vertical-tail incremental contribution from component buildup",0,0,0,0.05,,0.017,-0.01,-0.007,0.009,0.0003,-0.0022,BODY_WING_LEX_VERTICAL_MINUS_BODY_WING_LEX,DERIVED_EXACT_ARITHMETIC_FROM_PAGE_IMAGE_CROSSCHECKED_SOURCE_TABLES
NASA_CR_3608_DERIVED_VERTICAL_INCREMENT,CR3608_ROTARY_BODY_WING_LEX_VERTICAL_DR0_BETA0_V0.1 - CR3608_ROTARY_BODY_WING_LEX_BETA0_V0.1,"F-18 vertical-tail incremental contribution from component buildup",0,0,0,0.10,,0.016,-0.02,-0.007,0.007,0.0001,-0.0021,BODY_WING_LEX_VERTICAL_MINUS_BODY_WING_LEX,DERIVED_EXACT_ARITHMETIC_FROM_PAGE_IMAGE_CROSSCHECKED_SOURCE_TABLES
NASA_CR_3608_DERIVED_VERTICAL_INCREMENT,CR3608_ROTARY_BODY_WING_LEX_VERTICAL_DR0_BETA0_V0.1 - CR3608_ROTARY_BODY_WING_LEX_BETA0_V0.1,"F-18 vertical-tail incremental contribution from component buildup",0,0,0,0.20,,0.015,-0.01,-0.006,0.009,-0.0002,-0.0022,BODY_WING_LEX_VERTICAL_MINUS_BODY_WING_LEX,DERIVED_EXACT_ARITHMETIC_FROM_PAGE_IMAGE_CROSSCHECKED_SOURCE_TABLES
NASA_CR_3608_DERIVED_VERTICAL_INCREMENT,CR3608_ROTARY_BODY_WING_LEX_VERTICAL_DR0_BETA0_V0.1 - CR3608_ROTARY_BODY_WING_LEX_BETA0_V0.1,"F-18 vertical-tail incremental contribution from component buildup",0,0,0,0.30,,0.014,-0.02,-0.007,0.004,-0.0009,-0.0024,BODY_WING_LEX_VERTICAL_MINUS_BODY_WING_LEX,DERIVED_EXACT_ARITHMETIC_FROM_PAGE_IMAGE_CROSSCHECKED_SOURCE_TABLES
NASA_CR_3608_DERIVED_VERTICAL_INCREMENT,CR3608_ROTARY_BODY_WING_LEX_VERTICAL_DR0_BETA0_V0.1 - CR3608_ROTARY_BODY_WING_LEX_BETA0_V0.1,"F-18 vertical-tail incremental contribution from component buildup",0,0,0,0.40,,0.012,-0.02,-0.007,0.002,-0.0014,-0.0025,BODY_WING_LEX_VERTICAL_MINUS_BODY_WING_LEX,DERIVED_EXACT_ARITHMETIC_FROM_PAGE_IMAGE_CROSSCHECKED_SOURCE_TABLES
NASA_CR_3608_DERIVED_VERTICAL_INCREMENT,CR3608_ROTARY_BODY_WING_LEX_VERTICAL_DR0_BETA0_V0.1 - CR3608_ROTARY_BODY_WING_LEX_BETA0_V0.1,"F-18 vertical-tail incremental contribution from component buildup",0,0,5,-0.40,,-0.008,0.04,-0.014,-0.027,-0.0013,0.0031,BODY_WING_LEX_VERTICAL_MINUS_BODY_WING_LEX,DERIVED_EXACT_ARITHMETIC_FROM_PAGE_IMAGE_CROSSCHECKED_SOURCE_TABLES
NASA_CR_3608_DERIVED_VERTICAL_INCREMENT,CR3608_ROTARY_BODY_WING_LEX_VERTICAL_DR0_BETA0_V0.1 - CR3608_ROTARY_BODY_WING_LEX_BETA0_V0.1,"F-18 vertical-tail incremental contribution from component buildup",0,0,5,-0.30,,-0.005,0.04,-0.012,-0.004,0.0002,0.0017,BODY_WING_LEX_VERTICAL_MINUS_BODY_WING_LEX,DERIVED_EXACT_ARITHMETIC_FROM_PAGE_IMAGE_CROSSCHECKED_SOURCE_TABLES
NASA_CR_3608_DERIVED_VERTICAL_INCREMENT,CR3608_ROTARY_BODY_WING_LEX_VERTICAL_DR0_BETA0_V0.1 - CR3608_ROTARY_BODY_WING_LEX_BETA0_V0.1,"F-18 vertical-tail incremental contribution from component buildup",0,0,5,-0.20,,-0.002,0.04,-0.010,0.010,0.0000,0.0003,BODY_WING_LEX_VERTICAL_MINUS_BODY_WING_LEX,DERIVED_EXACT_ARITHMETIC_FROM_PAGE_IMAGE_CROSSCHECKED_SOURCE_TABLES
NASA_CR_3608_DERIVED_VERTICAL_INCREMENT,CR3608_ROTARY_BODY_WING_LEX_VERTICAL_DR0_BETA0_V0.1 - CR3608_ROTARY_BODY_WING_LEX_BETA0_V0.1,"F-18 vertical-tail incremental contribution from component buildup",0,0,5,-0.10,,-0.001,0.04,-0.012,0.022,-0.0001,-0.0012,BODY_WING_LEX_VERTICAL_MINUS_BODY_WING_LEX,DERIVED_EXACT_ARITHMETIC_FROM_PAGE_IMAGE_CROSSCHECKED_SOURCE_TABLES
NASA_CR_3608_DERIVED_VERTICAL_INCREMENT,CR3608_ROTARY_BODY_WING_LEX_VERTICAL_DR0_BETA0_V0.1 - CR3608_ROTARY_BODY_WING_LEX_BETA0_V0.1,"F-18 vertical-tail incremental contribution from component buildup",0,0,5,-0.05,,0.000,0.04,-0.013,0.024,0.0000,-0.0017,BODY_WING_LEX_VERTICAL_MINUS_BODY_WING_LEX,DERIVED_EXACT_ARITHMETIC_FROM_PAGE_IMAGE_CROSSCHECKED_SOURCE_TABLES
NASA_CR_3608_DERIVED_VERTICAL_INCREMENT,CR3608_ROTARY_BODY_WING_LEX_VERTICAL_DR0_BETA0_V0.1 - CR3608_ROTARY_BODY_WING_LEX_BETA0_V0.1,"F-18 vertical-tail incremental contribution from component buildup",0,0,5,0.00,1,0.002,0.03,-0.016,0.022,0.0002,-0.0030,BODY_WING_LEX_VERTICAL_MINUS_BODY_WING_LEX,DERIVED_EXACT_ARITHMETIC_FROM_PAGE_IMAGE_CROSSCHECKED_SOURCE_TABLES
NASA_CR_3608_DERIVED_VERTICAL_INCREMENT,CR3608_ROTARY_BODY_WING_LEX_VERTICAL_DR0_BETA0_V0.1 - CR3608_ROTARY_BODY_WING_LEX_BETA0_V0.1,"F-18 vertical-tail incremental contribution from component buildup",0,0,5,0.00,2,0.002,0.03,-0.015,0.021,0.0012,-0.0030,BODY_WING_LEX_VERTICAL_MINUS_BODY_WING_LEX,DERIVED_EXACT_ARITHMETIC_FROM_PAGE_IMAGE_CROSSCHECKED_SOURCE_TABLES
NASA_CR_3608_DERIVED_VERTICAL_INCREMENT,CR3608_ROTARY_BODY_WING_LEX_VERTICAL_DR0_BETA0_V0.1 - CR3608_ROTARY_BODY_WING_LEX_BETA0_V0.1,"F-18 vertical-tail incremental contribution from component buildup",0,0,5,0.05,,0.010,0.00,-0.019,0.024,0.0010,-0.0041,BODY_WING_LEX_VERTICAL_MINUS_BODY_WING_LEX,DERIVED_EXACT_ARITHMETIC_FROM_PAGE_IMAGE_CROSSCHECKED_SOURCE_TABLES
NASA_CR_3608_DERIVED_VERTICAL_INCREMENT,CR3608_ROTARY_BODY_WING_LEX_VERTICAL_DR0_BETA0_V0.1 - CR3608_ROTARY_BODY_WING_LEX_BETA0_V0.1,"F-18 vertical-tail incremental contribution from component buildup",0,0,5,0.10,,0.009,0.01,-0.019,0.021,0.0011,-0.0050,BODY_WING_LEX_VERTICAL_MINUS_BODY_WING_LEX,DERIVED_EXACT_ARITHMETIC_FROM_PAGE_IMAGE_CROSSCHECKED_SOURCE_TABLES
NASA_CR_3608_DERIVED_VERTICAL_INCREMENT,CR3608_ROTARY_BODY_WING_LEX_VERTICAL_DR0_BETA0_V0.1 - CR3608_ROTARY_BODY_WING_LEX_BETA0_V0.1,"F-18 vertical-tail incremental contribution from component buildup",0,0,5,0.20,,0.006,0.02,-0.017,0.027,0.0003,-0.0068,BODY_WING_LEX_VERTICAL_MINUS_BODY_WING_LEX,DERIVED_EXACT_ARITHMETIC_FROM_PAGE_IMAGE_CROSSCHECKED_SOURCE_TABLES
NASA_CR_3608_DERIVED_VERTICAL_INCREMENT,CR3608_ROTARY_BODY_WING_LEX_VERTICAL_DR0_BETA0_V0.1 - CR3608_ROTARY_BODY_WING_LEX_BETA0_V0.1,"F-18 vertical-tail incremental contribution from component buildup",0,0,5,0.30,,0.004,0.01,-0.018,0.031,0.0008,-0.0095,BODY_WING_LEX_VERTICAL_MINUS_BODY_WING_LEX,DERIVED_EXACT_ARITHMETIC_FROM_PAGE_IMAGE_CROSSCHECKED_SOURCE_TABLES
NASA_CR_3608_DERIVED_VERTICAL_INCREMENT,CR3608_ROTARY_BODY_WING_LEX_VERTICAL_DR0_BETA0_V0.1 - CR3608_ROTARY_BODY_WING_LEX_BETA0_V0.1,"F-18 vertical-tail incremental contribution from component buildup",0,0,5,0.40,,0.001,0.03,-0.021,0.039,0.0026,-0.0127,BODY_WING_LEX_VERTICAL_MINUS_BODY_WING_LEX,DERIVED_EXACT_ARITHMETIC_FROM_PAGE_IMAGE_CROSSCHECKED_SOURCE_TABLES
NASA_CR_3608_DERIVED_VERTICAL_INCREMENT,CR3608_ROTARY_BODY_WING_LEX_VERTICAL_DR0_BETA0_V0.1 - CR3608_ROTARY_BODY_WING_LEX_BETA0_V0.1,"F-18 vertical-tail incremental contribution from component buildup",0,0,10,-0.40,,-0.004,0.02,-0.017,-0.052,-0.0049,0.0120,BODY_WING_LEX_VERTICAL_MINUS_BODY_WING_LEX,DERIVED_EXACT_ARITHMETIC_FROM_PAGE_IMAGE_CROSSCHECKED_SOURCE_TABLES
NASA_CR_3608_DERIVED_VERTICAL_INCREMENT,CR3608_ROTARY_BODY_WING_LEX_VERTICAL_DR0_BETA0_V0.1 - CR3608_ROTARY_BODY_WING_LEX_BETA0_V0.1,"F-18 vertical-tail incremental contribution from component buildup",0,0,10,-0.30,,-0.003,0.03,-0.017,-0.027,-0.0031,0.0078,BODY_WING_LEX_VERTICAL_MINUS_BODY_WING_LEX,DERIVED_EXACT_ARITHMETIC_FROM_PAGE_IMAGE_CROSSCHECKED_SOURCE_TABLES
NASA_CR_3608_DERIVED_VERTICAL_INCREMENT,CR3608_ROTARY_BODY_WING_LEX_VERTICAL_DR0_BETA0_V0.1 - CR3608_ROTARY_BODY_WING_LEX_BETA0_V0.1,"F-18 vertical-tail incremental contribution from component buildup",0,0,10,-0.20,,-0.003,0.03,-0.016,-0.006,-0.0014,0.0043,BODY_WING_LEX_VERTICAL_MINUS_BODY_WING_LEX,DERIVED_EXACT_ARITHMETIC_FROM_PAGE_IMAGE_CROSSCHECKED_SOURCE_TABLES
NASA_CR_3608_DERIVED_VERTICAL_INCREMENT,CR3608_ROTARY_BODY_WING_LEX_VERTICAL_DR0_BETA0_V0.1 - CR3608_ROTARY_BODY_WING_LEX_BETA0_V0.1,"F-18 vertical-tail incremental contribution from component buildup",0,0,10,-0.10,,-0.002,0.03,-0.017,0.012,0.0003,0.0006,BODY_WING_LEX_VERTICAL_MINUS_BODY_WING_LEX,DERIVED_EXACT_ARITHMETIC_FROM_PAGE_IMAGE_CROSSCHECKED_SOURCE_TABLES
NASA_CR_3608_DERIVED_VERTICAL_INCREMENT,CR3608_ROTARY_BODY_WING_LEX_VERTICAL_DR0_BETA0_V0.1 - CR3608_ROTARY_BODY_WING_LEX_BETA0_V0.1,"F-18 vertical-tail incremental contribution from component buildup",0,0,10,-0.05,,-0.004,0.04,-0.017,0.022,0.0003,-0.0011,BODY_WING_LEX_VERTICAL_MINUS_BODY_WING_LEX,DERIVED_EXACT_ARITHMETIC_FROM_PAGE_IMAGE_CROSSCHECKED_SOURCE_TABLES
NASA_CR_3608_DERIVED_VERTICAL_INCREMENT,CR3608_ROTARY_BODY_WING_LEX_VERTICAL_DR0_BETA0_V0.1 - CR3608_ROTARY_BODY_WING_LEX_BETA0_V0.1,"F-18 vertical-tail incremental contribution from component buildup",0,0,10,0.00,1,-0.003,0.03,-0.019,0.023,0.0006,-0.0031,BODY_WING_LEX_VERTICAL_MINUS_BODY_WING_LEX,DERIVED_EXACT_ARITHMETIC_FROM_PAGE_IMAGE_CROSSCHECKED_SOURCE_TABLES
NASA_CR_3608_DERIVED_VERTICAL_INCREMENT,CR3608_ROTARY_BODY_WING_LEX_VERTICAL_DR0_BETA0_V0.1 - CR3608_ROTARY_BODY_WING_LEX_BETA0_V0.1,"F-18 vertical-tail incremental contribution from component buildup",0,0,10,0.00,2,-0.004,0.02,-0.020,0.030,0.0002,-0.0033,BODY_WING_LEX_VERTICAL_MINUS_BODY_WING_LEX,DERIVED_EXACT_ARITHMETIC_FROM_PAGE_IMAGE_CROSSCHECKED_SOURCE_TABLES
NASA_CR_3608_DERIVED_VERTICAL_INCREMENT,CR3608_ROTARY_BODY_WING_LEX_VERTICAL_DR0_BETA0_V0.1 - CR3608_ROTARY_BODY_WING_LEX_BETA0_V0.1,"F-18 vertical-tail incremental contribution from component buildup",0,0,10,0.05,,0.001,0.03,-0.020,0.034,0.0002,-0.0051,BODY_WING_LEX_VERTICAL_MINUS_BODY_WING_LEX,DERIVED_EXACT_ARITHMETIC_FROM_PAGE_IMAGE_CROSSCHECKED_SOURCE_TABLES
NASA_CR_3608_DERIVED_VERTICAL_INCREMENT,CR3608_ROTARY_BODY_WING_LEX_VERTICAL_DR0_BETA0_V0.1 - CR3608_ROTARY_BODY_WING_LEX_BETA0_V0.1,"F-18 vertical-tail incremental contribution from component buildup",0,0,10,0.10,,0.002,0.03,-0.022,0.037,0.0010,-0.0072,BODY_WING_LEX_VERTICAL_MINUS_BODY_WING_LEX,DERIVED_EXACT_ARITHMETIC_FROM_PAGE_IMAGE_CROSSCHECKED_SOURCE_TABLES
NASA_CR_3608_DERIVED_VERTICAL_INCREMENT,CR3608_ROTARY_BODY_WING_LEX_VERTICAL_DR0_BETA0_V0.1 - CR3608_ROTARY_BODY_WING_LEX_BETA0_V0.1,"F-18 vertical-tail incremental contribution from component buildup",0,0,10,0.20,,0.001,0.03,-0.020,0.049,0.0025,-0.0109,BODY_WING_LEX_VERTICAL_MINUS_BODY_WING_LEX,DERIVED_EXACT_ARITHMETIC_FROM_PAGE_IMAGE_CROSSCHECKED_SOURCE_TABLES
NASA_CR_3608_DERIVED_VERTICAL_INCREMENT,CR3608_ROTARY_BODY_WING_LEX_VERTICAL_DR0_BETA0_V0.1 - CR3608_ROTARY_BODY_WING_LEX_BETA0_V0.1,"F-18 vertical-tail incremental contribution from component buildup",0,0,10,0.30,,0.000,0.03,-0.021,0.064,0.0037,-0.0147,BODY_WING_LEX_VERTICAL_MINUS_BODY_WING_LEX,DERIVED_EXACT_ARITHMETIC_FROM_PAGE_IMAGE_CROSSCHECKED_SOURCE_TABLES
NASA_CR_3608_DERIVED_VERTICAL_INCREMENT,CR3608_ROTARY_BODY_WING_LEX_VERTICAL_DR0_BETA0_V0.1 - CR3608_ROTARY_BODY_WING_LEX_BETA0_V0.1,"F-18 vertical-tail incremental contribution from component buildup",0,0,10,0.40,,0.000,0.05,-0.023,0.074,0.0050,-0.0200,BODY_WING_LEX_VERTICAL_MINUS_BODY_WING_LEX,DERIVED_EXACT_ARITHMETIC_FROM_PAGE_IMAGE_CROSSCHECKED_SOURCE_TABLES
NASA_CR_3608_DERIVED_VERTICAL_INCREMENT,CR3608_ROTARY_BODY_WING_LEX_VERTICAL_DR0_BETA0_V0.1 - CR3608_ROTARY_BODY_WING_LEX_BETA0_V0.1,"F-18 vertical-tail incremental contribution from component buildup",0,0,15,-0.40,,-0.005,0.01,-0.014,-0.080,-0.0084,0.0208,BODY_WING_LEX_VERTICAL_MINUS_BODY_WING_LEX,DERIVED_EXACT_ARITHMETIC_FROM_PAGE_IMAGE_CROSSCHECKED_SOURCE_TABLES
NASA_CR_3608_DERIVED_VERTICAL_INCREMENT,CR3608_ROTARY_BODY_WING_LEX_VERTICAL_DR0_BETA0_V0.1 - CR3608_ROTARY_BODY_WING_LEX_BETA0_V0.1,"F-18 vertical-tail incremental contribution from component buildup",0,0,15,-0.30,,-0.003,0.02,-0.014,-0.044,-0.0057,0.0136,BODY_WING_LEX_VERTICAL_MINUS_BODY_WING_LEX,DERIVED_EXACT_ARITHMETIC_FROM_PAGE_IMAGE_CROSSCHECKED_SOURCE_TABLES
NASA_CR_3608_DERIVED_VERTICAL_INCREMENT,CR3608_ROTARY_BODY_WING_LEX_VERTICAL_DR0_BETA0_V0.1 - CR3608_ROTARY_BODY_WING_LEX_BETA0_V0.1,"F-18 vertical-tail incremental contribution from component buildup",0,0,15,-0.20,,-0.003,0.01,-0.012,-0.015,-0.0040,0.0070,BODY_WING_LEX_VERTICAL_MINUS_BODY_WING_LEX,DERIVED_EXACT_ARITHMETIC_FROM_PAGE_IMAGE_CROSSCHECKED_SOURCE_TABLES
NASA_CR_3608_DERIVED_VERTICAL_INCREMENT,CR3608_ROTARY_BODY_WING_LEX_VERTICAL_DR0_BETA0_V0.1 - CR3608_ROTARY_BODY_WING_LEX_BETA0_V0.1,"F-18 vertical-tail incremental contribution from component buildup",0,0,15,-0.10,,-0.003,0.00,-0.011,0.009,-0.0024,0.0018,BODY_WING_LEX_VERTICAL_MINUS_BODY_WING_LEX,DERIVED_EXACT_ARITHMETIC_FROM_PAGE_IMAGE_CROSSCHECKED_SOURCE_TABLES
NASA_CR_3608_DERIVED_VERTICAL_INCREMENT,CR3608_ROTARY_BODY_WING_LEX_VERTICAL_DR0_BETA0_V0.1 - CR3608_ROTARY_BODY_WING_LEX_BETA0_V0.1,"F-18 vertical-tail incremental contribution from component buildup",0,0,15,-0.05,,-0.002,0.00,-0.012,0.017,-0.0008,-0.0007,BODY_WING_LEX_VERTICAL_MINUS_BODY_WING_LEX,DERIVED_EXACT_ARITHMETIC_FROM_PAGE_IMAGE_CROSSCHECKED_SOURCE_TABLES
NASA_CR_3608_DERIVED_VERTICAL_INCREMENT,CR3608_ROTARY_BODY_WING_LEX_VERTICAL_DR0_BETA0_V0.1 - CR3608_ROTARY_BODY_WING_LEX_BETA0_V0.1,"F-18 vertical-tail incremental contribution from component buildup",0,0,15,0.00,1,0.000,-0.03,-0.011,0.009,0.0003,-0.0032,BODY_WING_LEX_VERTICAL_MINUS_BODY_WING_LEX,DERIVED_EXACT_ARITHMETIC_FROM_PAGE_IMAGE_CROSSCHECKED_SOURCE_TABLES
NASA_CR_3608_DERIVED_VERTICAL_INCREMENT,CR3608_ROTARY_BODY_WING_LEX_VERTICAL_DR0_BETA0_V0.1 - CR3608_ROTARY_BODY_WING_LEX_BETA0_V0.1,"F-18 vertical-tail incremental contribution from component buildup",0,0,15,0.00,2,-0.001,-0.04,-0.011,0.010,0.0021,-0.0030,BODY_WING_LEX_VERTICAL_MINUS_BODY_WING_LEX,DERIVED_EXACT_ARITHMETIC_FROM_PAGE_IMAGE_CROSSCHECKED_SOURCE_TABLES
NASA_CR_3608_DERIVED_VERTICAL_INCREMENT,CR3608_ROTARY_BODY_WING_LEX_VERTICAL_DR0_BETA0_V0.1 - CR3608_ROTARY_BODY_WING_LEX_BETA0_V0.1,"F-18 vertical-tail incremental contribution from component buildup",0,0,15,0.05,,-0.001,0.00,-0.009,0.030,0.0025,-0.0048,BODY_WING_LEX_VERTICAL_MINUS_BODY_WING_LEX,DERIVED_EXACT_ARITHMETIC_FROM_PAGE_IMAGE_CROSSCHECKED_SOURCE_TABLES
NASA_CR_3608_DERIVED_VERTICAL_INCREMENT,CR3608_ROTARY_BODY_WING_LEX_VERTICAL_DR0_BETA0_V0.1 - CR3608_ROTARY_BODY_WING_LEX_BETA0_V0.1,"F-18 vertical-tail incremental contribution from component buildup",0,0,15,0.10,,0.000,-0.02,-0.012,0.033,0.0035,-0.0074,BODY_WING_LEX_VERTICAL_MINUS_BODY_WING_LEX,DERIVED_EXACT_ARITHMETIC_FROM_PAGE_IMAGE_CROSSCHECKED_SOURCE_TABLES
NASA_CR_3608_DERIVED_VERTICAL_INCREMENT,CR3608_ROTARY_BODY_WING_LEX_VERTICAL_DR0_BETA0_V0.1 - CR3608_ROTARY_BODY_WING_LEX_BETA0_V0.1,"F-18 vertical-tail incremental contribution from component buildup",0,0,15,0.20,,0.002,-0.03,-0.014,0.051,0.0056,-0.0133,BODY_WING_LEX_VERTICAL_MINUS_BODY_WING_LEX,DERIVED_EXACT_ARITHMETIC_FROM_PAGE_IMAGE_CROSSCHECKED_SOURCE_TABLES
NASA_CR_3608_DERIVED_VERTICAL_INCREMENT,CR3608_ROTARY_BODY_WING_LEX_VERTICAL_DR0_BETA0_V0.1 - CR3608_ROTARY_BODY_WING_LEX_BETA0_V0.1,"F-18 vertical-tail incremental contribution from component buildup",0,0,15,0.30,,0.004,-0.03,-0.018,0.070,0.0065,-0.0205,BODY_WING_LEX_VERTICAL_MINUS_BODY_WING_LEX,DERIVED_EXACT_ARITHMETIC_FROM_PAGE_IMAGE_CROSSCHECKED_SOURCE_TABLES
NASA_CR_3608_DERIVED_VERTICAL_INCREMENT,CR3608_ROTARY_BODY_WING_LEX_VERTICAL_DR0_BETA0_V0.1 - CR3608_ROTARY_BODY_WING_LEX_BETA0_V0.1,"F-18 vertical-tail incremental contribution from component buildup",0,0,15,0.40,,0.004,-0.01,-0.018,0.095,0.0076,-0.0293,BODY_WING_LEX_VERTICAL_MINUS_BODY_WING_LEX,DERIVED_EXACT_ARITHMETIC_FROM_PAGE_IMAGE_CROSSCHECKED_SOURCE_TABLES
NASA_CR_3608_DERIVED_VERTICAL_INCREMENT,CR3608_ROTARY_BODY_WING_LEX_VERTICAL_DR0_BETA0_V0.1 - CR3608_ROTARY_BODY_WING_LEX_BETA0_V0.1,"F-18 vertical-tail incremental contribution from component buildup",0,0,20,-0.40,,-0.003,-0.02,0.020,-0.129,-0.0194,0.0373,BODY_WING_LEX_VERTICAL_MINUS_BODY_WING_LEX,DERIVED_EXACT_ARITHMETIC_FROM_PAGE_IMAGE_CROSSCHECKED_SOURCE_TABLES
NASA_CR_3608_DERIVED_VERTICAL_INCREMENT,CR3608_ROTARY_BODY_WING_LEX_VERTICAL_DR0_BETA0_V0.1 - CR3608_ROTARY_BODY_WING_LEX_BETA0_V0.1,"F-18 vertical-tail incremental contribution from component buildup",0,0,20,-0.30,,-0.001,0.00,0.017,-0.079,-0.0123,0.0249,BODY_WING_LEX_VERTICAL_MINUS_BODY_WING_LEX,DERIVED_EXACT_ARITHMETIC_FROM_PAGE_IMAGE_CROSSCHECKED_SOURCE_TABLES
NASA_CR_3608_DERIVED_VERTICAL_INCREMENT,CR3608_ROTARY_BODY_WING_LEX_VERTICAL_DR0_BETA0_V0.1 - CR3608_ROTARY_BODY_WING_LEX_BETA0_V0.1,"F-18 vertical-tail incremental contribution from component buildup",0,0,20,-0.20,,0.001,-0.01,0.012,-0.039,-0.0088,0.0142,BODY_WING_LEX_VERTICAL_MINUS_BODY_WING_LEX,DERIVED_EXACT_ARITHMETIC_FROM_PAGE_IMAGE_CROSSCHECKED_SOURCE_TABLES
NASA_CR_3608_DERIVED_VERTICAL_INCREMENT,CR3608_ROTARY_BODY_WING_LEX_VERTICAL_DR0_BETA0_V0.1 - CR3608_ROTARY_BODY_WING_LEX_BETA0_V0.1,"F-18 vertical-tail incremental contribution from component buildup",0,0,20,-0.10,,0.001,-0.01,0.003,-0.009,-0.0041,0.0055,BODY_WING_LEX_VERTICAL_MINUS_BODY_WING_LEX,DERIVED_EXACT_ARITHMETIC_FROM_PAGE_IMAGE_CROSSCHECKED_SOURCE_TABLES
NASA_CR_3608_DERIVED_VERTICAL_INCREMENT,CR3608_ROTARY_BODY_WING_LEX_VERTICAL_DR0_BETA0_V0.1 - CR3608_ROTARY_BODY_WING_LEX_BETA0_V0.1,"F-18 vertical-tail incremental contribution from component buildup",0,0,20,-0.05,,0.000,-0.02,0.002,0.006,-0.0012,0.0011,BODY_WING_LEX_VERTICAL_MINUS_BODY_WING_LEX,DERIVED_EXACT_ARITHMETIC_FROM_PAGE_IMAGE_CROSSCHECKED_SOURCE_TABLES
NASA_CR_3608_DERIVED_VERTICAL_INCREMENT,CR3608_ROTARY_BODY_WING_LEX_VERTICAL_DR0_BETA0_V0.1 - CR3608_ROTARY_BODY_WING_LEX_BETA0_V0.1,"F-18 vertical-tail incremental contribution from component buildup",0,0,20,0.00,1,0.000,0.01,0.000,0.022,0.0031,-0.0034,BODY_WING_LEX_VERTICAL_MINUS_BODY_WING_LEX,DERIVED_EXACT_ARITHMETIC_FROM_PAGE_IMAGE_CROSSCHECKED_SOURCE_TABLES
NASA_CR_3608_DERIVED_VERTICAL_INCREMENT,CR3608_ROTARY_BODY_WING_LEX_VERTICAL_DR0_BETA0_V0.1 - CR3608_ROTARY_BODY_WING_LEX_BETA0_V0.1,"F-18 vertical-tail incremental contribution from component buildup",0,0,20,0.00,2,0.003,-0.04,0.000,0.022,0.0023,-0.0034,BODY_WING_LEX_VERTICAL_MINUS_BODY_WING_LEX,DERIVED_EXACT_ARITHMETIC_FROM_PAGE_IMAGE_CROSSCHECKED_SOURCE_TABLES
NASA_CR_3608_DERIVED_VERTICAL_INCREMENT,CR3608_ROTARY_BODY_WING_LEX_VERTICAL_DR0_BETA0_V0.1 - CR3608_ROTARY_BODY_WING_LEX_BETA0_V0.1,"F-18 vertical-tail incremental contribution from component buildup",0,0,20,0.05,,0.020,-0.04,-0.007,0.029,0.0059,-0.0083,BODY_WING_LEX_VERTICAL_MINUS_BODY_WING_LEX,DERIVED_EXACT_ARITHMETIC_FROM_PAGE_IMAGE_CROSSCHECKED_SOURCE_TABLES
NASA_CR_3608_DERIVED_VERTICAL_INCREMENT,CR3608_ROTARY_BODY_WING_LEX_VERTICAL_DR0_BETA0_V0.1 - CR3608_ROTARY_BODY_WING_LEX_BETA0_V0.1,"F-18 vertical-tail incremental contribution from component buildup",0,0,20,0.10,,0.020,-0.07,-0.005,0.038,0.0090,-0.0124,BODY_WING_LEX_VERTICAL_MINUS_BODY_WING_LEX,DERIVED_EXACT_ARITHMETIC_FROM_PAGE_IMAGE_CROSSCHECKED_SOURCE_TABLES
NASA_CR_3608_DERIVED_VERTICAL_INCREMENT,CR3608_ROTARY_BODY_WING_LEX_VERTICAL_DR0_BETA0_V0.1 - CR3608_ROTARY_BODY_WING_LEX_BETA0_V0.1,"F-18 vertical-tail incremental contribution from component buildup",0,0,20,0.20,,0.018,-0.07,0.003,0.061,0.0131,-0.0215,BODY_WING_LEX_VERTICAL_MINUS_BODY_WING_LEX,DERIVED_EXACT_ARITHMETIC_FROM_PAGE_IMAGE_CROSSCHECKED_SOURCE_TABLES
NASA_CR_3608_DERIVED_VERTICAL_INCREMENT,CR3608_ROTARY_BODY_WING_LEX_VERTICAL_DR0_BETA0_V0.1 - CR3608_ROTARY_BODY_WING_LEX_BETA0_V0.1,"F-18 vertical-tail incremental contribution from component buildup",0,0,20,0.30,,0.012,-0.04,0.007,0.097,0.0139,-0.0335,BODY_WING_LEX_VERTICAL_MINUS_BODY_WING_LEX,DERIVED_EXACT_ARITHMETIC_FROM_PAGE_IMAGE_CROSSCHECKED_SOURCE_TABLES
NASA_CR_3608_DERIVED_VERTICAL_INCREMENT,CR3608_ROTARY_BODY_WING_LEX_VERTICAL_DR0_BETA0_V0.1 - CR3608_ROTARY_BODY_WING_LEX_BETA0_V0.1,"F-18 vertical-tail incremental contribution from component buildup",0,0,20,0.40,,0.003,-0.07,0.010,0.136,0.0206,-0.0467,BODY_WING_LEX_VERTICAL_MINUS_BODY_WING_LEX,DERIVED_EXACT_ARITHMETIC_FROM_PAGE_IMAGE_CROSSCHECKED_SOURCE_TABLES
NASA_CR_3608_DERIVED_VERTICAL_INCREMENT,CR3608_ROTARY_BODY_WING_LEX_VERTICAL_DR0_BETA0_V0.1 - CR3608_ROTARY_BODY_WING_LEX_BETA0_V0.1,"F-18 vertical-tail incremental contribution from component buildup",0,0,25,-0.40,,-0.019,0.03,0.050,-0.183,-0.0110,0.0455,BODY_WING_LEX_VERTICAL_MINUS_BODY_WING_LEX,DERIVED_EXACT_ARITHMETIC_FROM_PAGE_IMAGE_CROSSCHECKED_SOURCE_TABLES
NASA_CR_3608_DERIVED_VERTICAL_INCREMENT,CR3608_ROTARY_BODY_WING_LEX_VERTICAL_DR0_BETA0_V0.1 - CR3608_ROTARY_BODY_WING_LEX_BETA0_V0.1,"F-18 vertical-tail incremental contribution from component buildup",0,0,25,-0.30,,-0.012,0.05,0.043,-0.121,0.0028,0.0326,BODY_WING_LEX_VERTICAL_MINUS_BODY_WING_LEX,DERIVED_EXACT_ARITHMETIC_FROM_PAGE_IMAGE_CROSSCHECKED_SOURCE_TABLES
NASA_CR_3608_DERIVED_VERTICAL_INCREMENT,CR3608_ROTARY_BODY_WING_LEX_VERTICAL_DR0_BETA0_V0.1 - CR3608_ROTARY_BODY_WING_LEX_BETA0_V0.1,"F-18 vertical-tail incremental contribution from component buildup",0,0,25,-0.20,,-0.004,0.01,0.043,-0.081,0.0019,0.0204,BODY_WING_LEX_VERTICAL_MINUS_BODY_WING_LEX,DERIVED_EXACT_ARITHMETIC_FROM_PAGE_IMAGE_CROSSCHECKED_SOURCE_TABLES
NASA_CR_3608_DERIVED_VERTICAL_INCREMENT,CR3608_ROTARY_BODY_WING_LEX_VERTICAL_DR0_BETA0_V0.1 - CR3608_ROTARY_BODY_WING_LEX_BETA0_V0.1,"F-18 vertical-tail incremental contribution from component buildup",0,0,25,-0.10,,0.003,-0.08,0.041,-0.030,0.0031,0.0099,BODY_WING_LEX_VERTICAL_MINUS_BODY_WING_LEX,DERIVED_EXACT_ARITHMETIC_FROM_PAGE_IMAGE_CROSSCHECKED_SOURCE_TABLES
NASA_CR_3608_DERIVED_VERTICAL_INCREMENT,CR3608_ROTARY_BODY_WING_LEX_VERTICAL_DR0_BETA0_V0.1 - CR3608_ROTARY_BODY_WING_LEX_BETA0_V0.1,"F-18 vertical-tail incremental contribution from component buildup",0,0,25,-0.05,,0.006,-0.10,0.040,-0.009,0.0023,0.0033,BODY_WING_LEX_VERTICAL_MINUS_BODY_WING_LEX,DERIVED_EXACT_ARITHMETIC_FROM_PAGE_IMAGE_CROSSCHECKED_SOURCE_TABLES
NASA_CR_3608_DERIVED_VERTICAL_INCREMENT,CR3608_ROTARY_BODY_WING_LEX_VERTICAL_DR0_BETA0_V0.1 - CR3608_ROTARY_BODY_WING_LEX_BETA0_V0.1,"F-18 vertical-tail incremental contribution from component buildup",0,0,25,0.00,1,0.008,-0.17,0.029,0.008,0.0037,-0.0035,BODY_WING_LEX_VERTICAL_MINUS_BODY_WING_LEX,DERIVED_EXACT_ARITHMETIC_FROM_PAGE_IMAGE_CROSSCHECKED_SOURCE_TABLES
NASA_CR_3608_DERIVED_VERTICAL_INCREMENT,CR3608_ROTARY_BODY_WING_LEX_VERTICAL_DR0_BETA0_V0.1 - CR3608_ROTARY_BODY_WING_LEX_BETA0_V0.1,"F-18 vertical-tail incremental contribution from component buildup",0,0,25,0.00,2,0.007,-0.15,0.034,0.006,0.0002,-0.0038,BODY_WING_LEX_VERTICAL_MINUS_BODY_WING_LEX,DERIVED_EXACT_ARITHMETIC_FROM_PAGE_IMAGE_CROSSCHECKED_SOURCE_TABLES
NASA_CR_3608_DERIVED_VERTICAL_INCREMENT,CR3608_ROTARY_BODY_WING_LEX_VERTICAL_DR0_BETA0_V0.1 - CR3608_ROTARY_BODY_WING_LEX_BETA0_V0.1,"F-18 vertical-tail incremental contribution from component buildup",0,0,25,0.05,,0.021,-0.12,0.033,0.036,0.0041,-0.0098,BODY_WING_LEX_VERTICAL_MINUS_BODY_WING_LEX,DERIVED_EXACT_ARITHMETIC_FROM_PAGE_IMAGE_CROSSCHECKED_SOURCE_TABLES
NASA_CR_3608_DERIVED_VERTICAL_INCREMENT,CR3608_ROTARY_BODY_WING_LEX_VERTICAL_DR0_BETA0_V0.1 - CR3608_ROTARY_BODY_WING_LEX_BETA0_V0.1,"F-18 vertical-tail incremental contribution from component buildup",0,0,25,0.10,,0.020,-0.11,0.028,0.056,0.0041,-0.0159,BODY_WING_LEX_VERTICAL_MINUS_BODY_WING_LEX,DERIVED_EXACT_ARITHMETIC_FROM_PAGE_IMAGE_CROSSCHECKED_SOURCE_TABLES
NASA_CR_3608_DERIVED_VERTICAL_INCREMENT,CR3608_ROTARY_BODY_WING_LEX_VERTICAL_DR0_BETA0_V0.1 - CR3608_ROTARY_BODY_WING_LEX_BETA0_V0.1,"F-18 vertical-tail incremental contribution from component buildup",0,0,25,0.20,,0.012,-0.06,0.025,0.101,0.0039,-0.0278,BODY_WING_LEX_VERTICAL_MINUS_BODY_WING_LEX,DERIVED_EXACT_ARITHMETIC_FROM_PAGE_IMAGE_CROSSCHECKED_SOURCE_TABLES
NASA_CR_3608_DERIVED_VERTICAL_INCREMENT,CR3608_ROTARY_BODY_WING_LEX_VERTICAL_DR0_BETA0_V0.1 - CR3608_ROTARY_BODY_WING_LEX_BETA0_V0.1,"F-18 vertical-tail incremental contribution from component buildup",0,0,25,0.30,,0.005,-0.07,0.028,0.141,0.0074,-0.0402,BODY_WING_LEX_VERTICAL_MINUS_BODY_WING_LEX,DERIVED_EXACT_ARITHMETIC_FROM_PAGE_IMAGE_CROSSCHECKED_SOURCE_TABLES
NASA_CR_3608_DERIVED_VERTICAL_INCREMENT,CR3608_ROTARY_BODY_WING_LEX_VERTICAL_DR0_BETA0_V0.1 - CR3608_ROTARY_BODY_WING_LEX_BETA0_V0.1,"F-18 vertical-tail incremental contribution from component buildup",0,0,25,0.40,,-0.006,-0.09,0.034,0.190,0.0121,-0.0549,BODY_WING_LEX_VERTICAL_MINUS_BODY_WING_LEX,DERIVED_EXACT_ARITHMETIC_FROM_PAGE_IMAGE_CROSSCHECKED_SOURCE_TABLES
NASA_CR_3608_DERIVED_VERTICAL_INCREMENT,CR3608_ROTARY_BODY_WING_LEX_VERTICAL_DR0_BETA0_V0.1 - CR3608_ROTARY_BODY_WING_LEX_BETA0_V0.1,"F-18 vertical-tail incremental contribution from component buildup",0,0,30,-0.40,,-0.006,-0.09,0.061,-0.190,-0.0085,0.0382,BODY_WING_LEX_VERTICAL_MINUS_BODY_WING_LEX,DERIVED_EXACT_ARITHMETIC_FROM_PAGE_IMAGE_CROSSCHECKED_SOURCE_TABLES
NASA_CR_3608_DERIVED_VERTICAL_INCREMENT,CR3608_ROTARY_BODY_WING_LEX_VERTICAL_DR0_BETA0_V0.1 - CR3608_ROTARY_BODY_WING_LEX_BETA0_V0.1,"F-18 vertical-tail incremental contribution from component buildup",0,0,30,-0.30,,-0.002,-0.07,0.057,-0.133,-0.0035,0.0258,BODY_WING_LEX_VERTICAL_MINUS_BODY_WING_LEX,DERIVED_EXACT_ARITHMETIC_FROM_PAGE_IMAGE_CROSSCHECKED_SOURCE_TABLES
NASA_CR_3608_DERIVED_VERTICAL_INCREMENT,CR3608_ROTARY_BODY_WING_LEX_VERTICAL_DR0_BETA0_V0.1 - CR3608_ROTARY_BODY_WING_LEX_BETA0_V0.1,"F-18 vertical-tail incremental contribution from component buildup",0,0,30,-0.20,,-0.001,-0.07,0.062,-0.060,0.0070,0.0079,BODY_WING_LEX_VERTICAL_MINUS_BODY_WING_LEX,DERIVED_EXACT_ARITHMETIC_FROM_PAGE_IMAGE_CROSSCHECKED_SOURCE_TABLES
NASA_CR_3608_DERIVED_VERTICAL_INCREMENT,CR3608_ROTARY_BODY_WING_LEX_VERTICAL_DR0_BETA0_V0.1 - CR3608_ROTARY_BODY_WING_LEX_BETA0_V0.1,"F-18 vertical-tail incremental contribution from component buildup",0,0,30,-0.10,,0.003,-0.05,0.061,-0.016,0.0147,-0.0017,BODY_WING_LEX_VERTICAL_MINUS_BODY_WING_LEX,DERIVED_EXACT_ARITHMETIC_FROM_PAGE_IMAGE_CROSSCHECKED_SOURCE_TABLES
NASA_CR_3608_DERIVED_VERTICAL_INCREMENT,CR3608_ROTARY_BODY_WING_LEX_VERTICAL_DR0_BETA0_V0.1 - CR3608_ROTARY_BODY_WING_LEX_BETA0_V0.1,"F-18 vertical-tail incremental contribution from component buildup",0,0,30,-0.05,,0.003,-0.07,0.051,0.005,0.0033,-0.0008,BODY_WING_LEX_VERTICAL_MINUS_BODY_WING_LEX,DERIVED_EXACT_ARITHMETIC_FROM_PAGE_IMAGE_CROSSCHECKED_SOURCE_TABLES
NASA_CR_3608_DERIVED_VERTICAL_INCREMENT,CR3608_ROTARY_BODY_WING_LEX_VERTICAL_DR0_BETA0_V0.1 - CR3608_ROTARY_BODY_WING_LEX_BETA0_V0.1,"F-18 vertical-tail incremental contribution from component buildup",0,0,30,0.00,1,0.001,-0.10,0.045,0.020,0.0033,-0.0053,BODY_WING_LEX_VERTICAL_MINUS_BODY_WING_LEX,DERIVED_EXACT_ARITHMETIC_FROM_PAGE_IMAGE_CROSSCHECKED_SOURCE_TABLES
NASA_CR_3608_DERIVED_VERTICAL_INCREMENT,CR3608_ROTARY_BODY_WING_LEX_VERTICAL_DR0_BETA0_V0.1 - CR3608_ROTARY_BODY_WING_LEX_BETA0_V0.1,"F-18 vertical-tail incremental contribution from component buildup",0,0,30,0.00,2,-0.003,-0.06,0.041,0.027,0.0007,-0.0050,BODY_WING_LEX_VERTICAL_MINUS_BODY_WING_LEX,DERIVED_EXACT_ARITHMETIC_FROM_PAGE_IMAGE_CROSSCHECKED_SOURCE_TABLES
NASA_CR_3608_DERIVED_VERTICAL_INCREMENT,CR3608_ROTARY_BODY_WING_LEX_VERTICAL_DR0_BETA0_V0.1 - CR3608_ROTARY_BODY_WING_LEX_BETA0_V0.1,"F-18 vertical-tail incremental contribution from component buildup",0,0,30,0.05,,-0.005,-0.01,0.045,0.045,-0.0027,-0.0055,BODY_WING_LEX_VERTICAL_MINUS_BODY_WING_LEX,DERIVED_EXACT_ARITHMETIC_FROM_PAGE_IMAGE_CROSSCHECKED_SOURCE_TABLES
NASA_CR_3608_DERIVED_VERTICAL_INCREMENT,CR3608_ROTARY_BODY_WING_LEX_VERTICAL_DR0_BETA0_V0.1 - CR3608_ROTARY_BODY_WING_LEX_BETA0_V0.1,"F-18 vertical-tail incremental contribution from component buildup",0,0,30,0.10,,-0.003,-0.04,0.045,0.059,-0.0029,-0.0080,BODY_WING_LEX_VERTICAL_MINUS_BODY_WING_LEX,DERIVED_EXACT_ARITHMETIC_FROM_PAGE_IMAGE_CROSSCHECKED_SOURCE_TABLES
NASA_CR_3608_DERIVED_VERTICAL_INCREMENT,CR3608_ROTARY_BODY_WING_LEX_VERTICAL_DR0_BETA0_V0.1 - CR3608_ROTARY_BODY_WING_LEX_BETA0_V0.1,"F-18 vertical-tail incremental contribution from component buildup",0,0,30,0.20,,0.001,-0.04,0.040,0.094,-0.0001,-0.0174,BODY_WING_LEX_VERTICAL_MINUS_BODY_WING_LEX,DERIVED_EXACT_ARITHMETIC_FROM_PAGE_IMAGE_CROSSCHECKED_SOURCE_TABLES
NASA_CR_3608_DERIVED_VERTICAL_INCREMENT,CR3608_ROTARY_BODY_WING_LEX_VERTICAL_DR0_BETA0_V0.1 - CR3608_ROTARY_BODY_WING_LEX_BETA0_V0.1,"F-18 vertical-tail incremental contribution from component buildup",0,0,30,0.30,,0.004,-0.03,0.038,0.159,0.0052,-0.0340,BODY_WING_LEX_VERTICAL_MINUS_BODY_WING_LEX,DERIVED_EXACT_ARITHMETIC_FROM_PAGE_IMAGE_CROSSCHECKED_SOURCE_TABLES
NASA_CR_3608_DERIVED_VERTICAL_INCREMENT,CR3608_ROTARY_BODY_WING_LEX_VERTICAL_DR0_BETA0_V0.1 - CR3608_ROTARY_BODY_WING_LEX_BETA0_V0.1,"F-18 vertical-tail incremental contribution from component buildup",0,0,30,0.40,,0.012,-0.04,0.058,0.188,0.0100,-0.0475,BODY_WING_LEX_VERTICAL_MINUS_BODY_WING_LEX,DERIVED_EXACT_ARITHMETIC_FROM_PAGE_IMAGE_CROSSCHECKED_SOURCE_TABLES
NASA_CR_3608_DERIVED_VERTICAL_INCREMENT,CR3608_ROTARY_BODY_WING_LEX_VERTICAL_DR0_BETA0_V0.1 - CR3608_ROTARY_BODY_WING_LEX_BETA0_V0.1,"F-18 vertical-tail incremental contribution from component buildup",0,0,35,-0.40,,-0.004,-0.10,0.082,-0.118,0.0029,0.0182,BODY_WING_LEX_VERTICAL_MINUS_BODY_WING_LEX,DERIVED_EXACT_ARITHMETIC_FROM_PAGE_IMAGE_CROSSCHECKED_SOURCE_TABLES
NASA_CR_3608_DERIVED_VERTICAL_INCREMENT,CR3608_ROTARY_BODY_WING_LEX_VERTICAL_DR0_BETA0_V0.1 - CR3608_ROTARY_BODY_WING_LEX_BETA0_V0.1,"F-18 vertical-tail incremental contribution from component buildup",0,0,35,-0.30,,0.001,-0.09,0.067,-0.076,0.0045,0.0071,BODY_WING_LEX_VERTICAL_MINUS_BODY_WING_LEX,DERIVED_EXACT_ARITHMETIC_FROM_PAGE_IMAGE_CROSSCHECKED_SOURCE_TABLES
NASA_CR_3608_DERIVED_VERTICAL_INCREMENT,CR3608_ROTARY_BODY_WING_LEX_VERTICAL_DR0_BETA0_V0.1 - CR3608_ROTARY_BODY_WING_LEX_BETA0_V0.1,"F-18 vertical-tail incremental contribution from component buildup",0,0,35,-0.20,,0.001,-0.07,0.054,-0.060,-0.0006,0.0065,BODY_WING_LEX_VERTICAL_MINUS_BODY_WING_LEX,DERIVED_EXACT_ARITHMETIC_FROM_PAGE_IMAGE_CROSSCHECKED_SOURCE_TABLES
NASA_CR_3608_DERIVED_VERTICAL_INCREMENT,CR3608_ROTARY_BODY_WING_LEX_VERTICAL_DR0_BETA0_V0.1 - CR3608_ROTARY_BODY_WING_LEX_BETA0_V0.1,"F-18 vertical-tail incremental contribution from component buildup",0,0,35,-0.10,,0.001,-0.06,0.054,-0.032,0.0030,-0.0007,BODY_WING_LEX_VERTICAL_MINUS_BODY_WING_LEX,DERIVED_EXACT_ARITHMETIC_FROM_PAGE_IMAGE_CROSSCHECKED_SOURCE_TABLES
NASA_CR_3608_DERIVED_VERTICAL_INCREMENT,CR3608_ROTARY_BODY_WING_LEX_VERTICAL_DR0_BETA0_V0.1 - CR3608_ROTARY_BODY_WING_LEX_BETA0_V0.1,"F-18 vertical-tail incremental contribution from component buildup",0,0,35,-0.05,,0.000,-0.07,0.051,-0.014,0.0025,-0.0022,BODY_WING_LEX_VERTICAL_MINUS_BODY_WING_LEX,DERIVED_EXACT_ARITHMETIC_FROM_PAGE_IMAGE_CROSSCHECKED_SOURCE_TABLES
NASA_CR_3608_DERIVED_VERTICAL_INCREMENT,CR3608_ROTARY_BODY_WING_LEX_VERTICAL_DR0_BETA0_V0.1 - CR3608_ROTARY_BODY_WING_LEX_BETA0_V0.1,"F-18 vertical-tail incremental contribution from component buildup",0,0,35,0.00,1,0.002,-0.09,0.039,0.007,-0.0029,-0.0033,BODY_WING_LEX_VERTICAL_MINUS_BODY_WING_LEX,DERIVED_EXACT_ARITHMETIC_FROM_PAGE_IMAGE_CROSSCHECKED_SOURCE_TABLES
NASA_CR_3608_DERIVED_VERTICAL_INCREMENT,CR3608_ROTARY_BODY_WING_LEX_VERTICAL_DR0_BETA0_V0.1 - CR3608_ROTARY_BODY_WING_LEX_BETA0_V0.1,"F-18 vertical-tail incremental contribution from component buildup",0,0,35,0.00,2,-0.004,-0.03,0.048,0.016,0.0012,-0.0043,BODY_WING_LEX_VERTICAL_MINUS_BODY_WING_LEX,DERIVED_EXACT_ARITHMETIC_FROM_PAGE_IMAGE_CROSSCHECKED_SOURCE_TABLES
NASA_CR_3608_DERIVED_VERTICAL_INCREMENT,CR3608_ROTARY_BODY_WING_LEX_VERTICAL_DR0_BETA0_V0.1 - CR3608_ROTARY_BODY_WING_LEX_BETA0_V0.1,"F-18 vertical-tail incremental contribution from component buildup",0,0,35,0.05,,0.013,-0.05,0.042,0.023,-0.0011,-0.0053,BODY_WING_LEX_VERTICAL_MINUS_BODY_WING_LEX,DERIVED_EXACT_ARITHMETIC_FROM_PAGE_IMAGE_CROSSCHECKED_SOURCE_TABLES
NASA_CR_3608_DERIVED_VERTICAL_INCREMENT,CR3608_ROTARY_BODY_WING_LEX_VERTICAL_DR0_BETA0_V0.1 - CR3608_ROTARY_BODY_WING_LEX_BETA0_V0.1,"F-18 vertical-tail incremental contribution from component buildup",0,0,35,0.10,,0.014,-0.06,0.043,0.037,-0.0014,-0.0071,BODY_WING_LEX_VERTICAL_MINUS_BODY_WING_LEX,DERIVED_EXACT_ARITHMETIC_FROM_PAGE_IMAGE_CROSSCHECKED_SOURCE_TABLES
NASA_CR_3608_DERIVED_VERTICAL_INCREMENT,CR3608_ROTARY_BODY_WING_LEX_VERTICAL_DR0_BETA0_V0.1 - CR3608_ROTARY_BODY_WING_LEX_BETA0_V0.1,"F-18 vertical-tail incremental contribution from component buildup",0,0,35,0.20,,0.008,-0.06,0.049,0.064,0.0157,-0.0166,BODY_WING_LEX_VERTICAL_MINUS_BODY_WING_LEX,DERIVED_EXACT_ARITHMETIC_FROM_PAGE_IMAGE_CROSSCHECKED_SOURCE_TABLES
NASA_CR_3608_DERIVED_VERTICAL_INCREMENT,CR3608_ROTARY_BODY_WING_LEX_VERTICAL_DR0_BETA0_V0.1 - CR3608_ROTARY_BODY_WING_LEX_BETA0_V0.1,"F-18 vertical-tail incremental contribution from component buildup",0,0,35,0.30,,0.000,-0.09,0.055,0.097,0.0010,-0.0206,BODY_WING_LEX_VERTICAL_MINUS_BODY_WING_LEX,DERIVED_EXACT_ARITHMETIC_FROM_PAGE_IMAGE_CROSSCHECKED_SOURCE_TABLES
NASA_CR_3608_DERIVED_VERTICAL_INCREMENT,CR3608_ROTARY_BODY_WING_LEX_VERTICAL_DR0_BETA0_V0.1 - CR3608_ROTARY_BODY_WING_LEX_BETA0_V0.1,"F-18 vertical-tail incremental contribution from component buildup",0,0,35,0.40,,-0.011,-0.12,0.070,0.147,-0.0004,-0.0310,BODY_WING_LEX_VERTICAL_MINUS_BODY_WING_LEX,DERIVED_EXACT_ARITHMETIC_FROM_PAGE_IMAGE_CROSSCHECKED_SOURCE_TABLES
NASA_CR_3608_DERIVED_VERTICAL_INCREMENT,CR3608_ROTARY_BODY_WING_LEX_VERTICAL_DR0_BETA0_V0.1 - CR3608_ROTARY_BODY_WING_LEX_BETA0_V0.1,"F-18 vertical-tail incremental contribution from component buildup",0,0,40,-0.40,,-0.006,-0.02,0.065,-0.068,0.0038,0.0023,BODY_WING_LEX_VERTICAL_MINUS_BODY_WING_LEX,DERIVED_EXACT_ARITHMETIC_FROM_PAGE_IMAGE_CROSSCHECKED_SOURCE_TABLES
NASA_CR_3608_DERIVED_VERTICAL_INCREMENT,CR3608_ROTARY_BODY_WING_LEX_VERTICAL_DR0_BETA0_V0.1 - CR3608_ROTARY_BODY_WING_LEX_BETA0_V0.1,"F-18 vertical-tail incremental contribution from component buildup",0,0,40,-0.30,,-0.005,0.01,0.058,-0.015,0.0019,-0.0024,BODY_WING_LEX_VERTICAL_MINUS_BODY_WING_LEX,DERIVED_EXACT_ARITHMETIC_FROM_PAGE_IMAGE_CROSSCHECKED_SOURCE_TABLES
NASA_CR_3608_DERIVED_VERTICAL_INCREMENT,CR3608_ROTARY_BODY_WING_LEX_VERTICAL_DR0_BETA0_V0.1 - CR3608_ROTARY_BODY_WING_LEX_BETA0_V0.1,"F-18 vertical-tail incremental contribution from component buildup",0,0,40,-0.20,,-0.004,-0.03,0.042,-0.003,0.0016,-0.0077,BODY_WING_LEX_VERTICAL_MINUS_BODY_WING_LEX,DERIVED_EXACT_ARITHMETIC_FROM_PAGE_IMAGE_CROSSCHECKED_SOURCE_TABLES
NASA_CR_3608_DERIVED_VERTICAL_INCREMENT,CR3608_ROTARY_BODY_WING_LEX_VERTICAL_DR0_BETA0_V0.1 - CR3608_ROTARY_BODY_WING_LEX_BETA0_V0.1,"F-18 vertical-tail incremental contribution from component buildup",0,0,40,-0.10,,-0.005,-0.02,0.055,0.030,0.0049,-0.0083,BODY_WING_LEX_VERTICAL_MINUS_BODY_WING_LEX,DERIVED_EXACT_ARITHMETIC_FROM_PAGE_IMAGE_CROSSCHECKED_SOURCE_TABLES
NASA_CR_3608_DERIVED_VERTICAL_INCREMENT,CR3608_ROTARY_BODY_WING_LEX_VERTICAL_DR0_BETA0_V0.1 - CR3608_ROTARY_BODY_WING_LEX_BETA0_V0.1,"F-18 vertical-tail incremental contribution from component buildup",0,0,40,-0.05,,-0.005,-0.02,0.050,0.034,0.0062,-0.0116,BODY_WING_LEX_VERTICAL_MINUS_BODY_WING_LEX,DERIVED_EXACT_ARITHMETIC_FROM_PAGE_IMAGE_CROSSCHECKED_SOURCE_TABLES
NASA_CR_3608_DERIVED_VERTICAL_INCREMENT,CR3608_ROTARY_BODY_WING_LEX_VERTICAL_DR0_BETA0_V0.1 - CR3608_ROTARY_BODY_WING_LEX_BETA0_V0.1,"F-18 vertical-tail incremental contribution from component buildup",0,0,40,0.00,1,-0.011,-0.02,0.048,0.025,0.0041,-0.0057,BODY_WING_LEX_VERTICAL_MINUS_BODY_WING_LEX,DERIVED_EXACT_ARITHMETIC_FROM_PAGE_IMAGE_CROSSCHECKED_SOURCE_TABLES
NASA_CR_3608_DERIVED_VERTICAL_INCREMENT,CR3608_ROTARY_BODY_WING_LEX_VERTICAL_DR0_BETA0_V0.1 - CR3608_ROTARY_BODY_WING_LEX_BETA0_V0.1,"F-18 vertical-tail incremental contribution from component buildup",0,0,40,0.00,2,-0.008,0.01,0.044,0.041,0.0041,-0.0049,BODY_WING_LEX_VERTICAL_MINUS_BODY_WING_LEX,DERIVED_EXACT_ARITHMETIC_FROM_PAGE_IMAGE_CROSSCHECKED_SOURCE_TABLES
NASA_CR_3608_DERIVED_VERTICAL_INCREMENT,CR3608_ROTARY_BODY_WING_LEX_VERTICAL_DR0_BETA0_V0.1 - CR3608_ROTARY_BODY_WING_LEX_BETA0_V0.1,"F-18 vertical-tail incremental contribution from component buildup",0,0,40,0.05,,0.007,-0.03,0.039,0.013,-0.0022,0.0002,BODY_WING_LEX_VERTICAL_MINUS_BODY_WING_LEX,DERIVED_EXACT_ARITHMETIC_FROM_PAGE_IMAGE_CROSSCHECKED_SOURCE_TABLES
NASA_CR_3608_DERIVED_VERTICAL_INCREMENT,CR3608_ROTARY_BODY_WING_LEX_VERTICAL_DR0_BETA0_V0.1 - CR3608_ROTARY_BODY_WING_LEX_BETA0_V0.1,"F-18 vertical-tail incremental contribution from component buildup",0,0,40,0.10,,0.008,-0.03,0.040,0.015,-0.0058,0.0040,BODY_WING_LEX_VERTICAL_MINUS_BODY_WING_LEX,DERIVED_EXACT_ARITHMETIC_FROM_PAGE_IMAGE_CROSSCHECKED_SOURCE_TABLES
NASA_CR_3608_DERIVED_VERTICAL_INCREMENT,CR3608_ROTARY_BODY_WING_LEX_VERTICAL_DR0_BETA0_V0.1 - CR3608_ROTARY_BODY_WING_LEX_BETA0_V0.1,"F-18 vertical-tail incremental contribution from component buildup",0,0,40,0.20,,0.008,-0.02,0.047,0.044,-0.0045,-0.0060,BODY_WING_LEX_VERTICAL_MINUS_BODY_WING_LEX,DERIVED_EXACT_ARITHMETIC_FROM_PAGE_IMAGE_CROSSCHECKED_SOURCE_TABLES
NASA_CR_3608_DERIVED_VERTICAL_INCREMENT,CR3608_ROTARY_BODY_WING_LEX_VERTICAL_DR0_BETA0_V0.1 - CR3608_ROTARY_BODY_WING_LEX_BETA0_V0.1,"F-18 vertical-tail incremental contribution from component buildup",0,0,40,0.30,,0.009,-0.02,0.048,0.054,-0.0038,-0.0074,BODY_WING_LEX_VERTICAL_MINUS_BODY_WING_LEX,DERIVED_EXACT_ARITHMETIC_FROM_PAGE_IMAGE_CROSSCHECKED_SOURCE_TABLES
NASA_CR_3608_DERIVED_VERTICAL_INCREMENT,CR3608_ROTARY_BODY_WING_LEX_VERTICAL_DR0_BETA0_V0.1 - CR3608_ROTARY_BODY_WING_LEX_BETA0_V0.1,"F-18 vertical-tail incremental contribution from component buildup",0,0,40,0.40,,0.009,-0.05,0.057,0.093,-0.0029,-0.0148,BODY_WING_LEX_VERTICAL_MINUS_BODY_WING_LEX,DERIVED_EXACT_ARITHMETIC_FROM_PAGE_IMAGE_CROSSCHECKED_SOURCE_TABLES
NASA_CR_3608_DERIVED_VERTICAL_INCREMENT,CR3608_ROTARY_BODY_WING_LEX_VERTICAL_DR0_BETA0_V0.1 - CR3608_ROTARY_BODY_WING_LEX_BETA0_V0.1,"F-18 vertical-tail incremental contribution from component buildup",0,0,45,-0.40,,0.000,-0.01,0.061,-0.058,-0.0020,0.0054,BODY_WING_LEX_VERTICAL_MINUS_BODY_WING_LEX,DERIVED_EXACT_ARITHMETIC_FROM_PAGE_IMAGE_CROSSCHECKED_SOURCE_TABLES
NASA_CR_3608_DERIVED_VERTICAL_INCREMENT,CR3608_ROTARY_BODY_WING_LEX_VERTICAL_DR0_BETA0_V0.1 - CR3608_ROTARY_BODY_WING_LEX_BETA0_V0.1,"F-18 vertical-tail incremental contribution from component buildup",0,0,45,-0.30,,-0.004,0.02,0.050,-0.017,-0.0014,-0.0007,BODY_WING_LEX_VERTICAL_MINUS_BODY_WING_LEX,DERIVED_EXACT_ARITHMETIC_FROM_PAGE_IMAGE_CROSSCHECKED_SOURCE_TABLES
NASA_CR_3608_DERIVED_VERTICAL_INCREMENT,CR3608_ROTARY_BODY_WING_LEX_VERTICAL_DR0_BETA0_V0.1 - CR3608_ROTARY_BODY_WING_LEX_BETA0_V0.1,"F-18 vertical-tail incremental contribution from component buildup",0,0,45,-0.20,,-0.006,0.02,0.034,0.002,0.0006,-0.0050,BODY_WING_LEX_VERTICAL_MINUS_BODY_WING_LEX,DERIVED_EXACT_ARITHMETIC_FROM_PAGE_IMAGE_CROSSCHECKED_SOURCE_TABLES
NASA_CR_3608_DERIVED_VERTICAL_INCREMENT,CR3608_ROTARY_BODY_WING_LEX_VERTICAL_DR0_BETA0_V0.1 - CR3608_ROTARY_BODY_WING_LEX_BETA0_V0.1,"F-18 vertical-tail incremental contribution from component buildup",0,0,45,-0.10,,-0.007,0.03,0.042,0.038,-0.0002,-0.0060,BODY_WING_LEX_VERTICAL_MINUS_BODY_WING_LEX,DERIVED_EXACT_ARITHMETIC_FROM_PAGE_IMAGE_CROSSCHECKED_SOURCE_TABLES
NASA_CR_3608_DERIVED_VERTICAL_INCREMENT,CR3608_ROTARY_BODY_WING_LEX_VERTICAL_DR0_BETA0_V0.1 - CR3608_ROTARY_BODY_WING_LEX_BETA0_V0.1,"F-18 vertical-tail incremental contribution from component buildup",0,0,45,-0.05,,-0.007,0.03,0.044,0.035,0.0038,-0.0055,BODY_WING_LEX_VERTICAL_MINUS_BODY_WING_LEX,DERIVED_EXACT_ARITHMETIC_FROM_PAGE_IMAGE_CROSSCHECKED_SOURCE_TABLES
NASA_CR_3608_DERIVED_VERTICAL_INCREMENT,CR3608_ROTARY_BODY_WING_LEX_VERTICAL_DR0_BETA0_V0.1 - CR3608_ROTARY_BODY_WING_LEX_BETA0_V0.1,"F-18 vertical-tail incremental contribution from component buildup",0,0,45,0.00,1,-0.006,0.08,0.055,0.043,0.0041,-0.0069,BODY_WING_LEX_VERTICAL_MINUS_BODY_WING_LEX,DERIVED_EXACT_ARITHMETIC_FROM_PAGE_IMAGE_CROSSCHECKED_SOURCE_TABLES
NASA_CR_3608_DERIVED_VERTICAL_INCREMENT,CR3608_ROTARY_BODY_WING_LEX_VERTICAL_DR0_BETA0_V0.1 - CR3608_ROTARY_BODY_WING_LEX_BETA0_V0.1,"F-18 vertical-tail incremental contribution from component buildup",0,0,45,0.00,2,-0.006,0.04,0.039,0.039,0.0029,-0.0065,BODY_WING_LEX_VERTICAL_MINUS_BODY_WING_LEX,DERIVED_EXACT_ARITHMETIC_FROM_PAGE_IMAGE_CROSSCHECKED_SOURCE_TABLES
NASA_CR_3608_DERIVED_VERTICAL_INCREMENT,CR3608_ROTARY_BODY_WING_LEX_VERTICAL_DR0_BETA0_V0.1 - CR3608_ROTARY_BODY_WING_LEX_BETA0_V0.1,"F-18 vertical-tail incremental contribution from component buildup",0,0,45,0.05,,0.005,0.04,0.031,0.000,-0.0014,-0.0037,BODY_WING_LEX_VERTICAL_MINUS_BODY_WING_LEX,DERIVED_EXACT_ARITHMETIC_FROM_PAGE_IMAGE_CROSSCHECKED_SOURCE_TABLES
NASA_CR_3608_DERIVED_VERTICAL_INCREMENT,CR3608_ROTARY_BODY_WING_LEX_VERTICAL_DR0_BETA0_V0.1 - CR3608_ROTARY_BODY_WING_LEX_BETA0_V0.1,"F-18 vertical-tail incremental contribution from component buildup",0,0,45,0.10,,0.005,0.03,0.028,-0.017,-0.0023,-0.0004,BODY_WING_LEX_VERTICAL_MINUS_BODY_WING_LEX,DERIVED_EXACT_ARITHMETIC_FROM_PAGE_IMAGE_CROSSCHECKED_SOURCE_TABLES
NASA_CR_3608_DERIVED_VERTICAL_INCREMENT,CR3608_ROTARY_BODY_WING_LEX_VERTICAL_DR0_BETA0_V0.1 - CR3608_ROTARY_BODY_WING_LEX_BETA0_V0.1,"F-18 vertical-tail incremental contribution from component buildup",0,0,45,0.20,,0.005,0.02,0.033,-0.008,-0.0027,-0.0030,BODY_WING_LEX_VERTICAL_MINUS_BODY_WING_LEX,DERIVED_EXACT_ARITHMETIC_FROM_PAGE_IMAGE_CROSSCHECKED_SOURCE_TABLES
NASA_CR_3608_DERIVED_VERTICAL_INCREMENT,CR3608_ROTARY_BODY_WING_LEX_VERTICAL_DR0_BETA0_V0.1 - CR3608_ROTARY_BODY_WING_LEX_BETA0_V0.1,"F-18 vertical-tail incremental contribution from component buildup",0,0,45,0.30,,0.000,0.05,0.027,0.020,0.0005,-0.0082,BODY_WING_LEX_VERTICAL_MINUS_BODY_WING_LEX,DERIVED_EXACT_ARITHMETIC_FROM_PAGE_IMAGE_CROSSCHECKED_SOURCE_TABLES
NASA_CR_3608_DERIVED_VERTICAL_INCREMENT,CR3608_ROTARY_BODY_WING_LEX_VERTICAL_DR0_BETA0_V0.1 - CR3608_ROTARY_BODY_WING_LEX_BETA0_V0.1,"F-18 vertical-tail incremental contribution from component buildup",0,0,50,-0.40,,-0.002,-0.03,0.044,-0.034,-0.0050,0.0206,BODY_WING_LEX_VERTICAL_MINUS_BODY_WING_LEX,DERIVED_EXACT_ARITHMETIC_FROM_PAGE_IMAGE_CROSSCHECKED_SOURCE_TABLES
NASA_CR_3608_DERIVED_VERTICAL_INCREMENT,CR3608_ROTARY_BODY_WING_LEX_VERTICAL_DR0_BETA0_V0.1 - CR3608_ROTARY_BODY_WING_LEX_BETA0_V0.1,"F-18 vertical-tail incremental contribution from component buildup",0,0,50,-0.30,,0.003,-0.03,0.024,-0.036,-0.0034,0.0084,BODY_WING_LEX_VERTICAL_MINUS_BODY_WING_LEX,DERIVED_EXACT_ARITHMETIC_FROM_PAGE_IMAGE_CROSSCHECKED_SOURCE_TABLES
NASA_CR_3608_DERIVED_VERTICAL_INCREMENT,CR3608_ROTARY_BODY_WING_LEX_VERTICAL_DR0_BETA0_V0.1 - CR3608_ROTARY_BODY_WING_LEX_BETA0_V0.1,"F-18 vertical-tail incremental contribution from component buildup",0,0,50,-0.20,,0.003,-0.04,0.026,-0.027,-0.0008,0.0023,BODY_WING_LEX_VERTICAL_MINUS_BODY_WING_LEX,DERIVED_EXACT_ARITHMETIC_FROM_PAGE_IMAGE_CROSSCHECKED_SOURCE_TABLES
NASA_CR_3608_DERIVED_VERTICAL_INCREMENT,CR3608_ROTARY_BODY_WING_LEX_VERTICAL_DR0_BETA0_V0.1 - CR3608_ROTARY_BODY_WING_LEX_BETA0_V0.1,"F-18 vertical-tail incremental contribution from component buildup",0,0,50,-0.10,,0.008,-0.01,0.022,-0.035,-0.0017,-0.0026,BODY_WING_LEX_VERTICAL_MINUS_BODY_WING_LEX,DERIVED_EXACT_ARITHMETIC_FROM_PAGE_IMAGE_CROSSCHECKED_SOURCE_TABLES
NASA_CR_3608_DERIVED_VERTICAL_INCREMENT,CR3608_ROTARY_BODY_WING_LEX_VERTICAL_DR0_BETA0_V0.1 - CR3608_ROTARY_BODY_WING_LEX_BETA0_V0.1,"F-18 vertical-tail incremental contribution from component buildup",0,0,50,-0.05,,0.007,-0.03,0.023,-0.037,-0.0019,0.0009,BODY_WING_LEX_VERTICAL_MINUS_BODY_WING_LEX,DERIVED_EXACT_ARITHMETIC_FROM_PAGE_IMAGE_CROSSCHECKED_SOURCE_TABLES
NASA_CR_3608_DERIVED_VERTICAL_INCREMENT,CR3608_ROTARY_BODY_WING_LEX_VERTICAL_DR0_BETA0_V0.1 - CR3608_ROTARY_BODY_WING_LEX_BETA0_V0.1,"F-18 vertical-tail incremental contribution from component buildup",0,0,50,0.00,1,0.000,0.00,0.024,-0.006,0.0014,-0.0023,BODY_WING_LEX_VERTICAL_MINUS_BODY_WING_LEX,DERIVED_EXACT_ARITHMETIC_FROM_PAGE_IMAGE_CROSSCHECKED_SOURCE_TABLES
NASA_CR_3608_DERIVED_VERTICAL_INCREMENT,CR3608_ROTARY_BODY_WING_LEX_VERTICAL_DR0_BETA0_V0.1 - CR3608_ROTARY_BODY_WING_LEX_BETA0_V0.1,"F-18 vertical-tail incremental contribution from component buildup",0,0,50,0.00,2,-0.004,0.08,0.026,0.004,0.0019,-0.0011,BODY_WING_LEX_VERTICAL_MINUS_BODY_WING_LEX,DERIVED_EXACT_ARITHMETIC_FROM_PAGE_IMAGE_CROSSCHECKED_SOURCE_TABLES
NASA_CR_3608_DERIVED_VERTICAL_INCREMENT,CR3608_ROTARY_BODY_WING_LEX_VERTICAL_DR0_BETA0_V0.1 - CR3608_ROTARY_BODY_WING_LEX_BETA0_V0.1,"F-18 vertical-tail incremental contribution from component buildup",0,0,50,0.05,,0.016,0.04,0.030,-0.024,0.0003,-0.0036,BODY_WING_LEX_VERTICAL_MINUS_BODY_WING_LEX,DERIVED_EXACT_ARITHMETIC_FROM_PAGE_IMAGE_CROSSCHECKED_SOURCE_TABLES
NASA_CR_3608_DERIVED_VERTICAL_INCREMENT,CR3608_ROTARY_BODY_WING_LEX_VERTICAL_DR0_BETA0_V0.1 - CR3608_ROTARY_BODY_WING_LEX_BETA0_V0.1,"F-18 vertical-tail incremental contribution from component buildup",0,0,50,0.10,,0.017,0.00,0.018,-0.031,-0.0011,-0.0032,BODY_WING_LEX_VERTICAL_MINUS_BODY_WING_LEX,DERIVED_EXACT_ARITHMETIC_FROM_PAGE_IMAGE_CROSSCHECKED_SOURCE_TABLES
NASA_CR_3608_DERIVED_VERTICAL_INCREMENT,CR3608_ROTARY_BODY_WING_LEX_VERTICAL_DR0_BETA0_V0.1 - CR3608_ROTARY_BODY_WING_LEX_BETA0_V0.1,"F-18 vertical-tail incremental contribution from component buildup",0,0,50,0.20,,0.012,-0.01,0.015,-0.020,-0.0045,-0.0125,BODY_WING_LEX_VERTICAL_MINUS_BODY_WING_LEX,DERIVED_EXACT_ARITHMETIC_FROM_PAGE_IMAGE_CROSSCHECKED_SOURCE_TABLES
NASA_CR_3608_DERIVED_VERTICAL_INCREMENT,CR3608_ROTARY_BODY_WING_LEX_VERTICAL_DR0_BETA0_V0.1 - CR3608_ROTARY_BODY_WING_LEX_BETA0_V0.1,"F-18 vertical-tail incremental contribution from component buildup",0,0,50,0.30,,0.009,-0.01,0.006,0.022,0.0023,-0.0100,BODY_WING_LEX_VERTICAL_MINUS_BODY_WING_LEX,DERIVED_EXACT_ARITHMETIC_FROM_PAGE_IMAGE_CROSSCHECKED_SOURCE_TABLES
NASA_CR_3608_DERIVED_VERTICAL_INCREMENT,CR3608_ROTARY_BODY_WING_LEX_VERTICAL_DR0_BETA0_V0.1 - CR3608_ROTARY_BODY_WING_LEX_BETA0_V0.1,"F-18 vertical-tail incremental contribution from component buildup",0,0,55,-0.40,,0.003,0.03,0.052,-0.055,-0.0064,0.0174,BODY_WING_LEX_VERTICAL_MINUS_BODY_WING_LEX,DERIVED_EXACT_ARITHMETIC_FROM_PAGE_IMAGE_CROSSCHECKED_SOURCE_TABLES
NASA_CR_3608_DERIVED_VERTICAL_INCREMENT,CR3608_ROTARY_BODY_WING_LEX_VERTICAL_DR0_BETA0_V0.1 - CR3608_ROTARY_BODY_WING_LEX_BETA0_V0.1,"F-18 vertical-tail incremental contribution from component buildup",0,0,55,-0.30,,-0.009,0.04,0.037,-0.015,-0.0056,0.0094,BODY_WING_LEX_VERTICAL_MINUS_BODY_WING_LEX,DERIVED_EXACT_ARITHMETIC_FROM_PAGE_IMAGE_CROSSCHECKED_SOURCE_TABLES
NASA_CR_3608_DERIVED_VERTICAL_INCREMENT,CR3608_ROTARY_BODY_WING_LEX_VERTICAL_DR0_BETA0_V0.1 - CR3608_ROTARY_BODY_WING_LEX_BETA0_V0.1,"F-18 vertical-tail incremental contribution from component buildup",0,0,55,-0.20,,-0.018,0.05,0.023,0.004,-0.0028,0.0046,BODY_WING_LEX_VERTICAL_MINUS_BODY_WING_LEX,DERIVED_EXACT_ARITHMETIC_FROM_PAGE_IMAGE_CROSSCHECKED_SOURCE_TABLES
NASA_CR_3608_DERIVED_VERTICAL_INCREMENT,CR3608_ROTARY_BODY_WING_LEX_VERTICAL_DR0_BETA0_V0.1 - CR3608_ROTARY_BODY_WING_LEX_BETA0_V0.1,"F-18 vertical-tail incremental contribution from component buildup",0,0,55,-0.10,,-0.025,0.05,0.014,0.005,-0.0018,0.0006,BODY_WING_LEX_VERTICAL_MINUS_BODY_WING_LEX,DERIVED_EXACT_ARITHMETIC_FROM_PAGE_IMAGE_CROSSCHECKED_SOURCE_TABLES
NASA_CR_3608_DERIVED_VERTICAL_INCREMENT,CR3608_ROTARY_BODY_WING_LEX_VERTICAL_DR0_BETA0_V0.1 - CR3608_ROTARY_BODY_WING_LEX_BETA0_V0.1,"F-18 vertical-tail incremental contribution from component buildup",0,0,55,-0.05,,-0.026,0.04,0.007,0.008,-0.0009,-0.0009,BODY_WING_LEX_VERTICAL_MINUS_BODY_WING_LEX,DERIVED_EXACT_ARITHMETIC_FROM_PAGE_IMAGE_CROSSCHECKED_SOURCE_TABLES
NASA_CR_3608_DERIVED_VERTICAL_INCREMENT,CR3608_ROTARY_BODY_WING_LEX_VERTICAL_DR0_BETA0_V0.1 - CR3608_ROTARY_BODY_WING_LEX_BETA0_V0.1,"F-18 vertical-tail incremental contribution from component buildup",0,0,55,0.00,1,-0.017,-0.03,0.013,-0.008,-0.0003,-0.0005,BODY_WING_LEX_VERTICAL_MINUS_BODY_WING_LEX,DERIVED_EXACT_ARITHMETIC_FROM_PAGE_IMAGE_CROSSCHECKED_SOURCE_TABLES
NASA_CR_3608_DERIVED_VERTICAL_INCREMENT,CR3608_ROTARY_BODY_WING_LEX_VERTICAL_DR0_BETA0_V0.1 - CR3608_ROTARY_BODY_WING_LEX_BETA0_V0.1,"F-18 vertical-tail incremental contribution from component buildup",0,0,55,0.00,2,-0.025,-0.02,0.009,-0.006,-0.0009,-0.0006,BODY_WING_LEX_VERTICAL_MINUS_BODY_WING_LEX,DERIVED_EXACT_ARITHMETIC_FROM_PAGE_IMAGE_CROSSCHECKED_SOURCE_TABLES
NASA_CR_3608_DERIVED_VERTICAL_INCREMENT,CR3608_ROTARY_BODY_WING_LEX_VERTICAL_DR0_BETA0_V0.1 - CR3608_ROTARY_BODY_WING_LEX_BETA0_V0.1,"F-18 vertical-tail incremental contribution from component buildup",0,0,55,0.05,,-0.026,0.11,0.046,0.016,-0.0005,-0.0054,BODY_WING_LEX_VERTICAL_MINUS_BODY_WING_LEX,DERIVED_EXACT_ARITHMETIC_FROM_PAGE_IMAGE_CROSSCHECKED_SOURCE_TABLES
NASA_CR_3608_DERIVED_VERTICAL_INCREMENT,CR3608_ROTARY_BODY_WING_LEX_VERTICAL_DR0_BETA0_V0.1 - CR3608_ROTARY_BODY_WING_LEX_BETA0_V0.1,"F-18 vertical-tail incremental contribution from component buildup",0,0,55,0.10,,-0.026,0.14,0.014,0.036,-0.0013,-0.0056,BODY_WING_LEX_VERTICAL_MINUS_BODY_WING_LEX,DERIVED_EXACT_ARITHMETIC_FROM_PAGE_IMAGE_CROSSCHECKED_SOURCE_TABLES
NASA_CR_3608_DERIVED_VERTICAL_INCREMENT,CR3608_ROTARY_BODY_WING_LEX_VERTICAL_DR0_BETA0_V0.1 - CR3608_ROTARY_BODY_WING_LEX_BETA0_V0.1,"F-18 vertical-tail incremental contribution from component buildup",0,0,55,0.20,,-0.023,0.14,0.024,0.037,-0.0002,-0.0069,BODY_WING_LEX_VERTICAL_MINUS_BODY_WING_LEX,DERIVED_EXACT_ARITHMETIC_FROM_PAGE_IMAGE_CROSSCHECKED_SOURCE_TABLES
NASA_CR_3608_DERIVED_VERTICAL_INCREMENT,CR3608_ROTARY_BODY_WING_LEX_VERTICAL_DR0_BETA0_V0.1 - CR3608_ROTARY_BODY_WING_LEX_BETA0_V0.1,"F-18 vertical-tail incremental contribution from component buildup",0,0,55,0.30,,-0.014,0.11,0.032,0.059,0.0040,-0.0120,BODY_WING_LEX_VERTICAL_MINUS_BODY_WING_LEX,DERIVED_EXACT_ARITHMETIC_FROM_PAGE_IMAGE_CROSSCHECKED_SOURCE_TABLES
NASA_CR_3608_DERIVED_VERTICAL_INCREMENT,CR3608_ROTARY_BODY_WING_LEX_VERTICAL_DR0_BETA0_V0.1 - CR3608_ROTARY_BODY_WING_LEX_BETA0_V0.1,"F-18 vertical-tail incremental contribution from component buildup",0,0,55,0.40,,-0.005,0.10,0.052,0.074,0.0043,-0.0238,BODY_WING_LEX_VERTICAL_MINUS_BODY_WING_LEX,DERIVED_EXACT_ARITHMETIC_FROM_PAGE_IMAGE_CROSSCHECKED_SOURCE_TABLES
NASA_CR_3608_DERIVED_VERTICAL_INCREMENT,CR3608_ROTARY_BODY_WING_LEX_VERTICAL_DR0_BETA0_V0.1 - CR3608_ROTARY_BODY_WING_LEX_BETA0_V0.1,"F-18 vertical-tail incremental contribution from component buildup",0,0,60,-0.40,,0.000,-0.01,0.049,-0.058,-0.0071,0.0184,BODY_WING_LEX_VERTICAL_MINUS_BODY_WING_LEX,DERIVED_EXACT_ARITHMETIC_FROM_PAGE_IMAGE_CROSSCHECKED_SOURCE_TABLES
NASA_CR_3608_DERIVED_VERTICAL_INCREMENT,CR3608_ROTARY_BODY_WING_LEX_VERTICAL_DR0_BETA0_V0.1 - CR3608_ROTARY_BODY_WING_LEX_BETA0_V0.1,"F-18 vertical-tail incremental contribution from component buildup",0,0,60,-0.30,,0.003,-0.02,0.029,-0.034,-0.0051,0.0111,BODY_WING_LEX_VERTICAL_MINUS_BODY_WING_LEX,DERIVED_EXACT_ARITHMETIC_FROM_PAGE_IMAGE_CROSSCHECKED_SOURCE_TABLES
NASA_CR_3608_DERIVED_VERTICAL_INCREMENT,CR3608_ROTARY_BODY_WING_LEX_VERTICAL_DR0_BETA0_V0.1 - CR3608_ROTARY_BODY_WING_LEX_BETA0_V0.1,"F-18 vertical-tail incremental contribution from component buildup",0,0,60,-0.20,,0.002,-0.03,0.017,-0.014,-0.0026,0.0061,BODY_WING_LEX_VERTICAL_MINUS_BODY_WING_LEX,DERIVED_EXACT_ARITHMETIC_FROM_PAGE_IMAGE_CROSSCHECKED_SOURCE_TABLES
NASA_CR_3608_DERIVED_VERTICAL_INCREMENT,CR3608_ROTARY_BODY_WING_LEX_VERTICAL_DR0_BETA0_V0.1 - CR3608_ROTARY_BODY_WING_LEX_BETA0_V0.1,"F-18 vertical-tail incremental contribution from component buildup",0,0,60,-0.10,,0.003,-0.03,0.014,-0.015,-0.0015,0.0025,BODY_WING_LEX_VERTICAL_MINUS_BODY_WING_LEX,DERIVED_EXACT_ARITHMETIC_FROM_PAGE_IMAGE_CROSSCHECKED_SOURCE_TABLES
NASA_CR_3608_DERIVED_VERTICAL_INCREMENT,CR3608_ROTARY_BODY_WING_LEX_VERTICAL_DR0_BETA0_V0.1 - CR3608_ROTARY_BODY_WING_LEX_BETA0_V0.1,"F-18 vertical-tail incremental contribution from component buildup",0,0,60,-0.05,,0.003,-0.03,0.010,-0.001,-0.0010,0.0038,BODY_WING_LEX_VERTICAL_MINUS_BODY_WING_LEX,DERIVED_EXACT_ARITHMETIC_FROM_PAGE_IMAGE_CROSSCHECKED_SOURCE_TABLES
NASA_CR_3608_DERIVED_VERTICAL_INCREMENT,CR3608_ROTARY_BODY_WING_LEX_VERTICAL_DR0_BETA0_V0.1 - CR3608_ROTARY_BODY_WING_LEX_BETA0_V0.1,"F-18 vertical-tail incremental contribution from component buildup",0,0,60,0.00,1,-0.002,0.03,0.014,0.015,-0.0009,0.0012,BODY_WING_LEX_VERTICAL_MINUS_BODY_WING_LEX,DERIVED_EXACT_ARITHMETIC_FROM_PAGE_IMAGE_CROSSCHECKED_SOURCE_TABLES
NASA_CR_3608_DERIVED_VERTICAL_INCREMENT,CR3608_ROTARY_BODY_WING_LEX_VERTICAL_DR0_BETA0_V0.1 - CR3608_ROTARY_BODY_WING_LEX_BETA0_V0.1,"F-18 vertical-tail incremental contribution from component buildup",0,0,60,0.00,2,-0.004,0.02,0.018,0.018,-0.0002,0.0030,BODY_WING_LEX_VERTICAL_MINUS_BODY_WING_LEX,DERIVED_EXACT_ARITHMETIC_FROM_PAGE_IMAGE_CROSSCHECKED_SOURCE_TABLES
NASA_CR_3608_DERIVED_VERTICAL_INCREMENT,CR3608_ROTARY_BODY_WING_LEX_VERTICAL_DR0_BETA0_V0.1 - CR3608_ROTARY_BODY_WING_LEX_BETA0_V0.1,"F-18 vertical-tail incremental contribution from component buildup",0,0,60,0.05,,0.020,0.07,0.020,0.022,-0.0010,-0.0015,BODY_WING_LEX_VERTICAL_MINUS_BODY_WING_LEX,DERIVED_EXACT_ARITHMETIC_FROM_PAGE_IMAGE_CROSSCHECKED_SOURCE_TABLES
NASA_CR_3608_DERIVED_VERTICAL_INCREMENT,CR3608_ROTARY_BODY_WING_LEX_VERTICAL_DR0_BETA0_V0.1 - CR3608_ROTARY_BODY_WING_LEX_BETA0_V0.1,"F-18 vertical-tail incremental contribution from component buildup",0,0,60,0.10,,0.021,0.05,0.016,0.021,-0.0006,-0.0019,BODY_WING_LEX_VERTICAL_MINUS_BODY_WING_LEX,DERIVED_EXACT_ARITHMETIC_FROM_PAGE_IMAGE_CROSSCHECKED_SOURCE_TABLES
NASA_CR_3608_DERIVED_VERTICAL_INCREMENT,CR3608_ROTARY_BODY_WING_LEX_VERTICAL_DR0_BETA0_V0.1 - CR3608_ROTARY_BODY_WING_LEX_BETA0_V0.1,"F-18 vertical-tail incremental contribution from component buildup",0,0,60,0.20,,0.015,0.00,0.014,0.025,0.0010,-0.0092,BODY_WING_LEX_VERTICAL_MINUS_BODY_WING_LEX,DERIVED_EXACT_ARITHMETIC_FROM_PAGE_IMAGE_CROSSCHECKED_SOURCE_TABLES
NASA_CR_3608_DERIVED_VERTICAL_INCREMENT,CR3608_ROTARY_BODY_WING_LEX_VERTICAL_DR0_BETA0_V0.1 - CR3608_ROTARY_BODY_WING_LEX_BETA0_V0.1,"F-18 vertical-tail incremental contribution from component buildup",0,0,60,0.30,,0.012,0.00,0.020,0.045,0.0046,-0.0140,BODY_WING_LEX_VERTICAL_MINUS_BODY_WING_LEX,DERIVED_EXACT_ARITHMETIC_FROM_PAGE_IMAGE_CROSSCHECKED_SOURCE_TABLES
NASA_CR_3608_DERIVED_VERTICAL_INCREMENT,CR3608_ROTARY_BODY_WING_LEX_VERTICAL_DR0_BETA0_V0.1 - CR3608_ROTARY_BODY_WING_LEX_BETA0_V0.1,"F-18 vertical-tail incremental contribution from component buildup",0,0,60,0.40,,-0.001,0.02,0.041,0.059,0.0038,-0.0274,BODY_WING_LEX_VERTICAL_MINUS_BODY_WING_LEX,DERIVED_EXACT_ARITHMETIC_FROM_PAGE_IMAGE_CROSSCHECKED_SOURCE_TABLES
NASA_CR_3608_DERIVED_VERTICAL_INCREMENT,CR3608_ROTARY_BODY_WING_LEX_VERTICAL_DR0_BETA0_V0.1 - CR3608_ROTARY_BODY_WING_LEX_BETA0_V0.1,"F-18 vertical-tail incremental contribution from component buildup",0,0,65,-0.40,,0.002,0.06,0.061,-0.049,-0.0092,0.0261,BODY_WING_LEX_VERTICAL_MINUS_BODY_WING_LEX,DERIVED_EXACT_ARITHMETIC_FROM_PAGE_IMAGE_CROSSCHECKED_SOURCE_TABLES
NASA_CR_3608_DERIVED_VERTICAL_INCREMENT,CR3608_ROTARY_BODY_WING_LEX_VERTICAL_DR0_BETA0_V0.1 - CR3608_ROTARY_BODY_WING_LEX_BETA0_V0.1,"F-18 vertical-tail incremental contribution from component buildup",0,0,65,-0.30,,0.001,0.07,0.037,-0.022,-0.0069,0.0090,BODY_WING_LEX_VERTICAL_MINUS_BODY_WING_LEX,DERIVED_EXACT_ARITHMETIC_FROM_PAGE_IMAGE_CROSSCHECKED_SOURCE_TABLES
NASA_CR_3608_DERIVED_VERTICAL_INCREMENT,CR3608_ROTARY_BODY_WING_LEX_VERTICAL_DR0_BETA0_V0.1 - CR3608_ROTARY_BODY_WING_LEX_BETA0_V0.1,"F-18 vertical-tail incremental contribution from component buildup",0,0,65,-0.20,,-0.004,0.09,0.026,0.003,-0.0034,0.0075,BODY_WING_LEX_VERTICAL_MINUS_BODY_WING_LEX,DERIVED_EXACT_ARITHMETIC_FROM_PAGE_IMAGE_CROSSCHECKED_SOURCE_TABLES
NASA_CR_3608_DERIVED_VERTICAL_INCREMENT,CR3608_ROTARY_BODY_WING_LEX_VERTICAL_DR0_BETA0_V0.1 - CR3608_ROTARY_BODY_WING_LEX_BETA0_V0.1,"F-18 vertical-tail incremental contribution from component buildup",0,0,65,-0.10,,-0.004,0.07,0.023,0.010,-0.0018,0.0040,BODY_WING_LEX_VERTICAL_MINUS_BODY_WING_LEX,DERIVED_EXACT_ARITHMETIC_FROM_PAGE_IMAGE_CROSSCHECKED_SOURCE_TABLES
NASA_CR_3608_DERIVED_VERTICAL_INCREMENT,CR3608_ROTARY_BODY_WING_LEX_VERTICAL_DR0_BETA0_V0.1 - CR3608_ROTARY_BODY_WING_LEX_BETA0_V0.1,"F-18 vertical-tail incremental contribution from component buildup",0,0,65,-0.05,,-0.001,0.05,0.023,0.005,-0.0016,0.0017,BODY_WING_LEX_VERTICAL_MINUS_BODY_WING_LEX,DERIVED_EXACT_ARITHMETIC_FROM_PAGE_IMAGE_CROSSCHECKED_SOURCE_TABLES
NASA_CR_3608_DERIVED_VERTICAL_INCREMENT,CR3608_ROTARY_BODY_WING_LEX_VERTICAL_DR0_BETA0_V0.1 - CR3608_ROTARY_BODY_WING_LEX_BETA0_V0.1,"F-18 vertical-tail incremental contribution from component buildup",0,0,65,0.00,1,0.005,0.02,0.014,0.003,-0.0003,0.0000,BODY_WING_LEX_VERTICAL_MINUS_BODY_WING_LEX,DERIVED_EXACT_ARITHMETIC_FROM_PAGE_IMAGE_CROSSCHECKED_SOURCE_TABLES
NASA_CR_3608_DERIVED_VERTICAL_INCREMENT,CR3608_ROTARY_BODY_WING_LEX_VERTICAL_DR0_BETA0_V0.1 - CR3608_ROTARY_BODY_WING_LEX_BETA0_V0.1,"F-18 vertical-tail incremental contribution from component buildup",0,0,65,0.00,2,0.003,0.04,0.014,-0.006,-0.0005,0.0009,BODY_WING_LEX_VERTICAL_MINUS_BODY_WING_LEX,DERIVED_EXACT_ARITHMETIC_FROM_PAGE_IMAGE_CROSSCHECKED_SOURCE_TABLES
NASA_CR_3608_DERIVED_VERTICAL_INCREMENT,CR3608_ROTARY_BODY_WING_LEX_VERTICAL_DR0_BETA0_V0.1 - CR3608_ROTARY_BODY_WING_LEX_BETA0_V0.1,"F-18 vertical-tail incremental contribution from component buildup",0,0,65,0.05,,-0.007,0.11,0.025,0.033,-0.0011,0.0015,BODY_WING_LEX_VERTICAL_MINUS_BODY_WING_LEX,DERIVED_EXACT_ARITHMETIC_FROM_PAGE_IMAGE_CROSSCHECKED_SOURCE_TABLES
NASA_CR_3608_DERIVED_VERTICAL_INCREMENT,CR3608_ROTARY_BODY_WING_LEX_VERTICAL_DR0_BETA0_V0.1 - CR3608_ROTARY_BODY_WING_LEX_BETA0_V0.1,"F-18 vertical-tail incremental contribution from component buildup",0,0,65,0.10,,-0.003,0.07,0.025,0.015,-0.0003,-0.0012,BODY_WING_LEX_VERTICAL_MINUS_BODY_WING_LEX,DERIVED_EXACT_ARITHMETIC_FROM_PAGE_IMAGE_CROSSCHECKED_SOURCE_TABLES
NASA_CR_3608_DERIVED_VERTICAL_INCREMENT,CR3608_ROTARY_BODY_WING_LEX_VERTICAL_DR0_BETA0_V0.1 - CR3608_ROTARY_BODY_WING_LEX_BETA0_V0.1,"F-18 vertical-tail incremental contribution from component buildup",0,0,65,0.20,,0.003,0.07,0.014,0.021,0.0007,-0.0116,BODY_WING_LEX_VERTICAL_MINUS_BODY_WING_LEX,DERIVED_EXACT_ARITHMETIC_FROM_PAGE_IMAGE_CROSSCHECKED_SOURCE_TABLES
NASA_CR_3608_DERIVED_VERTICAL_INCREMENT,CR3608_ROTARY_BODY_WING_LEX_VERTICAL_DR0_BETA0_V0.1 - CR3608_ROTARY_BODY_WING_LEX_BETA0_V0.1,"F-18 vertical-tail incremental contribution from component buildup",0,0,65,0.30,,0.008,0.04,0.028,0.028,0.0027,-0.0130,BODY_WING_LEX_VERTICAL_MINUS_BODY_WING_LEX,DERIVED_EXACT_ARITHMETIC_FROM_PAGE_IMAGE_CROSSCHECKED_SOURCE_TABLES
NASA_CR_3608_DERIVED_VERTICAL_INCREMENT,CR3608_ROTARY_BODY_WING_LEX_VERTICAL_DR0_BETA0_V0.1 - CR3608_ROTARY_BODY_WING_LEX_BETA0_V0.1,"F-18 vertical-tail incremental contribution from component buildup",0,0,65,0.40,,0.012,0.05,0.047,0.039,0.0051,-0.0331,BODY_WING_LEX_VERTICAL_MINUS_BODY_WING_LEX,DERIVED_EXACT_ARITHMETIC_FROM_PAGE_IMAGE_CROSSCHECKED_SOURCE_TABLES
NASA_CR_3608_DERIVED_VERTICAL_INCREMENT,CR3608_ROTARY_BODY_WING_LEX_VERTICAL_DR0_BETA0_V0.1 - CR3608_ROTARY_BODY_WING_LEX_BETA0_V0.1,"F-18 vertical-tail incremental contribution from component buildup",0,0,70,-0.40,,-0.001,0.09,0.036,-0.068,0.0147,0.0230,BODY_WING_LEX_VERTICAL_MINUS_BODY_WING_LEX,DERIVED_EXACT_ARITHMETIC_FROM_PAGE_IMAGE_CROSSCHECKED_SOURCE_TABLES
NASA_CR_3608_DERIVED_VERTICAL_INCREMENT,CR3608_ROTARY_BODY_WING_LEX_VERTICAL_DR0_BETA0_V0.1 - CR3608_ROTARY_BODY_WING_LEX_BETA0_V0.1,"F-18 vertical-tail incremental contribution from component buildup",0,0,70,-0.30,,0.005,0.08,0.035,-0.025,0.0060,0.0154,BODY_WING_LEX_VERTICAL_MINUS_BODY_WING_LEX,DERIVED_EXACT_ARITHMETIC_FROM_PAGE_IMAGE_CROSSCHECKED_SOURCE_TABLES
NASA_CR_3608_DERIVED_VERTICAL_INCREMENT,CR3608_ROTARY_BODY_WING_LEX_VERTICAL_DR0_BETA0_V0.1 - CR3608_ROTARY_BODY_WING_LEX_BETA0_V0.1,"F-18 vertical-tail incremental contribution from component buildup",0,0,70,-0.20,,0.008,0.07,0.023,0.013,0.0028,0.0068,BODY_WING_LEX_VERTICAL_MINUS_BODY_WING_LEX,DERIVED_EXACT_ARITHMETIC_FROM_PAGE_IMAGE_CROSSCHECKED_SOURCE_TABLES
NASA_CR_3608_DERIVED_VERTICAL_INCREMENT,CR3608_ROTARY_BODY_WING_LEX_VERTICAL_DR0_BETA0_V0.1 - CR3608_ROTARY_BODY_WING_LEX_BETA0_V0.1,"F-18 vertical-tail incremental contribution from component buildup",0,0,70,-0.10,,0.010,0.06,0.019,0.018,-0.0024,0.0005,BODY_WING_LEX_VERTICAL_MINUS_BODY_WING_LEX,DERIVED_EXACT_ARITHMETIC_FROM_PAGE_IMAGE_CROSSCHECKED_SOURCE_TABLES
NASA_CR_3608_DERIVED_VERTICAL_INCREMENT,CR3608_ROTARY_BODY_WING_LEX_VERTICAL_DR0_BETA0_V0.1 - CR3608_ROTARY_BODY_WING_LEX_BETA0_V0.1,"F-18 vertical-tail incremental contribution from component buildup",0,0,70,-0.05,,0.011,0.06,0.016,0.027,-0.0034,-0.0010,BODY_WING_LEX_VERTICAL_MINUS_BODY_WING_LEX,DERIVED_EXACT_ARITHMETIC_FROM_PAGE_IMAGE_CROSSCHECKED_SOURCE_TABLES
NASA_CR_3608_DERIVED_VERTICAL_INCREMENT,CR3608_ROTARY_BODY_WING_LEX_VERTICAL_DR0_BETA0_V0.1 - CR3608_ROTARY_BODY_WING_LEX_BETA0_V0.1,"F-18 vertical-tail incremental contribution from component buildup",0,0,70,0.00,1,0.023,-0.06,0.008,-0.016,-0.0017,0.0028,BODY_WING_LEX_VERTICAL_MINUS_BODY_WING_LEX,DERIVED_EXACT_ARITHMETIC_FROM_PAGE_IMAGE_CROSSCHECKED_SOURCE_TABLES
NASA_CR_3608_DERIVED_VERTICAL_INCREMENT,CR3608_ROTARY_BODY_WING_LEX_VERTICAL_DR0_BETA0_V0.1 - CR3608_ROTARY_BODY_WING_LEX_BETA0_V0.1,"F-18 vertical-tail incremental contribution from component buildup",0,0,70,0.00,2,0.017,-0.03,0.009,-0.009,0.0000,0.0012,BODY_WING_LEX_VERTICAL_MINUS_BODY_WING_LEX,DERIVED_EXACT_ARITHMETIC_FROM_PAGE_IMAGE_CROSSCHECKED_SOURCE_TABLES
NASA_CR_3608_DERIVED_VERTICAL_INCREMENT,CR3608_ROTARY_BODY_WING_LEX_VERTICAL_DR0_BETA0_V0.1 - CR3608_ROTARY_BODY_WING_LEX_BETA0_V0.1,"F-18 vertical-tail incremental contribution from component buildup",0,0,70,0.05,,0.017,0.08,0.025,0.016,-0.0021,0.0014,BODY_WING_LEX_VERTICAL_MINUS_BODY_WING_LEX,DERIVED_EXACT_ARITHMETIC_FROM_PAGE_IMAGE_CROSSCHECKED_SOURCE_TABLES
NASA_CR_3608_DERIVED_VERTICAL_INCREMENT,CR3608_ROTARY_BODY_WING_LEX_VERTICAL_DR0_BETA0_V0.1 - CR3608_ROTARY_BODY_WING_LEX_BETA0_V0.1,"F-18 vertical-tail incremental contribution from component buildup",0,0,70,0.10,,0.015,0.07,0.023,0.020,-0.0020,-0.0014,BODY_WING_LEX_VERTICAL_MINUS_BODY_WING_LEX,DERIVED_EXACT_ARITHMETIC_FROM_PAGE_IMAGE_CROSSCHECKED_SOURCE_TABLES
NASA_CR_3608_DERIVED_VERTICAL_INCREMENT,CR3608_ROTARY_BODY_WING_LEX_VERTICAL_DR0_BETA0_V0.1 - CR3608_ROTARY_BODY_WING_LEX_BETA0_V0.1,"F-18 vertical-tail incremental contribution from component buildup",0,0,70,0.20,,0.014,0.08,0.015,0.014,0.0005,-0.0025,BODY_WING_LEX_VERTICAL_MINUS_BODY_WING_LEX,DERIVED_EXACT_ARITHMETIC_FROM_PAGE_IMAGE_CROSSCHECKED_SOURCE_TABLES
NASA_CR_3608_DERIVED_VERTICAL_INCREMENT,CR3608_ROTARY_BODY_WING_LEX_VERTICAL_DR0_BETA0_V0.1 - CR3608_ROTARY_BODY_WING_LEX_BETA0_V0.1,"F-18 vertical-tail incremental contribution from component buildup",0,0,70,0.30,,0.011,0.03,0.016,0.044,0.0022,-0.0120,BODY_WING_LEX_VERTICAL_MINUS_BODY_WING_LEX,DERIVED_EXACT_ARITHMETIC_FROM_PAGE_IMAGE_CROSSCHECKED_SOURCE_TABLES
NASA_CR_3608_DERIVED_VERTICAL_INCREMENT,CR3608_ROTARY_BODY_WING_LEX_VERTICAL_DR0_BETA0_V0.1 - CR3608_ROTARY_BODY_WING_LEX_BETA0_V0.1,"F-18 vertical-tail incremental contribution from component buildup",0,0,70,0.40,,-0.011,0.05,0.064,0.039,0.0024,-0.0368,BODY_WING_LEX_VERTICAL_MINUS_BODY_WING_LEX,DERIVED_EXACT_ARITHMETIC_FROM_PAGE_IMAGE_CROSSCHECKED_SOURCE_TABLES
NASA_CR_3608_DERIVED_VERTICAL_INCREMENT,CR3608_ROTARY_BODY_WING_LEX_VERTICAL_DR0_BETA0_V0.1 - CR3608_ROTARY_BODY_WING_LEX_BETA0_V0.1,"F-18 vertical-tail incremental contribution from component buildup",0,0,75,-0.40,,0.013,0.03,0.050,-0.105,-0.0083,0.0238,BODY_WING_LEX_VERTICAL_MINUS_BODY_WING_LEX,DERIVED_EXACT_ARITHMETIC_FROM_PAGE_IMAGE_CROSSCHECKED_SOURCE_TABLES
NASA_CR_3608_DERIVED_VERTICAL_INCREMENT,CR3608_ROTARY_BODY_WING_LEX_VERTICAL_DR0_BETA0_V0.1 - CR3608_ROTARY_BODY_WING_LEX_BETA0_V0.1,"F-18 vertical-tail incremental contribution from component buildup",0,0,75,-0.30,,0.007,0.06,0.027,-0.039,-0.0087,0.0125,BODY_WING_LEX_VERTICAL_MINUS_BODY_WING_LEX,DERIVED_EXACT_ARITHMETIC_FROM_PAGE_IMAGE_CROSSCHECKED_SOURCE_TABLES
NASA_CR_3608_DERIVED_VERTICAL_INCREMENT,CR3608_ROTARY_BODY_WING_LEX_VERTICAL_DR0_BETA0_V0.1 - CR3608_ROTARY_BODY_WING_LEX_BETA0_V0.1,"F-18 vertical-tail incremental contribution from component buildup",0,0,75,-0.20,,0.001,0.09,0.008,0.017,-0.0132,0.0016,BODY_WING_LEX_VERTICAL_MINUS_BODY_WING_LEX,DERIVED_EXACT_ARITHMETIC_FROM_PAGE_IMAGE_CROSSCHECKED_SOURCE_TABLES
NASA_CR_3608_DERIVED_VERTICAL_INCREMENT,CR3608_ROTARY_BODY_WING_LEX_VERTICAL_DR0_BETA0_V0.1 - CR3608_ROTARY_BODY_WING_LEX_BETA0_V0.1,"F-18 vertical-tail incremental contribution from component buildup",0,0,75,-0.10,,-0.003,0.08,0.016,0.022,-0.0018,-0.0019,BODY_WING_LEX_VERTICAL_MINUS_BODY_WING_LEX,DERIVED_EXACT_ARITHMETIC_FROM_PAGE_IMAGE_CROSSCHECKED_SOURCE_TABLES
NASA_CR_3608_DERIVED_VERTICAL_INCREMENT,CR3608_ROTARY_BODY_WING_LEX_VERTICAL_DR0_BETA0_V0.1 - CR3608_ROTARY_BODY_WING_LEX_BETA0_V0.1,"F-18 vertical-tail incremental contribution from component buildup",0,0,75,-0.05,,0.004,0.04,0.007,0.010,-0.0006,-0.0021,BODY_WING_LEX_VERTICAL_MINUS_BODY_WING_LEX,DERIVED_EXACT_ARITHMETIC_FROM_PAGE_IMAGE_CROSSCHECKED_SOURCE_TABLES
NASA_CR_3608_DERIVED_VERTICAL_INCREMENT,CR3608_ROTARY_BODY_WING_LEX_VERTICAL_DR0_BETA0_V0.1 - CR3608_ROTARY_BODY_WING_LEX_BETA0_V0.1,"F-18 vertical-tail incremental contribution from component buildup",0,0,75,0.00,1,0.015,-0.04,-0.007,-0.012,-0.0057,-0.0003,BODY_WING_LEX_VERTICAL_MINUS_BODY_WING_LEX,DERIVED_EXACT_ARITHMETIC_FROM_PAGE_IMAGE_CROSSCHECKED_SOURCE_TABLES
NASA_CR_3608_DERIVED_VERTICAL_INCREMENT,CR3608_ROTARY_BODY_WING_LEX_VERTICAL_DR0_BETA0_V0.1 - CR3608_ROTARY_BODY_WING_LEX_BETA0_V0.1,"F-18 vertical-tail incremental contribution from component buildup",0,0,75,0.00,2,0.015,0.04,-0.002,0.000,0.0050,-0.0004,BODY_WING_LEX_VERTICAL_MINUS_BODY_WING_LEX,DERIVED_EXACT_ARITHMETIC_FROM_PAGE_IMAGE_CROSSCHECKED_SOURCE_TABLES
NASA_CR_3608_DERIVED_VERTICAL_INCREMENT,CR3608_ROTARY_BODY_WING_LEX_VERTICAL_DR0_BETA0_V0.1 - CR3608_ROTARY_BODY_WING_LEX_BETA0_V0.1,"F-18 vertical-tail incremental contribution from component buildup",0,0,75,0.05,,0.009,0.12,0.012,0.021,-0.0018,0.0025,BODY_WING_LEX_VERTICAL_MINUS_BODY_WING_LEX,DERIVED_EXACT_ARITHMETIC_FROM_PAGE_IMAGE_CROSSCHECKED_SOURCE_TABLES
NASA_CR_3608_DERIVED_VERTICAL_INCREMENT,CR3608_ROTARY_BODY_WING_LEX_VERTICAL_DR0_BETA0_V0.1 - CR3608_ROTARY_BODY_WING_LEX_BETA0_V0.1,"F-18 vertical-tail incremental contribution from component buildup",0,0,75,0.10,,0.010,0.11,0.013,0.017,-0.0021,0.0007,BODY_WING_LEX_VERTICAL_MINUS_BODY_WING_LEX,DERIVED_EXACT_ARITHMETIC_FROM_PAGE_IMAGE_CROSSCHECKED_SOURCE_TABLES
NASA_CR_3608_DERIVED_VERTICAL_INCREMENT,CR3608_ROTARY_BODY_WING_LEX_VERTICAL_DR0_BETA0_V0.1 - CR3608_ROTARY_BODY_WING_LEX_BETA0_V0.1,"F-18 vertical-tail incremental contribution from component buildup",0,0,75,0.20,,0.010,0.12,0.000,0.017,0.0001,0.0024,BODY_WING_LEX_VERTICAL_MINUS_BODY_WING_LEX,DERIVED_EXACT_ARITHMETIC_FROM_PAGE_IMAGE_CROSSCHECKED_SOURCE_TABLES
NASA_CR_3608_DERIVED_VERTICAL_INCREMENT,CR3608_ROTARY_BODY_WING_LEX_VERTICAL_DR0_BETA0_V0.1 - CR3608_ROTARY_BODY_WING_LEX_BETA0_V0.1,"F-18 vertical-tail incremental contribution from component buildup",0,0,75,0.30,,0.015,0.08,0.017,0.053,0.0028,-0.0156,BODY_WING_LEX_VERTICAL_MINUS_BODY_WING_LEX,DERIVED_EXACT_ARITHMETIC_FROM_PAGE_IMAGE_CROSSCHECKED_SOURCE_TABLES
NASA_CR_3608_DERIVED_VERTICAL_INCREMENT,CR3608_ROTARY_BODY_WING_LEX_VERTICAL_DR0_BETA0_V0.1 - CR3608_ROTARY_BODY_WING_LEX_BETA0_V0.1,"F-18 vertical-tail incremental contribution from component buildup",0,0,75,0.40,,0.023,0.03,0.054,0.059,0.0071,-0.0329,BODY_WING_LEX_VERTICAL_MINUS_BODY_WING_LEX,DERIVED_EXACT_ARITHMETIC_FROM_PAGE_IMAGE_CROSSCHECKED_SOURCE_TABLES
NASA_CR_3608_DERIVED_VERTICAL_INCREMENT,CR3608_ROTARY_BODY_WING_LEX_VERTICAL_DR0_BETA0_V0.1 - CR3608_ROTARY_BODY_WING_LEX_BETA0_V0.1,"F-18 vertical-tail incremental contribution from component buildup",0,0,80,-0.40,,0.008,0.08,0.034,-0.093,-0.0131,0.0268,BODY_WING_LEX_VERTICAL_MINUS_BODY_WING_LEX,DERIVED_EXACT_ARITHMETIC_FROM_PAGE_IMAGE_CROSSCHECKED_SOURCE_TABLES
NASA_CR_3608_DERIVED_VERTICAL_INCREMENT,CR3608_ROTARY_BODY_WING_LEX_VERTICAL_DR0_BETA0_V0.1 - CR3608_ROTARY_BODY_WING_LEX_BETA0_V0.1,"F-18 vertical-tail incremental contribution from component buildup",0,0,80,-0.30,,0.008,0.05,0.019,-0.029,-0.0074,0.0113,BODY_WING_LEX_VERTICAL_MINUS_BODY_WING_LEX,DERIVED_EXACT_ARITHMETIC_FROM_PAGE_IMAGE_CROSSCHECKED_SOURCE_TABLES
NASA_CR_3608_DERIVED_VERTICAL_INCREMENT,CR3608_ROTARY_BODY_WING_LEX_VERTICAL_DR0_BETA0_V0.1 - CR3608_ROTARY_BODY_WING_LEX_BETA0_V0.1,"F-18 vertical-tail incremental contribution from component buildup",0,0,80,-0.20,,0.008,0.06,0.003,0.023,-0.0031,-0.0037,BODY_WING_LEX_VERTICAL_MINUS_BODY_WING_LEX,DERIVED_EXACT_ARITHMETIC_FROM_PAGE_IMAGE_CROSSCHECKED_SOURCE_TABLES
NASA_CR_3608_DERIVED_VERTICAL_INCREMENT,CR3608_ROTARY_BODY_WING_LEX_VERTICAL_DR0_BETA0_V0.1 - CR3608_ROTARY_BODY_WING_LEX_BETA0_V0.1,"F-18 vertical-tail incremental contribution from component buildup",0,0,80,-0.10,,0.003,0.06,0.012,0.015,-0.0002,-0.0002,BODY_WING_LEX_VERTICAL_MINUS_BODY_WING_LEX,DERIVED_EXACT_ARITHMETIC_FROM_PAGE_IMAGE_CROSSCHECKED_SOURCE_TABLES
NASA_CR_3608_DERIVED_VERTICAL_INCREMENT,CR3608_ROTARY_BODY_WING_LEX_VERTICAL_DR0_BETA0_V0.1 - CR3608_ROTARY_BODY_WING_LEX_BETA0_V0.1,"F-18 vertical-tail incremental contribution from component buildup",0,0,80,-0.05,,0.004,0.06,0.006,0.020,-0.0018,-0.0013,BODY_WING_LEX_VERTICAL_MINUS_BODY_WING_LEX,DERIVED_EXACT_ARITHMETIC_FROM_PAGE_IMAGE_CROSSCHECKED_SOURCE_TABLES
NASA_CR_3608_DERIVED_VERTICAL_INCREMENT,CR3608_ROTARY_BODY_WING_LEX_VERTICAL_DR0_BETA0_V0.1 - CR3608_ROTARY_BODY_WING_LEX_BETA0_V0.1,"F-18 vertical-tail incremental contribution from component buildup",0,0,80,0.00,1,0.013,0.02,0.010,-0.003,-0.0011,-0.0003,BODY_WING_LEX_VERTICAL_MINUS_BODY_WING_LEX,DERIVED_EXACT_ARITHMETIC_FROM_PAGE_IMAGE_CROSSCHECKED_SOURCE_TABLES
NASA_CR_3608_DERIVED_VERTICAL_INCREMENT,CR3608_ROTARY_BODY_WING_LEX_VERTICAL_DR0_BETA0_V0.1 - CR3608_ROTARY_BODY_WING_LEX_BETA0_V0.1,"F-18 vertical-tail incremental contribution from component buildup",0,0,80,0.00,2,0.016,0.03,-0.001,0.008,0.0025,-0.0031,BODY_WING_LEX_VERTICAL_MINUS_BODY_WING_LEX,DERIVED_EXACT_ARITHMETIC_FROM_PAGE_IMAGE_CROSSCHECKED_SOURCE_TABLES
NASA_CR_3608_DERIVED_VERTICAL_INCREMENT,CR3608_ROTARY_BODY_WING_LEX_VERTICAL_DR0_BETA0_V0.1 - CR3608_ROTARY_BODY_WING_LEX_BETA0_V0.1,"F-18 vertical-tail incremental contribution from component buildup",0,0,80,0.05,,0.000,0.10,0.004,0.012,-0.0018,0.0022,BODY_WING_LEX_VERTICAL_MINUS_BODY_WING_LEX,DERIVED_EXACT_ARITHMETIC_FROM_PAGE_IMAGE_CROSSCHECKED_SOURCE_TABLES
NASA_CR_3608_DERIVED_VERTICAL_INCREMENT,CR3608_ROTARY_BODY_WING_LEX_VERTICAL_DR0_BETA0_V0.1 - CR3608_ROTARY_BODY_WING_LEX_BETA0_V0.1,"F-18 vertical-tail incremental contribution from component buildup",0,0,80,0.10,,0.004,0.06,0.003,-0.003,-0.0012,0.0013,BODY_WING_LEX_VERTICAL_MINUS_BODY_WING_LEX,DERIVED_EXACT_ARITHMETIC_FROM_PAGE_IMAGE_CROSSCHECKED_SOURCE_TABLES
NASA_CR_3608_DERIVED_VERTICAL_INCREMENT,CR3608_ROTARY_BODY_WING_LEX_VERTICAL_DR0_BETA0_V0.1 - CR3608_ROTARY_BODY_WING_LEX_BETA0_V0.1,"F-18 vertical-tail incremental contribution from component buildup",0,0,80,0.20,,0.007,0.06,-0.001,-0.003,0.0007,0.0024,BODY_WING_LEX_VERTICAL_MINUS_BODY_WING_LEX,DERIVED_EXACT_ARITHMETIC_FROM_PAGE_IMAGE_CROSSCHECKED_SOURCE_TABLES
NASA_CR_3608_DERIVED_VERTICAL_INCREMENT,CR3608_ROTARY_BODY_WING_LEX_VERTICAL_DR0_BETA0_V0.1 - CR3608_ROTARY_BODY_WING_LEX_BETA0_V0.1,"F-18 vertical-tail incremental contribution from component buildup",0,0,80,0.30,,0.008,0.05,0.013,0.036,0.0037,-0.0173,BODY_WING_LEX_VERTICAL_MINUS_BODY_WING_LEX,DERIVED_EXACT_ARITHMETIC_FROM_PAGE_IMAGE_CROSSCHECKED_SOURCE_TABLES
NASA_CR_3608_DERIVED_VERTICAL_INCREMENT,CR3608_ROTARY_BODY_WING_LEX_VERTICAL_DR0_BETA0_V0.1 - CR3608_ROTARY_BODY_WING_LEX_BETA0_V0.1,"F-18 vertical-tail incremental contribution from component buildup",0,0,80,0.40,,0.008,0.04,0.030,0.068,0.0081,-0.0346,BODY_WING_LEX_VERTICAL_MINUS_BODY_WING_LEX,DERIVED_EXACT_ARITHMETIC_FROM_PAGE_IMAGE_CROSSCHECKED_SOURCE_TABLES
NASA_CR_3608_DERIVED_VERTICAL_INCREMENT,CR3608_ROTARY_BODY_WING_LEX_VERTICAL_DR0_BETA0_V0.1 - CR3608_ROTARY_BODY_WING_LEX_BETA0_V0.1,"F-18 vertical-tail incremental contribution from component buildup",0,0,85,-0.40,,-0.019,0.16,0.041,-0.053,-0.0143,0.0322,BODY_WING_LEX_VERTICAL_MINUS_BODY_WING_LEX,DERIVED_EXACT_ARITHMETIC_FROM_PAGE_IMAGE_CROSSCHECKED_SOURCE_TABLES
NASA_CR_3608_DERIVED_VERTICAL_INCREMENT,CR3608_ROTARY_BODY_WING_LEX_VERTICAL_DR0_BETA0_V0.1 - CR3608_ROTARY_BODY_WING_LEX_BETA0_V0.1,"F-18 vertical-tail incremental contribution from component buildup",0,0,85,-0.30,,-0.027,0.16,0.016,-0.008,-0.0056,0.0161,BODY_WING_LEX_VERTICAL_MINUS_BODY_WING_LEX,DERIVED_EXACT_ARITHMETIC_FROM_PAGE_IMAGE_CROSSCHECKED_SOURCE_TABLES
NASA_CR_3608_DERIVED_VERTICAL_INCREMENT,CR3608_ROTARY_BODY_WING_LEX_VERTICAL_DR0_BETA0_V0.1 - CR3608_ROTARY_BODY_WING_LEX_BETA0_V0.1,"F-18 vertical-tail incremental contribution from component buildup",0,0,85,-0.20,,-0.030,0.21,-0.011,0.047,-0.0015,0.0007,BODY_WING_LEX_VERTICAL_MINUS_BODY_WING_LEX,DERIVED_EXACT_ARITHMETIC_FROM_PAGE_IMAGE_CROSSCHECKED_SOURCE_TABLES
NASA_CR_3608_DERIVED_VERTICAL_INCREMENT,CR3608_ROTARY_BODY_WING_LEX_VERTICAL_DR0_BETA0_V0.1 - CR3608_ROTARY_BODY_WING_LEX_BETA0_V0.1,"F-18 vertical-tail incremental contribution from component buildup",0,0,85,-0.10,,-0.031,0.20,-0.006,0.037,-0.0041,0.0028,BODY_WING_LEX_VERTICAL_MINUS_BODY_WING_LEX,DERIVED_EXACT_ARITHMETIC_FROM_PAGE_IMAGE_CROSSCHECKED_SOURCE_TABLES
NASA_CR_3608_DERIVED_VERTICAL_INCREMENT,CR3608_ROTARY_BODY_WING_LEX_VERTICAL_DR0_BETA0_V0.1 - CR3608_ROTARY_BODY_WING_LEX_BETA0_V0.1,"F-18 vertical-tail incremental contribution from component buildup",0,0,85,-0.05,,-0.029,0.17,-0.010,0.032,-0.0020,0.0026,BODY_WING_LEX_VERTICAL_MINUS_BODY_WING_LEX,DERIVED_EXACT_ARITHMETIC_FROM_PAGE_IMAGE_CROSSCHECKED_SOURCE_TABLES
NASA_CR_3608_DERIVED_VERTICAL_INCREMENT,CR3608_ROTARY_BODY_WING_LEX_VERTICAL_DR0_BETA0_V0.1 - CR3608_ROTARY_BODY_WING_LEX_BETA0_V0.1,"F-18 vertical-tail incremental contribution from component buildup",0,0,85,0.00,1,-0.014,0.10,-0.024,0.016,0.0001,-0.0005,BODY_WING_LEX_VERTICAL_MINUS_BODY_WING_LEX,DERIVED_EXACT_ARITHMETIC_FROM_PAGE_IMAGE_CROSSCHECKED_SOURCE_TABLES
NASA_CR_3608_DERIVED_VERTICAL_INCREMENT,CR3608_ROTARY_BODY_WING_LEX_VERTICAL_DR0_BETA0_V0.1 - CR3608_ROTARY_BODY_WING_LEX_BETA0_V0.1,"F-18 vertical-tail incremental contribution from component buildup",0,0,85,0.00,2,-0.015,0.05,-0.025,-0.001,0.0005,0.0002,BODY_WING_LEX_VERTICAL_MINUS_BODY_WING_LEX,DERIVED_EXACT_ARITHMETIC_FROM_PAGE_IMAGE_CROSSCHECKED_SOURCE_TABLES
NASA_CR_3608_DERIVED_VERTICAL_INCREMENT,CR3608_ROTARY_BODY_WING_LEX_VERTICAL_DR0_BETA0_V0.1 - CR3608_ROTARY_BODY_WING_LEX_BETA0_V0.1,"F-18 vertical-tail incremental contribution from component buildup",0,0,85,0.05,,-0.023,0.06,-0.019,-0.002,0.0008,-0.0001,BODY_WING_LEX_VERTICAL_MINUS_BODY_WING_LEX,DERIVED_EXACT_ARITHMETIC_FROM_PAGE_IMAGE_CROSSCHECKED_SOURCE_TABLES
NASA_CR_3608_DERIVED_VERTICAL_INCREMENT,CR3608_ROTARY_BODY_WING_LEX_VERTICAL_DR0_BETA0_V0.1 - CR3608_ROTARY_BODY_WING_LEX_BETA0_V0.1,"F-18 vertical-tail incremental contribution from component buildup",0,0,85,0.10,,-0.024,0.07,-0.013,0.003,-0.0022,-0.0018,BODY_WING_LEX_VERTICAL_MINUS_BODY_WING_LEX,DERIVED_EXACT_ARITHMETIC_FROM_PAGE_IMAGE_CROSSCHECKED_SOURCE_TABLES
NASA_CR_3608_DERIVED_VERTICAL_INCREMENT,CR3608_ROTARY_BODY_WING_LEX_VERTICAL_DR0_BETA0_V0.1 - CR3608_ROTARY_BODY_WING_LEX_BETA0_V0.1,"F-18 vertical-tail incremental contribution from component buildup",0,0,85,0.20,,-0.017,0.06,-0.018,-0.002,-0.0004,-0.0013,BODY_WING_LEX_VERTICAL_MINUS_BODY_WING_LEX,DERIVED_EXACT_ARITHMETIC_FROM_PAGE_IMAGE_CROSSCHECKED_SOURCE_TABLES
NASA_CR_3608_DERIVED_VERTICAL_INCREMENT,CR3608_ROTARY_BODY_WING_LEX_VERTICAL_DR0_BETA0_V0.1 - CR3608_ROTARY_BODY_WING_LEX_BETA0_V0.1,"F-18 vertical-tail incremental contribution from component buildup",0,0,85,0.30,,-0.009,0.08,-0.006,0.035,0.0063,-0.0182,BODY_WING_LEX_VERTICAL_MINUS_BODY_WING_LEX,DERIVED_EXACT_ARITHMETIC_FROM_PAGE_IMAGE_CROSSCHECKED_SOURCE_TABLES
NASA_CR_3608_DERIVED_VERTICAL_INCREMENT,CR3608_ROTARY_BODY_WING_LEX_VERTICAL_DR0_BETA0_V0.1 - CR3608_ROTARY_BODY_WING_LEX_BETA0_V0.1,"F-18 vertical-tail incremental contribution from component buildup",0,0,85,0.40,,0.003,0.03,0.017,0.086,0.0108,-0.0347,BODY_WING_LEX_VERTICAL_MINUS_BODY_WING_LEX,DERIVED_EXACT_ARITHMETIC_FROM_PAGE_IMAGE_CROSSCHECKED_SOURCE_TABLES
NASA_CR_3608_DERIVED_VERTICAL_INCREMENT,CR3608_ROTARY_BODY_WING_LEX_VERTICAL_DR0_BETA0_V0.1 - CR3608_ROTARY_BODY_WING_LEX_BETA0_V0.1,"F-18 vertical-tail incremental contribution from component buildup",0,0,90,-0.40,,-0.020,0.13,0.017,-0.073,-0.0174,0.0334,BODY_WING_LEX_VERTICAL_MINUS_BODY_WING_LEX,DERIVED_EXACT_ARITHMETIC_FROM_PAGE_IMAGE_CROSSCHECKED_SOURCE_TABLES
NASA_CR_3608_DERIVED_VERTICAL_INCREMENT,CR3608_ROTARY_BODY_WING_LEX_VERTICAL_DR0_BETA0_V0.1 - CR3608_ROTARY_BODY_WING_LEX_BETA0_V0.1,"F-18 vertical-tail incremental contribution from component buildup",0,0,90,-0.30,,-0.021,0.13,0.002,-0.022,-0.0070,0.0184,BODY_WING_LEX_VERTICAL_MINUS_BODY_WING_LEX,DERIVED_EXACT_ARITHMETIC_FROM_PAGE_IMAGE_CROSSCHECKED_SOURCE_TABLES
NASA_CR_3608_DERIVED_VERTICAL_INCREMENT,CR3608_ROTARY_BODY_WING_LEX_VERTICAL_DR0_BETA0_V0.1 - CR3608_ROTARY_BODY_WING_LEX_BETA0_V0.1,"F-18 vertical-tail incremental contribution from component buildup",0,0,90,-0.20,,-0.019,0.13,-0.015,0.017,-0.0027,0.0055,BODY_WING_LEX_VERTICAL_MINUS_BODY_WING_LEX,DERIVED_EXACT_ARITHMETIC_FROM_PAGE_IMAGE_CROSSCHECKED_SOURCE_TABLES
NASA_CR_3608_DERIVED_VERTICAL_INCREMENT,CR3608_ROTARY_BODY_WING_LEX_VERTICAL_DR0_BETA0_V0.1 - CR3608_ROTARY_BODY_WING_LEX_BETA0_V0.1,"F-18 vertical-tail incremental contribution from component buildup",0,0,90,-0.10,,-0.018,0.12,-0.011,0.014,-0.0059,0.0066,BODY_WING_LEX_VERTICAL_MINUS_BODY_WING_LEX,DERIVED_EXACT_ARITHMETIC_FROM_PAGE_IMAGE_CROSSCHECKED_SOURCE_TABLES
NASA_CR_3608_DERIVED_VERTICAL_INCREMENT,CR3608_ROTARY_BODY_WING_LEX_VERTICAL_DR0_BETA0_V0.1 - CR3608_ROTARY_BODY_WING_LEX_BETA0_V0.1,"F-18 vertical-tail incremental contribution from component buildup",0,0,90,-0.05,,-0.015,0.11,-0.024,0.015,-0.0028,0.0031,BODY_WING_LEX_VERTICAL_MINUS_BODY_WING_LEX,DERIVED_EXACT_ARITHMETIC_FROM_PAGE_IMAGE_CROSSCHECKED_SOURCE_TABLES
NASA_CR_3608_DERIVED_VERTICAL_INCREMENT,CR3608_ROTARY_BODY_WING_LEX_VERTICAL_DR0_BETA0_V0.1 - CR3608_ROTARY_BODY_WING_LEX_BETA0_V0.1,"F-18 vertical-tail incremental contribution from component buildup",0,0,90,0.00,1,-0.007,0.08,-0.029,-0.004,-0.0018,0.0008,BODY_WING_LEX_VERTICAL_MINUS_BODY_WING_LEX,DERIVED_EXACT_ARITHMETIC_FROM_PAGE_IMAGE_CROSSCHECKED_SOURCE_TABLES
NASA_CR_3608_DERIVED_VERTICAL_INCREMENT,CR3608_ROTARY_BODY_WING_LEX_VERTICAL_DR0_BETA0_V0.1 - CR3608_ROTARY_BODY_WING_LEX_BETA0_V0.1,"F-18 vertical-tail incremental contribution from component buildup",0,0,90,0.00,2,-0.013,0.07,-0.015,0.006,-0.0018,-0.0028,BODY_WING_LEX_VERTICAL_MINUS_BODY_WING_LEX,DERIVED_EXACT_ARITHMETIC_FROM_PAGE_IMAGE_CROSSCHECKED_SOURCE_TABLES
NASA_CR_3608_DERIVED_VERTICAL_INCREMENT,CR3608_ROTARY_BODY_WING_LEX_VERTICAL_DR0_BETA0_V0.1 - CR3608_ROTARY_BODY_WING_LEX_BETA0_V0.1,"F-18 vertical-tail incremental contribution from component buildup",0,0,90,0.05,,-0.036,0.13,-0.018,0.034,-0.0009,-0.0031,BODY_WING_LEX_VERTICAL_MINUS_BODY_WING_LEX,DERIVED_EXACT_ARITHMETIC_FROM_PAGE_IMAGE_CROSSCHECKED_SOURCE_TABLES
NASA_CR_3608_DERIVED_VERTICAL_INCREMENT,CR3608_ROTARY_BODY_WING_LEX_VERTICAL_DR0_BETA0_V0.1 - CR3608_ROTARY_BODY_WING_LEX_BETA0_V0.1,"F-18 vertical-tail incremental contribution from component buildup",0,0,90,0.10,,-0.028,0.09,-0.018,0.029,0.0012,-0.0074,BODY_WING_LEX_VERTICAL_MINUS_BODY_WING_LEX,DERIVED_EXACT_ARITHMETIC_FROM_PAGE_IMAGE_CROSSCHECKED_SOURCE_TABLES
NASA_CR_3608_DERIVED_VERTICAL_INCREMENT,CR3608_ROTARY_BODY_WING_LEX_VERTICAL_DR0_BETA0_V0.1 - CR3608_ROTARY_BODY_WING_LEX_BETA0_V0.1,"F-18 vertical-tail incremental contribution from component buildup",0,0,90,0.20,,-0.020,0.10,-0.022,0.026,0.0023,-0.0077,BODY_WING_LEX_VERTICAL_MINUS_BODY_WING_LEX,DERIVED_EXACT_ARITHMETIC_FROM_PAGE_IMAGE_CROSSCHECKED_SOURCE_TABLES
NASA_CR_3608_DERIVED_VERTICAL_INCREMENT,CR3608_ROTARY_BODY_WING_LEX_VERTICAL_DR0_BETA0_V0.1 - CR3608_ROTARY_BODY_WING_LEX_BETA0_V0.1,"F-18 vertical-tail incremental contribution from component buildup",0,0,90,0.30,,-0.015,0.07,-0.012,0.060,0.0075,-0.0229,BODY_WING_LEX_VERTICAL_MINUS_BODY_WING_LEX,DERIVED_EXACT_ARITHMETIC_FROM_PAGE_IMAGE_CROSSCHECKED_SOURCE_TABLES
NASA_CR_3608_DERIVED_VERTICAL_INCREMENT,CR3608_ROTARY_BODY_WING_LEX_VERTICAL_DR0_BETA0_V0.1 - CR3608_ROTARY_BODY_WING_LEX_BETA0_V0.1,"F-18 vertical-tail incremental contribution from component buildup",0,0,90,0.40,,-0.011,0.03,0.014,0.108,0.0115,-0.0422,BODY_WING_LEX_VERTICAL_MINUS_BODY_WING_LEX,DERIVED_EXACT_ARITHMETIC_FROM_PAGE_IMAGE_CROSSCHECKED_SOURCE_TABLES
