source_id,derived_from,configuration,beta_deg,horizontal_tail_deg,alpha_deg,omega_b_over_2V,zero_replicate,dCA_horizontal,dCN_horizontal,dCm_horizontal,dCY_horizontal,dCl_horizontal,dCn_horizontal,derivation,qa_status
NASA_CR_3608_DERIVED_HORIZONTAL_INCREMENT,CR3608_ROTARY_BODY_WING_LEX_HORIZONTAL_DH0_BETA0_V0.1 - CR3608_ROTARY_BODY_WING_LEX_BETA0_V0.1,"F-18 horizontal-tail incremental contribution from component buildup",0,0,0,-0.40,,0.001,-0.03,-0.047,0.011,0.0054,0.0014,BODY_WING_LEX_HORIZONTAL_MINUS_BODY_WING_LEX,DERIVED_EXACT_ARITHMETIC_FROM_PAGE_IMAGE_CROSSCHECKED_SOURCE_TABLES
NASA_CR_3608_DERIVED_HORIZONTAL_INCREMENT,CR3608_ROTARY_BODY_WING_LEX_HORIZONTAL_DH0_BETA0_V0.1 - CR3608_ROTARY_BODY_WING_LEX_BETA0_V0.1,"F-18 horizontal-tail incremental contribution from component buildup",0,0,0,-0.30,,0.001,-0.04,-0.038,-0.008,0.0033,0.0009,BODY_WING_LEX_HORIZONTAL_MINUS_BODY_WING_LEX,DERIVED_EXACT_ARITHMETIC_FROM_PAGE_IMAGE_CROSSCHECKED_SOURCE_TABLES
NASA_CR_3608_DERIVED_HORIZONTAL_INCREMENT,CR3608_ROTARY_BODY_WING_LEX_HORIZONTAL_DH0_BETA0_V0.1 - CR3608_ROTARY_BODY_WING_LEX_BETA0_V0.1,"F-18 horizontal-tail incremental contribution from component buildup",0,0,0,-0.20,,-0.002,-0.01,-0.029,-0.007,0.0016,0.0009,BODY_WING_LEX_HORIZONTAL_MINUS_BODY_WING_LEX,DERIVED_EXACT_ARITHMETIC_FROM_PAGE_IMAGE_CROSSCHECKED_SOURCE_TABLES
NASA_CR_3608_DERIVED_HORIZONTAL_INCREMENT,CR3608_ROTARY_BODY_WING_LEX_HORIZONTAL_DH0_BETA0_V0.1 - CR3608_ROTARY_BODY_WING_LEX_BETA0_V0.1,"F-18 horizontal-tail incremental contribution from component buildup",0,0,0,-0.10,,-0.004,0.01,-0.023,-0.012,0.0008,0.0009,BODY_WING_LEX_HORIZONTAL_MINUS_BODY_WING_LEX,DERIVED_EXACT_ARITHMETIC_FROM_PAGE_IMAGE_CROSSCHECKED_SOURCE_TABLES
NASA_CR_3608_DERIVED_HORIZONTAL_INCREMENT,CR3608_ROTARY_BODY_WING_LEX_HORIZONTAL_DH0_BETA0_V0.1 - CR3608_ROTARY_BODY_WING_LEX_BETA0_V0.1,"F-18 horizontal-tail incremental contribution from component buildup",0,0,0,-0.05,,-0.003,0.00,-0.024,-0.021,0.0007,0.0006,BODY_WING_LEX_HORIZONTAL_MINUS_BODY_WING_LEX,DERIVED_EXACT_ARITHMETIC_FROM_PAGE_IMAGE_CROSSCHECKED_SOURCE_TABLES
NASA_CR_3608_DERIVED_HORIZONTAL_INCREMENT,CR3608_ROTARY_BODY_WING_LEX_HORIZONTAL_DH0_BETA0_V0.1 - CR3608_ROTARY_BODY_WING_LEX_BETA0_V0.1,"F-18 horizontal-tail incremental contribution from component buildup",0,0,0,0.00,1,-0.002,0.00,-0.025,-0.015,0.0004,0.0003,BODY_WING_LEX_HORIZONTAL_MINUS_BODY_WING_LEX,DERIVED_EXACT_ARITHMETIC_FROM_PAGE_IMAGE_CROSSCHECKED_SOURCE_TABLES
NASA_CR_3608_DERIVED_HORIZONTAL_INCREMENT,CR3608_ROTARY_BODY_WING_LEX_HORIZONTAL_DH0_BETA0_V0.1 - CR3608_ROTARY_BODY_WING_LEX_BETA0_V0.1,"F-18 horizontal-tail incremental contribution from component buildup",0,0,0,0.00,2,-0.004,-0.01,-0.024,-0.021,0.0005,0.0003,BODY_WING_LEX_HORIZONTAL_MINUS_BODY_WING_LEX,DERIVED_EXACT_ARITHMETIC_FROM_PAGE_IMAGE_CROSSCHECKED_SOURCE_TABLES
NASA_CR_3608_DERIVED_HORIZONTAL_INCREMENT,CR3608_ROTARY_BODY_WING_LEX_HORIZONTAL_DH0_BETA0_V0.1 - CR3608_ROTARY_BODY_WING_LEX_BETA0_V0.1,"F-18 horizontal-tail incremental contribution from component buildup",0,0,0,0.05,,0.003,-0.04,-0.029,-0.023,0.0008,-0.0004,BODY_WING_LEX_HORIZONTAL_MINUS_BODY_WING_LEX,DERIVED_EXACT_ARITHMETIC_FROM_PAGE_IMAGE_CROSSCHECKED_SOURCE_TABLES
NASA_CR_3608_DERIVED_HORIZONTAL_INCREMENT,CR3608_ROTARY_BODY_WING_LEX_HORIZONTAL_DH0_BETA0_V0.1 - CR3608_ROTARY_BODY_WING_LEX_BETA0_V0.1,"F-18 horizontal-tail incremental contribution from component buildup",0,0,0,0.10,,0.002,-0.03,-0.030,-0.023,0.0007,-0.0005,BODY_WING_LEX_HORIZONTAL_MINUS_BODY_WING_LEX,DERIVED_EXACT_ARITHMETIC_FROM_PAGE_IMAGE_CROSSCHECKED_SOURCE_TABLES
NASA_CR_3608_DERIVED_HORIZONTAL_INCREMENT,CR3608_ROTARY_BODY_WING_LEX_HORIZONTAL_DH0_BETA0_V0.1 - CR3608_ROTARY_BODY_WING_LEX_BETA0_V0.1,"F-18 horizontal-tail incremental contribution from component buildup",0,0,0,0.20,,0.000,-0.04,-0.031,-0.017,0.0006,-0.0004,BODY_WING_LEX_HORIZONTAL_MINUS_BODY_WING_LEX,DERIVED_EXACT_ARITHMETIC_FROM_PAGE_IMAGE_CROSSCHECKED_SOURCE_TABLES
NASA_CR_3608_DERIVED_HORIZONTAL_INCREMENT,CR3608_ROTARY_BODY_WING_LEX_HORIZONTAL_DH0_BETA0_V0.1 - CR3608_ROTARY_BODY_WING_LEX_BETA0_V0.1,"F-18 horizontal-tail incremental contribution from component buildup",0,0,0,0.30,,-0.001,-0.04,-0.034,-0.004,0.0005,-0.0002,BODY_WING_LEX_HORIZONTAL_MINUS_BODY_WING_LEX,DERIVED_EXACT_ARITHMETIC_FROM_PAGE_IMAGE_CROSSCHECKED_SOURCE_TABLES
NASA_CR_3608_DERIVED_HORIZONTAL_INCREMENT,CR3608_ROTARY_BODY_WING_LEX_HORIZONTAL_DH0_BETA0_V0.1 - CR3608_ROTARY_BODY_WING_LEX_BETA0_V0.1,"F-18 horizontal-tail incremental contribution from component buildup",0,0,0,0.40,,-0.007,-0.03,-0.037,0.008,-0.0010,0.0002,BODY_WING_LEX_HORIZONTAL_MINUS_BODY_WING_LEX,DERIVED_EXACT_ARITHMETIC_FROM_PAGE_IMAGE_CROSSCHECKED_SOURCE_TABLES
NASA_CR_3608_DERIVED_HORIZONTAL_INCREMENT,CR3608_ROTARY_BODY_WING_LEX_HORIZONTAL_DH0_BETA0_V0.1 - CR3608_ROTARY_BODY_WING_LEX_BETA0_V0.1,"F-18 horizontal-tail incremental contribution from component buildup",0,0,5,-0.40,,0.002,0.00,-0.081,0.012,0.0050,0.0020,BODY_WING_LEX_HORIZONTAL_MINUS_BODY_WING_LEX,DERIVED_EXACT_ARITHMETIC_FROM_PAGE_IMAGE_CROSSCHECKED_SOURCE_TABLES
NASA_CR_3608_DERIVED_HORIZONTAL_INCREMENT,CR3608_ROTARY_BODY_WING_LEX_HORIZONTAL_DH0_BETA0_V0.1 - CR3608_ROTARY_BODY_WING_LEX_BETA0_V0.1,"F-18 horizontal-tail incremental contribution from component buildup",0,0,5,-0.30,,0.004,-0.01,-0.077,-0.006,0.0052,0.0010,BODY_WING_LEX_HORIZONTAL_MINUS_BODY_WING_LEX,DERIVED_EXACT_ARITHMETIC_FROM_PAGE_IMAGE_CROSSCHECKED_SOURCE_TABLES
NASA_CR_3608_DERIVED_HORIZONTAL_INCREMENT,CR3608_ROTARY_BODY_WING_LEX_HORIZONTAL_DH0_BETA0_V0.1 - CR3608_ROTARY_BODY_WING_LEX_BETA0_V0.1,"F-18 horizontal-tail incremental contribution from component buildup",0,0,5,-0.20,,-0.006,0.02,-0.064,-0.007,0.0028,0.0010,BODY_WING_LEX_HORIZONTAL_MINUS_BODY_WING_LEX,DERIVED_EXACT_ARITHMETIC_FROM_PAGE_IMAGE_CROSSCHECKED_SOURCE_TABLES
NASA_CR_3608_DERIVED_HORIZONTAL_INCREMENT,CR3608_ROTARY_BODY_WING_LEX_HORIZONTAL_DH0_BETA0_V0.1 - CR3608_ROTARY_BODY_WING_LEX_BETA0_V0.1,"F-18 horizontal-tail incremental contribution from component buildup",0,0,5,-0.10,,-0.010,0.06,-0.056,-0.001,0.0012,0.0010,BODY_WING_LEX_HORIZONTAL_MINUS_BODY_WING_LEX,DERIVED_EXACT_ARITHMETIC_FROM_PAGE_IMAGE_CROSSCHECKED_SOURCE_TABLES
NASA_CR_3608_DERIVED_HORIZONTAL_INCREMENT,CR3608_ROTARY_BODY_WING_LEX_HORIZONTAL_DH0_BETA0_V0.1 - CR3608_ROTARY_BODY_WING_LEX_BETA0_V0.1,"F-18 horizontal-tail incremental contribution from component buildup",0,0,5,-0.05,,-0.008,0.05,-0.056,-0.008,0.0008,0.0008,BODY_WING_LEX_HORIZONTAL_MINUS_BODY_WING_LEX,DERIVED_EXACT_ARITHMETIC_FROM_PAGE_IMAGE_CROSSCHECKED_SOURCE_TABLES
NASA_CR_3608_DERIVED_HORIZONTAL_INCREMENT,CR3608_ROTARY_BODY_WING_LEX_HORIZONTAL_DH0_BETA0_V0.1 - CR3608_ROTARY_BODY_WING_LEX_BETA0_V0.1,"F-18 horizontal-tail incremental contribution from component buildup",0,0,5,0.00,1,-0.006,0.00,-0.058,-0.021,0.0009,-0.0001,BODY_WING_LEX_HORIZONTAL_MINUS_BODY_WING_LEX,DERIVED_EXACT_ARITHMETIC_FROM_PAGE_IMAGE_CROSSCHECKED_SOURCE_TABLES
NASA_CR_3608_DERIVED_HORIZONTAL_INCREMENT,CR3608_ROTARY_BODY_WING_LEX_HORIZONTAL_DH0_BETA0_V0.1 - CR3608_ROTARY_BODY_WING_LEX_BETA0_V0.1,"F-18 horizontal-tail incremental contribution from component buildup",0,0,5,0.00,2,-0.004,0.01,-0.059,-0.023,0.0010,-0.0003,BODY_WING_LEX_HORIZONTAL_MINUS_BODY_WING_LEX,DERIVED_EXACT_ARITHMETIC_FROM_PAGE_IMAGE_CROSSCHECKED_SOURCE_TABLES
NASA_CR_3608_DERIVED_HORIZONTAL_INCREMENT,CR3608_ROTARY_BODY_WING_LEX_HORIZONTAL_DH0_BETA0_V0.1 - CR3608_ROTARY_BODY_WING_LEX_BETA0_V0.1,"F-18 horizontal-tail incremental contribution from component buildup",0,0,5,0.05,,0.026,-0.01,-0.058,-0.014,0.0005,-0.0001,BODY_WING_LEX_HORIZONTAL_MINUS_BODY_WING_LEX,DERIVED_EXACT_ARITHMETIC_FROM_PAGE_IMAGE_CROSSCHECKED_SOURCE_TABLES
NASA_CR_3608_DERIVED_HORIZONTAL_INCREMENT,CR3608_ROTARY_BODY_WING_LEX_HORIZONTAL_DH0_BETA0_V0.1 - CR3608_ROTARY_BODY_WING_LEX_BETA0_V0.1,"F-18 horizontal-tail incremental contribution from component buildup",0,0,5,0.10,,0.021,0.01,-0.057,-0.018,0.0000,0.0001,BODY_WING_LEX_HORIZONTAL_MINUS_BODY_WING_LEX,DERIVED_EXACT_ARITHMETIC_FROM_PAGE_IMAGE_CROSSCHECKED_SOURCE_TABLES
NASA_CR_3608_DERIVED_HORIZONTAL_INCREMENT,CR3608_ROTARY_BODY_WING_LEX_HORIZONTAL_DH0_BETA0_V0.1 - CR3608_ROTARY_BODY_WING_LEX_BETA0_V0.1,"F-18 horizontal-tail incremental contribution from component buildup",0,0,5,0.20,,0.017,0.02,-0.059,-0.008,-0.0007,0.0003,BODY_WING_LEX_HORIZONTAL_MINUS_BODY_WING_LEX,DERIVED_EXACT_ARITHMETIC_FROM_PAGE_IMAGE_CROSSCHECKED_SOURCE_TABLES
NASA_CR_3608_DERIVED_HORIZONTAL_INCREMENT,CR3608_ROTARY_BODY_WING_LEX_HORIZONTAL_DH0_BETA0_V0.1 - CR3608_ROTARY_BODY_WING_LEX_BETA0_V0.1,"F-18 horizontal-tail incremental contribution from component buildup",0,0,5,0.30,,0.014,0.00,-0.065,-0.003,-0.0014,0.0003,BODY_WING_LEX_HORIZONTAL_MINUS_BODY_WING_LEX,DERIVED_EXACT_ARITHMETIC_FROM_PAGE_IMAGE_CROSSCHECKED_SOURCE_TABLES
NASA_CR_3608_DERIVED_HORIZONTAL_INCREMENT,CR3608_ROTARY_BODY_WING_LEX_HORIZONTAL_DH0_BETA0_V0.1 - CR3608_ROTARY_BODY_WING_LEX_BETA0_V0.1,"F-18 horizontal-tail incremental contribution from component buildup",0,0,5,0.40,,0.003,0.00,-0.072,0.013,-0.0012,0.0008,BODY_WING_LEX_HORIZONTAL_MINUS_BODY_WING_LEX,DERIVED_EXACT_ARITHMETIC_FROM_PAGE_IMAGE_CROSSCHECKED_SOURCE_TABLES
NASA_CR_3608_DERIVED_HORIZONTAL_INCREMENT,CR3608_ROTARY_BODY_WING_LEX_HORIZONTAL_DH0_BETA0_V0.1 - CR3608_ROTARY_BODY_WING_LEX_BETA0_V0.1,"F-18 horizontal-tail incremental contribution from component buildup",0,0,10,-0.40,,0.005,0.04,-0.123,0.022,0.0041,0.0024,BODY_WING_LEX_HORIZONTAL_MINUS_BODY_WING_LEX,DERIVED_EXACT_ARITHMETIC_FROM_PAGE_IMAGE_CROSSCHECKED_SOURCE_TABLES
NASA_CR_3608_DERIVED_HORIZONTAL_INCREMENT,CR3608_ROTARY_BODY_WING_LEX_HORIZONTAL_DH0_BETA0_V0.1 - CR3608_ROTARY_BODY_WING_LEX_BETA0_V0.1,"F-18 horizontal-tail incremental contribution from component buildup",0,0,10,-0.30,,-0.003,0.03,-0.108,0.001,0.0030,0.0015,BODY_WING_LEX_HORIZONTAL_MINUS_BODY_WING_LEX,DERIVED_EXACT_ARITHMETIC_FROM_PAGE_IMAGE_CROSSCHECKED_SOURCE_TABLES
NASA_CR_3608_DERIVED_HORIZONTAL_INCREMENT,CR3608_ROTARY_BODY_WING_LEX_HORIZONTAL_DH0_BETA0_V0.1 - CR3608_ROTARY_BODY_WING_LEX_BETA0_V0.1,"F-18 horizontal-tail incremental contribution from component buildup",0,0,10,-0.20,,-0.004,0.04,-0.097,-0.008,0.0030,0.0011,BODY_WING_LEX_HORIZONTAL_MINUS_BODY_WING_LEX,DERIVED_EXACT_ARITHMETIC_FROM_PAGE_IMAGE_CROSSCHECKED_SOURCE_TABLES
NASA_CR_3608_DERIVED_HORIZONTAL_INCREMENT,CR3608_ROTARY_BODY_WING_LEX_HORIZONTAL_DH0_BETA0_V0.1 - CR3608_ROTARY_BODY_WING_LEX_BETA0_V0.1,"F-18 horizontal-tail incremental contribution from component buildup",0,0,10,-0.10,,-0.006,0.06,-0.093,-0.009,0.0022,0.0010,BODY_WING_LEX_HORIZONTAL_MINUS_BODY_WING_LEX,DERIVED_EXACT_ARITHMETIC_FROM_PAGE_IMAGE_CROSSCHECKED_SOURCE_TABLES
NASA_CR_3608_DERIVED_HORIZONTAL_INCREMENT,CR3608_ROTARY_BODY_WING_LEX_HORIZONTAL_DH0_BETA0_V0.1 - CR3608_ROTARY_BODY_WING_LEX_BETA0_V0.1,"F-18 horizontal-tail incremental contribution from component buildup",0,0,10,-0.05,,-0.006,0.06,-0.090,-0.013,0.0011,0.0009,BODY_WING_LEX_HORIZONTAL_MINUS_BODY_WING_LEX,DERIVED_EXACT_ARITHMETIC_FROM_PAGE_IMAGE_CROSSCHECKED_SOURCE_TABLES
NASA_CR_3608_DERIVED_HORIZONTAL_INCREMENT,CR3608_ROTARY_BODY_WING_LEX_HORIZONTAL_DH0_BETA0_V0.1 - CR3608_ROTARY_BODY_WING_LEX_BETA0_V0.1,"F-18 horizontal-tail incremental contribution from component buildup",0,0,10,0.00,1,-0.009,0.05,-0.093,-0.021,0.0005,0.0005,BODY_WING_LEX_HORIZONTAL_MINUS_BODY_WING_LEX,DERIVED_EXACT_ARITHMETIC_FROM_PAGE_IMAGE_CROSSCHECKED_SOURCE_TABLES
NASA_CR_3608_DERIVED_HORIZONTAL_INCREMENT,CR3608_ROTARY_BODY_WING_LEX_HORIZONTAL_DH0_BETA0_V0.1 - CR3608_ROTARY_BODY_WING_LEX_BETA0_V0.1,"F-18 horizontal-tail incremental contribution from component buildup",0,0,10,0.00,2,-0.010,0.05,-0.093,-0.010,0.0008,0.0002,BODY_WING_LEX_HORIZONTAL_MINUS_BODY_WING_LEX,DERIVED_EXACT_ARITHMETIC_FROM_PAGE_IMAGE_CROSSCHECKED_SOURCE_TABLES
NASA_CR_3608_DERIVED_HORIZONTAL_INCREMENT,CR3608_ROTARY_BODY_WING_LEX_HORIZONTAL_DH0_BETA0_V0.1 - CR3608_ROTARY_BODY_WING_LEX_BETA0_V0.1,"F-18 horizontal-tail incremental contribution from component buildup",0,0,10,0.05,,0.015,0.07,-0.092,-0.010,0.0001,0.0005,BODY_WING_LEX_HORIZONTAL_MINUS_BODY_WING_LEX,DERIVED_EXACT_ARITHMETIC_FROM_PAGE_IMAGE_CROSSCHECKED_SOURCE_TABLES
NASA_CR_3608_DERIVED_HORIZONTAL_INCREMENT,CR3608_ROTARY_BODY_WING_LEX_HORIZONTAL_DH0_BETA0_V0.1 - CR3608_ROTARY_BODY_WING_LEX_BETA0_V0.1,"F-18 horizontal-tail incremental contribution from component buildup",0,0,10,0.10,,0.014,0.08,-0.091,-0.008,-0.0002,0.0005,BODY_WING_LEX_HORIZONTAL_MINUS_BODY_WING_LEX,DERIVED_EXACT_ARITHMETIC_FROM_PAGE_IMAGE_CROSSCHECKED_SOURCE_TABLES
NASA_CR_3608_DERIVED_HORIZONTAL_INCREMENT,CR3608_ROTARY_BODY_WING_LEX_HORIZONTAL_DH0_BETA0_V0.1 - CR3608_ROTARY_BODY_WING_LEX_BETA0_V0.1,"F-18 horizontal-tail incremental contribution from component buildup",0,0,10,0.20,,0.012,0.08,-0.090,0.000,-0.0003,0.0012,BODY_WING_LEX_HORIZONTAL_MINUS_BODY_WING_LEX,DERIVED_EXACT_ARITHMETIC_FROM_PAGE_IMAGE_CROSSCHECKED_SOURCE_TABLES
NASA_CR_3608_DERIVED_HORIZONTAL_INCREMENT,CR3608_ROTARY_BODY_WING_LEX_HORIZONTAL_DH0_BETA0_V0.1 - CR3608_ROTARY_BODY_WING_LEX_BETA0_V0.1,"F-18 horizontal-tail incremental contribution from component buildup",0,0,10,0.30,,0.010,0.08,-0.099,0.013,-0.0006,0.0015,BODY_WING_LEX_HORIZONTAL_MINUS_BODY_WING_LEX,DERIVED_EXACT_ARITHMETIC_FROM_PAGE_IMAGE_CROSSCHECKED_SOURCE_TABLES
NASA_CR_3608_DERIVED_HORIZONTAL_INCREMENT,CR3608_ROTARY_BODY_WING_LEX_HORIZONTAL_DH0_BETA0_V0.1 - CR3608_ROTARY_BODY_WING_LEX_BETA0_V0.1,"F-18 horizontal-tail incremental contribution from component buildup",0,0,10,0.40,,0.008,0.08,-0.115,0.028,-0.0006,0.0016,BODY_WING_LEX_HORIZONTAL_MINUS_BODY_WING_LEX,DERIVED_EXACT_ARITHMETIC_FROM_PAGE_IMAGE_CROSSCHECKED_SOURCE_TABLES
NASA_CR_3608_DERIVED_HORIZONTAL_INCREMENT,CR3608_ROTARY_BODY_WING_LEX_HORIZONTAL_DH0_BETA0_V0.1 - CR3608_ROTARY_BODY_WING_LEX_BETA0_V0.1,"F-18 horizontal-tail incremental contribution from component buildup",0,0,15,-0.40,,0.015,0.05,-0.170,0.024,0.0041,0.0019,BODY_WING_LEX_HORIZONTAL_MINUS_BODY_WING_LEX,DERIVED_EXACT_ARITHMETIC_FROM_PAGE_IMAGE_CROSSCHECKED_SOURCE_TABLES
NASA_CR_3608_DERIVED_HORIZONTAL_INCREMENT,CR3608_ROTARY_BODY_WING_LEX_HORIZONTAL_DH0_BETA0_V0.1 - CR3608_ROTARY_BODY_WING_LEX_BETA0_V0.1,"F-18 horizontal-tail incremental contribution from component buildup",0,0,15,-0.30,,-0.002,0.07,-0.150,0.004,0.0039,0.0013,BODY_WING_LEX_HORIZONTAL_MINUS_BODY_WING_LEX,DERIVED_EXACT_ARITHMETIC_FROM_PAGE_IMAGE_CROSSCHECKED_SOURCE_TABLES
NASA_CR_3608_DERIVED_HORIZONTAL_INCREMENT,CR3608_ROTARY_BODY_WING_LEX_HORIZONTAL_DH0_BETA0_V0.1 - CR3608_ROTARY_BODY_WING_LEX_BETA0_V0.1,"F-18 horizontal-tail incremental contribution from component buildup",0,0,15,-0.20,,-0.006,0.03,-0.139,-0.018,0.0022,0.0002,BODY_WING_LEX_HORIZONTAL_MINUS_BODY_WING_LEX,DERIVED_EXACT_ARITHMETIC_FROM_PAGE_IMAGE_CROSSCHECKED_SOURCE_TABLES
NASA_CR_3608_DERIVED_HORIZONTAL_INCREMENT,CR3608_ROTARY_BODY_WING_LEX_HORIZONTAL_DH0_BETA0_V0.1 - CR3608_ROTARY_BODY_WING_LEX_BETA0_V0.1,"F-18 horizontal-tail incremental contribution from component buildup",0,0,15,-0.10,,-0.012,0.05,-0.122,-0.013,0.0008,0.0006,BODY_WING_LEX_HORIZONTAL_MINUS_BODY_WING_LEX,DERIVED_EXACT_ARITHMETIC_FROM_PAGE_IMAGE_CROSSCHECKED_SOURCE_TABLES
NASA_CR_3608_DERIVED_HORIZONTAL_INCREMENT,CR3608_ROTARY_BODY_WING_LEX_HORIZONTAL_DH0_BETA0_V0.1 - CR3608_ROTARY_BODY_WING_LEX_BETA0_V0.1,"F-18 horizontal-tail incremental contribution from component buildup",0,0,15,-0.05,,-0.012,0.03,-0.119,-0.024,0.0011,0.0005,BODY_WING_LEX_HORIZONTAL_MINUS_BODY_WING_LEX,DERIVED_EXACT_ARITHMETIC_FROM_PAGE_IMAGE_CROSSCHECKED_SOURCE_TABLES
NASA_CR_3608_DERIVED_HORIZONTAL_INCREMENT,CR3608_ROTARY_BODY_WING_LEX_HORIZONTAL_DH0_BETA0_V0.1 - CR3608_ROTARY_BODY_WING_LEX_BETA0_V0.1,"F-18 horizontal-tail incremental contribution from component buildup",0,0,15,0.00,1,-0.010,0.02,-0.115,-0.029,0.0016,0.0006,BODY_WING_LEX_HORIZONTAL_MINUS_BODY_WING_LEX,DERIVED_EXACT_ARITHMETIC_FROM_PAGE_IMAGE_CROSSCHECKED_SOURCE_TABLES
NASA_CR_3608_DERIVED_HORIZONTAL_INCREMENT,CR3608_ROTARY_BODY_WING_LEX_HORIZONTAL_DH0_BETA0_V0.1 - CR3608_ROTARY_BODY_WING_LEX_BETA0_V0.1,"F-18 horizontal-tail incremental contribution from component buildup",0,0,15,0.00,2,-0.010,0.03,-0.114,-0.024,0.0023,0.0004,BODY_WING_LEX_HORIZONTAL_MINUS_BODY_WING_LEX,DERIVED_EXACT_ARITHMETIC_FROM_PAGE_IMAGE_CROSSCHECKED_SOURCE_TABLES
NASA_CR_3608_DERIVED_HORIZONTAL_INCREMENT,CR3608_ROTARY_BODY_WING_LEX_HORIZONTAL_DH0_BETA0_V0.1 - CR3608_ROTARY_BODY_WING_LEX_BETA0_V0.1,"F-18 horizontal-tail incremental contribution from component buildup",0,0,15,0.05,,-0.016,0.06,-0.114,-0.016,0.0014,0.0011,BODY_WING_LEX_HORIZONTAL_MINUS_BODY_WING_LEX,DERIVED_EXACT_ARITHMETIC_FROM_PAGE_IMAGE_CROSSCHECKED_SOURCE_TABLES
NASA_CR_3608_DERIVED_HORIZONTAL_INCREMENT,CR3608_ROTARY_BODY_WING_LEX_HORIZONTAL_DH0_BETA0_V0.1 - CR3608_ROTARY_BODY_WING_LEX_BETA0_V0.1,"F-18 horizontal-tail incremental contribution from component buildup",0,0,15,0.10,,-0.016,0.05,-0.117,-0.017,0.0013,0.0013,BODY_WING_LEX_HORIZONTAL_MINUS_BODY_WING_LEX,DERIVED_EXACT_ARITHMETIC_FROM_PAGE_IMAGE_CROSSCHECKED_SOURCE_TABLES
NASA_CR_3608_DERIVED_HORIZONTAL_INCREMENT,CR3608_ROTARY_BODY_WING_LEX_HORIZONTAL_DH0_BETA0_V0.1 - CR3608_ROTARY_BODY_WING_LEX_BETA0_V0.1,"F-18 horizontal-tail incremental contribution from component buildup",0,0,15,0.20,,-0.013,0.05,-0.125,-0.011,0.0010,0.0015,BODY_WING_LEX_HORIZONTAL_MINUS_BODY_WING_LEX,DERIVED_EXACT_ARITHMETIC_FROM_PAGE_IMAGE_CROSSCHECKED_SOURCE_TABLES
NASA_CR_3608_DERIVED_HORIZONTAL_INCREMENT,CR3608_ROTARY_BODY_WING_LEX_HORIZONTAL_DH0_BETA0_V0.1 - CR3608_ROTARY_BODY_WING_LEX_BETA0_V0.1,"F-18 horizontal-tail incremental contribution from component buildup",0,0,15,0.30,,-0.006,0.05,-0.139,-0.003,-0.0004,0.0013,BODY_WING_LEX_HORIZONTAL_MINUS_BODY_WING_LEX,DERIVED_EXACT_ARITHMETIC_FROM_PAGE_IMAGE_CROSSCHECKED_SOURCE_TABLES
NASA_CR_3608_DERIVED_HORIZONTAL_INCREMENT,CR3608_ROTARY_BODY_WING_LEX_HORIZONTAL_DH0_BETA0_V0.1 - CR3608_ROTARY_BODY_WING_LEX_BETA0_V0.1,"F-18 horizontal-tail incremental contribution from component buildup",0,0,15,0.40,,0.002,0.07,-0.160,0.014,-0.0008,0.0013,BODY_WING_LEX_HORIZONTAL_MINUS_BODY_WING_LEX,DERIVED_EXACT_ARITHMETIC_FROM_PAGE_IMAGE_CROSSCHECKED_SOURCE_TABLES
NASA_CR_3608_DERIVED_HORIZONTAL_INCREMENT,CR3608_ROTARY_BODY_WING_LEX_HORIZONTAL_DH0_BETA0_V0.1 - CR3608_ROTARY_BODY_WING_LEX_BETA0_V0.1,"F-18 horizontal-tail incremental contribution from component buildup",0,0,20,-0.40,,-0.006,0.18,-0.255,0.022,0.0069,0.0015,BODY_WING_LEX_HORIZONTAL_MINUS_BODY_WING_LEX,DERIVED_EXACT_ARITHMETIC_FROM_PAGE_IMAGE_CROSSCHECKED_SOURCE_TABLES
NASA_CR_3608_DERIVED_HORIZONTAL_INCREMENT,CR3608_ROTARY_BODY_WING_LEX_HORIZONTAL_DH0_BETA0_V0.1 - CR3608_ROTARY_BODY_WING_LEX_BETA0_V0.1,"F-18 horizontal-tail incremental contribution from component buildup",0,0,20,-0.30,,-0.012,0.17,-0.224,0.006,0.0081,0.0006,BODY_WING_LEX_HORIZONTAL_MINUS_BODY_WING_LEX,DERIVED_EXACT_ARITHMETIC_FROM_PAGE_IMAGE_CROSSCHECKED_SOURCE_TABLES
NASA_CR_3608_DERIVED_HORIZONTAL_INCREMENT,CR3608_ROTARY_BODY_WING_LEX_HORIZONTAL_DH0_BETA0_V0.1 - CR3608_ROTARY_BODY_WING_LEX_BETA0_V0.1,"F-18 horizontal-tail incremental contribution from component buildup",0,0,20,-0.20,,-0.007,0.17,-0.190,-0.011,0.0094,0.0000,BODY_WING_LEX_HORIZONTAL_MINUS_BODY_WING_LEX,DERIVED_EXACT_ARITHMETIC_FROM_PAGE_IMAGE_CROSSCHECKED_SOURCE_TABLES
NASA_CR_3608_DERIVED_HORIZONTAL_INCREMENT,CR3608_ROTARY_BODY_WING_LEX_HORIZONTAL_DH0_BETA0_V0.1 - CR3608_ROTARY_BODY_WING_LEX_BETA0_V0.1,"F-18 horizontal-tail incremental contribution from component buildup",0,0,20,-0.10,,-0.009,0.17,-0.170,-0.008,0.0059,0.0005,BODY_WING_LEX_HORIZONTAL_MINUS_BODY_WING_LEX,DERIVED_EXACT_ARITHMETIC_FROM_PAGE_IMAGE_CROSSCHECKED_SOURCE_TABLES
NASA_CR_3608_DERIVED_HORIZONTAL_INCREMENT,CR3608_ROTARY_BODY_WING_LEX_HORIZONTAL_DH0_BETA0_V0.1 - CR3608_ROTARY_BODY_WING_LEX_BETA0_V0.1,"F-18 horizontal-tail incremental contribution from component buildup",0,0,20,-0.05,,-0.007,0.14,-0.167,-0.016,0.0040,0.0004,BODY_WING_LEX_HORIZONTAL_MINUS_BODY_WING_LEX,DERIVED_EXACT_ARITHMETIC_FROM_PAGE_IMAGE_CROSSCHECKED_SOURCE_TABLES
NASA_CR_3608_DERIVED_HORIZONTAL_INCREMENT,CR3608_ROTARY_BODY_WING_LEX_HORIZONTAL_DH0_BETA0_V0.1 - CR3608_ROTARY_BODY_WING_LEX_BETA0_V0.1,"F-18 horizontal-tail incremental contribution from component buildup",0,0,20,0.00,1,-0.006,0.12,-0.164,-0.023,0.0025,0.0002,BODY_WING_LEX_HORIZONTAL_MINUS_BODY_WING_LEX,DERIVED_EXACT_ARITHMETIC_FROM_PAGE_IMAGE_CROSSCHECKED_SOURCE_TABLES
NASA_CR_3608_DERIVED_HORIZONTAL_INCREMENT,CR3608_ROTARY_BODY_WING_LEX_HORIZONTAL_DH0_BETA0_V0.1 - CR3608_ROTARY_BODY_WING_LEX_BETA0_V0.1,"F-18 horizontal-tail incremental contribution from component buildup",0,0,20,0.00,2,-0.004,0.11,-0.164,-0.018,0.0044,-0.0004,BODY_WING_LEX_HORIZONTAL_MINUS_BODY_WING_LEX,DERIVED_EXACT_ARITHMETIC_FROM_PAGE_IMAGE_CROSSCHECKED_SOURCE_TABLES
NASA_CR_3608_DERIVED_HORIZONTAL_INCREMENT,CR3608_ROTARY_BODY_WING_LEX_HORIZONTAL_DH0_BETA0_V0.1 - CR3608_ROTARY_BODY_WING_LEX_BETA0_V0.1,"F-18 horizontal-tail incremental contribution from component buildup",0,0,20,0.05,,-0.010,0.15,-0.168,-0.016,0.0007,0.0004,BODY_WING_LEX_HORIZONTAL_MINUS_BODY_WING_LEX,DERIVED_EXACT_ARITHMETIC_FROM_PAGE_IMAGE_CROSSCHECKED_SOURCE_TABLES
NASA_CR_3608_DERIVED_HORIZONTAL_INCREMENT,CR3608_ROTARY_BODY_WING_LEX_HORIZONTAL_DH0_BETA0_V0.1 - CR3608_ROTARY_BODY_WING_LEX_BETA0_V0.1,"F-18 horizontal-tail incremental contribution from component buildup",0,0,20,0.10,,-0.011,0.15,-0.172,-0.009,-0.0007,0.0009,BODY_WING_LEX_HORIZONTAL_MINUS_BODY_WING_LEX,DERIVED_EXACT_ARITHMETIC_FROM_PAGE_IMAGE_CROSSCHECKED_SOURCE_TABLES
NASA_CR_3608_DERIVED_HORIZONTAL_INCREMENT,CR3608_ROTARY_BODY_WING_LEX_HORIZONTAL_DH0_BETA0_V0.1 - CR3608_ROTARY_BODY_WING_LEX_BETA0_V0.1,"F-18 horizontal-tail incremental contribution from component buildup",0,0,20,0.20,,-0.012,0.17,-0.182,-0.003,-0.0026,0.0008,BODY_WING_LEX_HORIZONTAL_MINUS_BODY_WING_LEX,DERIVED_EXACT_ARITHMETIC_FROM_PAGE_IMAGE_CROSSCHECKED_SOURCE_TABLES
NASA_CR_3608_DERIVED_HORIZONTAL_INCREMENT,CR3608_ROTARY_BODY_WING_LEX_HORIZONTAL_DH0_BETA0_V0.1 - CR3608_ROTARY_BODY_WING_LEX_BETA0_V0.1,"F-18 horizontal-tail incremental contribution from component buildup",0,0,20,0.30,,-0.011,0.20,-0.216,0.010,-0.0022,0.0008,BODY_WING_LEX_HORIZONTAL_MINUS_BODY_WING_LEX,DERIVED_EXACT_ARITHMETIC_FROM_PAGE_IMAGE_CROSSCHECKED_SOURCE_TABLES
NASA_CR_3608_DERIVED_HORIZONTAL_INCREMENT,CR3608_ROTARY_BODY_WING_LEX_HORIZONTAL_DH0_BETA0_V0.1 - CR3608_ROTARY_BODY_WING_LEX_BETA0_V0.1,"F-18 horizontal-tail incremental contribution from component buildup",0,0,20,0.40,,-0.010,0.20,-0.248,0.030,0.0008,0.0007,BODY_WING_LEX_HORIZONTAL_MINUS_BODY_WING_LEX,DERIVED_EXACT_ARITHMETIC_FROM_PAGE_IMAGE_CROSSCHECKED_SOURCE_TABLES
NASA_CR_3608_DERIVED_HORIZONTAL_INCREMENT,CR3608_ROTARY_BODY_WING_LEX_HORIZONTAL_DH0_BETA0_V0.1 - CR3608_ROTARY_BODY_WING_LEX_BETA0_V0.1,"F-18 horizontal-tail incremental contribution from component buildup",0,0,25,-0.40,,-0.009,0.34,-0.361,0.026,0.0018,0.0018,BODY_WING_LEX_HORIZONTAL_MINUS_BODY_WING_LEX,DERIVED_EXACT_ARITHMETIC_FROM_PAGE_IMAGE_CROSSCHECKED_SOURCE_TABLES
NASA_CR_3608_DERIVED_HORIZONTAL_INCREMENT,CR3608_ROTARY_BODY_WING_LEX_HORIZONTAL_DH0_BETA0_V0.1 - CR3608_ROTARY_BODY_WING_LEX_BETA0_V0.1,"F-18 horizontal-tail incremental contribution from component buildup",0,0,25,-0.30,,-0.017,0.34,-0.313,0.016,0.0041,-0.0003,BODY_WING_LEX_HORIZONTAL_MINUS_BODY_WING_LEX,DERIVED_EXACT_ARITHMETIC_FROM_PAGE_IMAGE_CROSSCHECKED_SOURCE_TABLES
NASA_CR_3608_DERIVED_HORIZONTAL_INCREMENT,CR3608_ROTARY_BODY_WING_LEX_HORIZONTAL_DH0_BETA0_V0.1 - CR3608_ROTARY_BODY_WING_LEX_BETA0_V0.1,"F-18 horizontal-tail incremental contribution from component buildup",0,0,25,-0.20,,-0.020,0.33,-0.276,0.004,0.0085,-0.0020,BODY_WING_LEX_HORIZONTAL_MINUS_BODY_WING_LEX,DERIVED_EXACT_ARITHMETIC_FROM_PAGE_IMAGE_CROSSCHECKED_SOURCE_TABLES
NASA_CR_3608_DERIVED_HORIZONTAL_INCREMENT,CR3608_ROTARY_BODY_WING_LEX_HORIZONTAL_DH0_BETA0_V0.1 - CR3608_ROTARY_BODY_WING_LEX_BETA0_V0.1,"F-18 horizontal-tail incremental contribution from component buildup",0,0,25,-0.10,,-0.019,0.33,-0.254,0.005,0.0088,-0.0016,BODY_WING_LEX_HORIZONTAL_MINUS_BODY_WING_LEX,DERIVED_EXACT_ARITHMETIC_FROM_PAGE_IMAGE_CROSSCHECKED_SOURCE_TABLES
NASA_CR_3608_DERIVED_HORIZONTAL_INCREMENT,CR3608_ROTARY_BODY_WING_LEX_HORIZONTAL_DH0_BETA0_V0.1 - CR3608_ROTARY_BODY_WING_LEX_BETA0_V0.1,"F-18 horizontal-tail incremental contribution from component buildup",0,0,25,-0.05,,-0.017,0.29,-0.253,-0.007,0.0087,-0.0014,BODY_WING_LEX_HORIZONTAL_MINUS_BODY_WING_LEX,DERIVED_EXACT_ARITHMETIC_FROM_PAGE_IMAGE_CROSSCHECKED_SOURCE_TABLES
NASA_CR_3608_DERIVED_HORIZONTAL_INCREMENT,CR3608_ROTARY_BODY_WING_LEX_HORIZONTAL_DH0_BETA0_V0.1 - CR3608_ROTARY_BODY_WING_LEX_BETA0_V0.1,"F-18 horizontal-tail incremental contribution from component buildup",0,0,25,0.00,1,-0.017,0.24,-0.256,-0.016,0.0046,-0.0008,BODY_WING_LEX_HORIZONTAL_MINUS_BODY_WING_LEX,DERIVED_EXACT_ARITHMETIC_FROM_PAGE_IMAGE_CROSSCHECKED_SOURCE_TABLES
NASA_CR_3608_DERIVED_HORIZONTAL_INCREMENT,CR3608_ROTARY_BODY_WING_LEX_HORIZONTAL_DH0_BETA0_V0.1 - CR3608_ROTARY_BODY_WING_LEX_BETA0_V0.1,"F-18 horizontal-tail incremental contribution from component buildup",0,0,25,0.00,2,-0.016,0.23,-0.257,-0.004,0.0026,-0.0009,BODY_WING_LEX_HORIZONTAL_MINUS_BODY_WING_LEX,DERIVED_EXACT_ARITHMETIC_FROM_PAGE_IMAGE_CROSSCHECKED_SOURCE_TABLES
NASA_CR_3608_DERIVED_HORIZONTAL_INCREMENT,CR3608_ROTARY_BODY_WING_LEX_HORIZONTAL_DH0_BETA0_V0.1 - CR3608_ROTARY_BODY_WING_LEX_BETA0_V0.1,"F-18 horizontal-tail incremental contribution from component buildup",0,0,25,0.05,,-0.011,0.25,-0.266,-0.016,0.0024,-0.0007,BODY_WING_LEX_HORIZONTAL_MINUS_BODY_WING_LEX,DERIVED_EXACT_ARITHMETIC_FROM_PAGE_IMAGE_CROSSCHECKED_SOURCE_TABLES
NASA_CR_3608_DERIVED_HORIZONTAL_INCREMENT,CR3608_ROTARY_BODY_WING_LEX_HORIZONTAL_DH0_BETA0_V0.1 - CR3608_ROTARY_BODY_WING_LEX_BETA0_V0.1,"F-18 horizontal-tail incremental contribution from component buildup",0,0,25,0.10,,-0.016,0.27,-0.269,-0.012,0.0004,0.0002,BODY_WING_LEX_HORIZONTAL_MINUS_BODY_WING_LEX,DERIVED_EXACT_ARITHMETIC_FROM_PAGE_IMAGE_CROSSCHECKED_SOURCE_TABLES
NASA_CR_3608_DERIVED_HORIZONTAL_INCREMENT,CR3608_ROTARY_BODY_WING_LEX_HORIZONTAL_DH0_BETA0_V0.1 - CR3608_ROTARY_BODY_WING_LEX_BETA0_V0.1,"F-18 horizontal-tail incremental contribution from component buildup",0,0,25,0.20,,-0.018,0.28,-0.287,0.000,-0.0003,0.0011,BODY_WING_LEX_HORIZONTAL_MINUS_BODY_WING_LEX,DERIVED_EXACT_ARITHMETIC_FROM_PAGE_IMAGE_CROSSCHECKED_SOURCE_TABLES
NASA_CR_3608_DERIVED_HORIZONTAL_INCREMENT,CR3608_ROTARY_BODY_WING_LEX_HORIZONTAL_DH0_BETA0_V0.1 - CR3608_ROTARY_BODY_WING_LEX_BETA0_V0.1,"F-18 horizontal-tail incremental contribution from component buildup",0,0,25,0.30,,-0.018,0.29,-0.321,0.011,0.0030,-0.0001,BODY_WING_LEX_HORIZONTAL_MINUS_BODY_WING_LEX,DERIVED_EXACT_ARITHMETIC_FROM_PAGE_IMAGE_CROSSCHECKED_SOURCE_TABLES
NASA_CR_3608_DERIVED_HORIZONTAL_INCREMENT,CR3608_ROTARY_BODY_WING_LEX_HORIZONTAL_DH0_BETA0_V0.1 - CR3608_ROTARY_BODY_WING_LEX_BETA0_V0.1,"F-18 horizontal-tail incremental contribution from component buildup",0,0,25,0.40,,-0.020,0.32,-0.360,0.032,0.0050,-0.0013,BODY_WING_LEX_HORIZONTAL_MINUS_BODY_WING_LEX,DERIVED_EXACT_ARITHMETIC_FROM_PAGE_IMAGE_CROSSCHECKED_SOURCE_TABLES
NASA_CR_3608_DERIVED_HORIZONTAL_INCREMENT,CR3608_ROTARY_BODY_WING_LEX_HORIZONTAL_DH0_BETA0_V0.1 - CR3608_ROTARY_BODY_WING_LEX_BETA0_V0.1,"F-18 horizontal-tail incremental contribution from component buildup",0,0,30,-0.40,,-0.009,0.31,-0.424,0.026,-0.0028,0.0017,BODY_WING_LEX_HORIZONTAL_MINUS_BODY_WING_LEX,DERIVED_EXACT_ARITHMETIC_FROM_PAGE_IMAGE_CROSSCHECKED_SOURCE_TABLES
NASA_CR_3608_DERIVED_HORIZONTAL_INCREMENT,CR3608_ROTARY_BODY_WING_LEX_HORIZONTAL_DH0_BETA0_V0.1 - CR3608_ROTARY_BODY_WING_LEX_BETA0_V0.1,"F-18 horizontal-tail incremental contribution from component buildup",0,0,30,-0.30,,-0.018,0.29,-0.389,0.002,-0.0024,-0.0003,BODY_WING_LEX_HORIZONTAL_MINUS_BODY_WING_LEX,DERIVED_EXACT_ARITHMETIC_FROM_PAGE_IMAGE_CROSSCHECKED_SOURCE_TABLES
NASA_CR_3608_DERIVED_HORIZONTAL_INCREMENT,CR3608_ROTARY_BODY_WING_LEX_HORIZONTAL_DH0_BETA0_V0.1 - CR3608_ROTARY_BODY_WING_LEX_BETA0_V0.1,"F-18 horizontal-tail incremental contribution from component buildup",0,0,30,-0.20,,-0.019,0.29,-0.355,-0.010,0.0005,-0.0015,BODY_WING_LEX_HORIZONTAL_MINUS_BODY_WING_LEX,DERIVED_EXACT_ARITHMETIC_FROM_PAGE_IMAGE_CROSSCHECKED_SOURCE_TABLES
NASA_CR_3608_DERIVED_HORIZONTAL_INCREMENT,CR3608_ROTARY_BODY_WING_LEX_HORIZONTAL_DH0_BETA0_V0.1 - CR3608_ROTARY_BODY_WING_LEX_BETA0_V0.1,"F-18 horizontal-tail incremental contribution from component buildup",0,0,30,-0.10,,-0.018,0.30,-0.329,-0.022,0.0057,-0.0022,BODY_WING_LEX_HORIZONTAL_MINUS_BODY_WING_LEX,DERIVED_EXACT_ARITHMETIC_FROM_PAGE_IMAGE_CROSSCHECKED_SOURCE_TABLES
NASA_CR_3608_DERIVED_HORIZONTAL_INCREMENT,CR3608_ROTARY_BODY_WING_LEX_HORIZONTAL_DH0_BETA0_V0.1 - CR3608_ROTARY_BODY_WING_LEX_BETA0_V0.1,"F-18 horizontal-tail incremental contribution from component buildup",0,0,30,-0.05,,-0.015,0.25,-0.332,-0.031,0.0026,-0.0003,BODY_WING_LEX_HORIZONTAL_MINUS_BODY_WING_LEX,DERIVED_EXACT_ARITHMETIC_FROM_PAGE_IMAGE_CROSSCHECKED_SOURCE_TABLES
NASA_CR_3608_DERIVED_HORIZONTAL_INCREMENT,CR3608_ROTARY_BODY_WING_LEX_HORIZONTAL_DH0_BETA0_V0.1 - CR3608_ROTARY_BODY_WING_LEX_BETA0_V0.1,"F-18 horizontal-tail incremental contribution from component buildup",0,0,30,0.00,1,-0.019,0.29,-0.329,-0.021,0.0029,-0.0018,BODY_WING_LEX_HORIZONTAL_MINUS_BODY_WING_LEX,DERIVED_EXACT_ARITHMETIC_FROM_PAGE_IMAGE_CROSSCHECKED_SOURCE_TABLES
NASA_CR_3608_DERIVED_HORIZONTAL_INCREMENT,CR3608_ROTARY_BODY_WING_LEX_HORIZONTAL_DH0_BETA0_V0.1 - CR3608_ROTARY_BODY_WING_LEX_BETA0_V0.1,"F-18 horizontal-tail incremental contribution from component buildup",0,0,30,0.00,2,-0.017,0.27,-0.331,-0.029,0.0022,-0.0022,BODY_WING_LEX_HORIZONTAL_MINUS_BODY_WING_LEX,DERIVED_EXACT_ARITHMETIC_FROM_PAGE_IMAGE_CROSSCHECKED_SOURCE_TABLES
NASA_CR_3608_DERIVED_HORIZONTAL_INCREMENT,CR3608_ROTARY_BODY_WING_LEX_HORIZONTAL_DH0_BETA0_V0.1 - CR3608_ROTARY_BODY_WING_LEX_BETA0_V0.1,"F-18 horizontal-tail incremental contribution from component buildup",0,0,30,0.05,,-0.028,0.29,-0.332,-0.023,0.0044,-0.0009,BODY_WING_LEX_HORIZONTAL_MINUS_BODY_WING_LEX,DERIVED_EXACT_ARITHMETIC_FROM_PAGE_IMAGE_CROSSCHECKED_SOURCE_TABLES
NASA_CR_3608_DERIVED_HORIZONTAL_INCREMENT,CR3608_ROTARY_BODY_WING_LEX_HORIZONTAL_DH0_BETA0_V0.1 - CR3608_ROTARY_BODY_WING_LEX_BETA0_V0.1,"F-18 horizontal-tail incremental contribution from component buildup",0,0,30,0.10,,-0.028,0.28,-0.337,-0.020,0.0062,-0.0008,BODY_WING_LEX_HORIZONTAL_MINUS_BODY_WING_LEX,DERIVED_EXACT_ARITHMETIC_FROM_PAGE_IMAGE_CROSSCHECKED_SOURCE_TABLES
NASA_CR_3608_DERIVED_HORIZONTAL_INCREMENT,CR3608_ROTARY_BODY_WING_LEX_HORIZONTAL_DH0_BETA0_V0.1 - CR3608_ROTARY_BODY_WING_LEX_BETA0_V0.1,"F-18 horizontal-tail incremental contribution from component buildup",0,0,30,0.20,,-0.024,0.28,-0.362,-0.004,0.0043,-0.0001,BODY_WING_LEX_HORIZONTAL_MINUS_BODY_WING_LEX,DERIVED_EXACT_ARITHMETIC_FROM_PAGE_IMAGE_CROSSCHECKED_SOURCE_TABLES
NASA_CR_3608_DERIVED_HORIZONTAL_INCREMENT,CR3608_ROTARY_BODY_WING_LEX_HORIZONTAL_DH0_BETA0_V0.1 - CR3608_ROTARY_BODY_WING_LEX_BETA0_V0.1,"F-18 horizontal-tail incremental contribution from component buildup",0,0,30,0.30,,-0.023,0.28,-0.384,0.003,0.0063,-0.0012,BODY_WING_LEX_HORIZONTAL_MINUS_BODY_WING_LEX,DERIVED_EXACT_ARITHMETIC_FROM_PAGE_IMAGE_CROSSCHECKED_SOURCE_TABLES
NASA_CR_3608_DERIVED_HORIZONTAL_INCREMENT,CR3608_ROTARY_BODY_WING_LEX_HORIZONTAL_DH0_BETA0_V0.1 - CR3608_ROTARY_BODY_WING_LEX_BETA0_V0.1,"F-18 horizontal-tail incremental contribution from component buildup",0,0,30,0.40,,-0.020,0.30,-0.414,0.011,0.0082,-0.0027,BODY_WING_LEX_HORIZONTAL_MINUS_BODY_WING_LEX,DERIVED_EXACT_ARITHMETIC_FROM_PAGE_IMAGE_CROSSCHECKED_SOURCE_TABLES
NASA_CR_3608_DERIVED_HORIZONTAL_INCREMENT,CR3608_ROTARY_BODY_WING_LEX_HORIZONTAL_DH0_BETA0_V0.1 - CR3608_ROTARY_BODY_WING_LEX_BETA0_V0.1,"F-18 horizontal-tail incremental contribution from component buildup",0,0,35,-0.40,,-0.013,0.46,-0.483,0.082,-0.0080,0.0019,BODY_WING_LEX_HORIZONTAL_MINUS_BODY_WING_LEX,DERIVED_EXACT_ARITHMETIC_FROM_PAGE_IMAGE_CROSSCHECKED_SOURCE_TABLES
NASA_CR_3608_DERIVED_HORIZONTAL_INCREMENT,CR3608_ROTARY_BODY_WING_LEX_HORIZONTAL_DH0_BETA0_V0.1 - CR3608_ROTARY_BODY_WING_LEX_BETA0_V0.1,"F-18 horizontal-tail incremental contribution from component buildup",0,0,35,-0.30,,-0.019,0.46,-0.440,0.042,-0.0115,0.0023,BODY_WING_LEX_HORIZONTAL_MINUS_BODY_WING_LEX,DERIVED_EXACT_ARITHMETIC_FROM_PAGE_IMAGE_CROSSCHECKED_SOURCE_TABLES
NASA_CR_3608_DERIVED_HORIZONTAL_INCREMENT,CR3608_ROTARY_BODY_WING_LEX_HORIZONTAL_DH0_BETA0_V0.1 - CR3608_ROTARY_BODY_WING_LEX_BETA0_V0.1,"F-18 horizontal-tail incremental contribution from component buildup",0,0,35,-0.20,,-0.020,0.43,-0.404,0.014,-0.0101,0.0044,BODY_WING_LEX_HORIZONTAL_MINUS_BODY_WING_LEX,DERIVED_EXACT_ARITHMETIC_FROM_PAGE_IMAGE_CROSSCHECKED_SOURCE_TABLES
NASA_CR_3608_DERIVED_HORIZONTAL_INCREMENT,CR3608_ROTARY_BODY_WING_LEX_HORIZONTAL_DH0_BETA0_V0.1 - CR3608_ROTARY_BODY_WING_LEX_BETA0_V0.1,"F-18 horizontal-tail incremental contribution from component buildup",0,0,35,-0.10,,-0.020,0.43,-0.386,-0.008,-0.0017,0.0023,BODY_WING_LEX_HORIZONTAL_MINUS_BODY_WING_LEX,DERIVED_EXACT_ARITHMETIC_FROM_PAGE_IMAGE_CROSSCHECKED_SOURCE_TABLES
NASA_CR_3608_DERIVED_HORIZONTAL_INCREMENT,CR3608_ROTARY_BODY_WING_LEX_HORIZONTAL_DH0_BETA0_V0.1 - CR3608_ROTARY_BODY_WING_LEX_BETA0_V0.1,"F-18 horizontal-tail incremental contribution from component buildup",0,0,35,-0.05,,-0.017,0.40,-0.386,-0.019,0.0000,0.0014,BODY_WING_LEX_HORIZONTAL_MINUS_BODY_WING_LEX,DERIVED_EXACT_ARITHMETIC_FROM_PAGE_IMAGE_CROSSCHECKED_SOURCE_TABLES
NASA_CR_3608_DERIVED_HORIZONTAL_INCREMENT,CR3608_ROTARY_BODY_WING_LEX_HORIZONTAL_DH0_BETA0_V0.1 - CR3608_ROTARY_BODY_WING_LEX_BETA0_V0.1,"F-18 horizontal-tail incremental contribution from component buildup",0,0,35,0.00,1,-0.019,0.37,-0.390,-0.026,0.0008,0.0002,BODY_WING_LEX_HORIZONTAL_MINUS_BODY_WING_LEX,DERIVED_EXACT_ARITHMETIC_FROM_PAGE_IMAGE_CROSSCHECKED_SOURCE_TABLES
NASA_CR_3608_DERIVED_HORIZONTAL_INCREMENT,CR3608_ROTARY_BODY_WING_LEX_HORIZONTAL_DH0_BETA0_V0.1 - CR3608_ROTARY_BODY_WING_LEX_BETA0_V0.1,"F-18 horizontal-tail incremental contribution from component buildup",0,0,35,0.00,2,-0.021,0.40,-0.376,-0.025,0.0043,-0.0012,BODY_WING_LEX_HORIZONTAL_MINUS_BODY_WING_LEX,DERIVED_EXACT_ARITHMETIC_FROM_PAGE_IMAGE_CROSSCHECKED_SOURCE_TABLES
NASA_CR_3608_DERIVED_HORIZONTAL_INCREMENT,CR3608_ROTARY_BODY_WING_LEX_HORIZONTAL_DH0_BETA0_V0.1 - CR3608_ROTARY_BODY_WING_LEX_BETA0_V0.1,"F-18 horizontal-tail incremental contribution from component buildup",0,0,35,0.05,,-0.017,0.41,-0.393,-0.029,0.0060,-0.0038,BODY_WING_LEX_HORIZONTAL_MINUS_BODY_WING_LEX,DERIVED_EXACT_ARITHMETIC_FROM_PAGE_IMAGE_CROSSCHECKED_SOURCE_TABLES
NASA_CR_3608_DERIVED_HORIZONTAL_INCREMENT,CR3608_ROTARY_BODY_WING_LEX_HORIZONTAL_DH0_BETA0_V0.1 - CR3608_ROTARY_BODY_WING_LEX_BETA0_V0.1,"F-18 horizontal-tail incremental contribution from component buildup",0,0,35,0.10,,-0.016,0.40,-0.393,-0.035,0.0086,-0.0055,BODY_WING_LEX_HORIZONTAL_MINUS_BODY_WING_LEX,DERIVED_EXACT_ARITHMETIC_FROM_PAGE_IMAGE_CROSSCHECKED_SOURCE_TABLES
NASA_CR_3608_DERIVED_HORIZONTAL_INCREMENT,CR3608_ROTARY_BODY_WING_LEX_HORIZONTAL_DH0_BETA0_V0.1 - CR3608_ROTARY_BODY_WING_LEX_BETA0_V0.1,"F-18 horizontal-tail incremental contribution from component buildup",0,0,35,0.20,,-0.021,0.44,-0.399,-0.016,0.0117,-0.0046,BODY_WING_LEX_HORIZONTAL_MINUS_BODY_WING_LEX,DERIVED_EXACT_ARITHMETIC_FROM_PAGE_IMAGE_CROSSCHECKED_SOURCE_TABLES
NASA_CR_3608_DERIVED_HORIZONTAL_INCREMENT,CR3608_ROTARY_BODY_WING_LEX_HORIZONTAL_DH0_BETA0_V0.1 - CR3608_ROTARY_BODY_WING_LEX_BETA0_V0.1,"F-18 horizontal-tail incremental contribution from component buildup",0,0,35,0.30,,-0.022,0.46,-0.432,-0.010,0.0174,-0.0041,BODY_WING_LEX_HORIZONTAL_MINUS_BODY_WING_LEX,DERIVED_EXACT_ARITHMETIC_FROM_PAGE_IMAGE_CROSSCHECKED_SOURCE_TABLES
NASA_CR_3608_DERIVED_HORIZONTAL_INCREMENT,CR3608_ROTARY_BODY_WING_LEX_HORIZONTAL_DH0_BETA0_V0.1 - CR3608_ROTARY_BODY_WING_LEX_BETA0_V0.1,"F-18 horizontal-tail incremental contribution from component buildup",0,0,35,0.40,,-0.024,0.44,-0.476,0.023,0.0156,-0.0019,BODY_WING_LEX_HORIZONTAL_MINUS_BODY_WING_LEX,DERIVED_EXACT_ARITHMETIC_FROM_PAGE_IMAGE_CROSSCHECKED_SOURCE_TABLES
NASA_CR_3608_DERIVED_HORIZONTAL_INCREMENT,CR3608_ROTARY_BODY_WING_LEX_HORIZONTAL_DH0_BETA0_V0.1 - CR3608_ROTARY_BODY_WING_LEX_BETA0_V0.1,"F-18 horizontal-tail incremental contribution from component buildup",0,0,40,-0.40,,-0.009,0.49,-0.528,0.064,-0.0114,0.0030,BODY_WING_LEX_HORIZONTAL_MINUS_BODY_WING_LEX,DERIVED_EXACT_ARITHMETIC_FROM_PAGE_IMAGE_CROSSCHECKED_SOURCE_TABLES
NASA_CR_3608_DERIVED_HORIZONTAL_INCREMENT,CR3608_ROTARY_BODY_WING_LEX_HORIZONTAL_DH0_BETA0_V0.1 - CR3608_ROTARY_BODY_WING_LEX_BETA0_V0.1,"F-18 horizontal-tail incremental contribution from component buildup",0,0,40,-0.30,,-0.016,0.49,-0.479,0.055,-0.0086,0.0045,BODY_WING_LEX_HORIZONTAL_MINUS_BODY_WING_LEX,DERIVED_EXACT_ARITHMETIC_FROM_PAGE_IMAGE_CROSSCHECKED_SOURCE_TABLES
NASA_CR_3608_DERIVED_HORIZONTAL_INCREMENT,CR3608_ROTARY_BODY_WING_LEX_HORIZONTAL_DH0_BETA0_V0.1 - CR3608_ROTARY_BODY_WING_LEX_BETA0_V0.1,"F-18 horizontal-tail incremental contribution from component buildup",0,0,40,-0.20,,-0.017,0.45,-0.450,0.013,-0.0032,0.0017,BODY_WING_LEX_HORIZONTAL_MINUS_BODY_WING_LEX,DERIVED_EXACT_ARITHMETIC_FROM_PAGE_IMAGE_CROSSCHECKED_SOURCE_TABLES
NASA_CR_3608_DERIVED_HORIZONTAL_INCREMENT,CR3608_ROTARY_BODY_WING_LEX_HORIZONTAL_DH0_BETA0_V0.1 - CR3608_ROTARY_BODY_WING_LEX_BETA0_V0.1,"F-18 horizontal-tail incremental contribution from component buildup",0,0,40,-0.10,,-0.014,0.43,-0.425,-0.006,0.0036,0.0026,BODY_WING_LEX_HORIZONTAL_MINUS_BODY_WING_LEX,DERIVED_EXACT_ARITHMETIC_FROM_PAGE_IMAGE_CROSSCHECKED_SOURCE_TABLES
NASA_CR_3608_DERIVED_HORIZONTAL_INCREMENT,CR3608_ROTARY_BODY_WING_LEX_HORIZONTAL_DH0_BETA0_V0.1 - CR3608_ROTARY_BODY_WING_LEX_BETA0_V0.1,"F-18 horizontal-tail incremental contribution from component buildup",0,0,40,-0.05,,-0.012,0.41,-0.428,-0.014,0.0044,-0.0009,BODY_WING_LEX_HORIZONTAL_MINUS_BODY_WING_LEX,DERIVED_EXACT_ARITHMETIC_FROM_PAGE_IMAGE_CROSSCHECKED_SOURCE_TABLES
NASA_CR_3608_DERIVED_HORIZONTAL_INCREMENT,CR3608_ROTARY_BODY_WING_LEX_HORIZONTAL_DH0_BETA0_V0.1 - CR3608_ROTARY_BODY_WING_LEX_BETA0_V0.1,"F-18 horizontal-tail incremental contribution from component buildup",0,0,40,0.00,1,-0.023,0.46,-0.414,-0.005,0.0033,0.0004,BODY_WING_LEX_HORIZONTAL_MINUS_BODY_WING_LEX,DERIVED_EXACT_ARITHMETIC_FROM_PAGE_IMAGE_CROSSCHECKED_SOURCE_TABLES
NASA_CR_3608_DERIVED_HORIZONTAL_INCREMENT,CR3608_ROTARY_BODY_WING_LEX_HORIZONTAL_DH0_BETA0_V0.1 - CR3608_ROTARY_BODY_WING_LEX_BETA0_V0.1,"F-18 horizontal-tail incremental contribution from component buildup",0,0,40,0.00,2,-0.024,0.49,-0.414,0.019,0.0023,0.0020,BODY_WING_LEX_HORIZONTAL_MINUS_BODY_WING_LEX,DERIVED_EXACT_ARITHMETIC_FROM_PAGE_IMAGE_CROSSCHECKED_SOURCE_TABLES
NASA_CR_3608_DERIVED_HORIZONTAL_INCREMENT,CR3608_ROTARY_BODY_WING_LEX_HORIZONTAL_DH0_BETA0_V0.1 - CR3608_ROTARY_BODY_WING_LEX_BETA0_V0.1,"F-18 horizontal-tail incremental contribution from component buildup",0,0,40,0.05,,-0.021,0.42,-0.427,-0.012,0.0035,-0.0031,BODY_WING_LEX_HORIZONTAL_MINUS_BODY_WING_LEX,DERIVED_EXACT_ARITHMETIC_FROM_PAGE_IMAGE_CROSSCHECKED_SOURCE_TABLES
NASA_CR_3608_DERIVED_HORIZONTAL_INCREMENT,CR3608_ROTARY_BODY_WING_LEX_HORIZONTAL_DH0_BETA0_V0.1 - CR3608_ROTARY_BODY_WING_LEX_BETA0_V0.1,"F-18 horizontal-tail incremental contribution from component buildup",0,0,40,0.10,,-0.020,0.44,-0.426,-0.021,0.0043,-0.0054,BODY_WING_LEX_HORIZONTAL_MINUS_BODY_WING_LEX,DERIVED_EXACT_ARITHMETIC_FROM_PAGE_IMAGE_CROSSCHECKED_SOURCE_TABLES
NASA_CR_3608_DERIVED_HORIZONTAL_INCREMENT,CR3608_ROTARY_BODY_WING_LEX_HORIZONTAL_DH0_BETA0_V0.1 - CR3608_ROTARY_BODY_WING_LEX_BETA0_V0.1,"F-18 horizontal-tail incremental contribution from component buildup",0,0,40,0.20,,-0.021,0.47,-0.443,-0.024,0.0056,-0.0066,BODY_WING_LEX_HORIZONTAL_MINUS_BODY_WING_LEX,DERIVED_EXACT_ARITHMETIC_FROM_PAGE_IMAGE_CROSSCHECKED_SOURCE_TABLES
NASA_CR_3608_DERIVED_HORIZONTAL_INCREMENT,CR3608_ROTARY_BODY_WING_LEX_HORIZONTAL_DH0_BETA0_V0.1 - CR3608_ROTARY_BODY_WING_LEX_BETA0_V0.1,"F-18 horizontal-tail incremental contribution from component buildup",0,0,40,0.30,,-0.023,0.51,-0.478,-0.020,0.0118,-0.0050,BODY_WING_LEX_HORIZONTAL_MINUS_BODY_WING_LEX,DERIVED_EXACT_ARITHMETIC_FROM_PAGE_IMAGE_CROSSCHECKED_SOURCE_TABLES
NASA_CR_3608_DERIVED_HORIZONTAL_INCREMENT,CR3608_ROTARY_BODY_WING_LEX_HORIZONTAL_DH0_BETA0_V0.1 - CR3608_ROTARY_BODY_WING_LEX_BETA0_V0.1,"F-18 horizontal-tail incremental contribution from component buildup",0,0,40,0.40,,-0.022,0.52,-0.529,-0.020,0.0167,-0.0063,BODY_WING_LEX_HORIZONTAL_MINUS_BODY_WING_LEX,DERIVED_EXACT_ARITHMETIC_FROM_PAGE_IMAGE_CROSSCHECKED_SOURCE_TABLES
NASA_CR_3608_DERIVED_HORIZONTAL_INCREMENT,CR3608_ROTARY_BODY_WING_LEX_HORIZONTAL_DH0_BETA0_V0.1 - CR3608_ROTARY_BODY_WING_LEX_BETA0_V0.1,"F-18 horizontal-tail incremental contribution from component buildup",0,0,45,-0.40,,0.001,0.50,-0.516,0.063,-0.0131,0.0023,BODY_WING_LEX_HORIZONTAL_MINUS_BODY_WING_LEX,DERIVED_EXACT_ARITHMETIC_FROM_PAGE_IMAGE_CROSSCHECKED_SOURCE_TABLES
NASA_CR_3608_DERIVED_HORIZONTAL_INCREMENT,CR3608_ROTARY_BODY_WING_LEX_HORIZONTAL_DH0_BETA0_V0.1 - CR3608_ROTARY_BODY_WING_LEX_BETA0_V0.1,"F-18 horizontal-tail incremental contribution from component buildup",0,0,45,-0.30,,-0.010,0.44,-0.473,0.027,-0.0101,0.0007,BODY_WING_LEX_HORIZONTAL_MINUS_BODY_WING_LEX,DERIVED_EXACT_ARITHMETIC_FROM_PAGE_IMAGE_CROSSCHECKED_SOURCE_TABLES
NASA_CR_3608_DERIVED_HORIZONTAL_INCREMENT,CR3608_ROTARY_BODY_WING_LEX_HORIZONTAL_DH0_BETA0_V0.1 - CR3608_ROTARY_BODY_WING_LEX_BETA0_V0.1,"F-18 horizontal-tail incremental contribution from component buildup",0,0,45,-0.20,,-0.014,0.42,-0.470,0.004,-0.0038,0.0008,BODY_WING_LEX_HORIZONTAL_MINUS_BODY_WING_LEX,DERIVED_EXACT_ARITHMETIC_FROM_PAGE_IMAGE_CROSSCHECKED_SOURCE_TABLES
NASA_CR_3608_DERIVED_HORIZONTAL_INCREMENT,CR3608_ROTARY_BODY_WING_LEX_HORIZONTAL_DH0_BETA0_V0.1 - CR3608_ROTARY_BODY_WING_LEX_BETA0_V0.1,"F-18 horizontal-tail incremental contribution from component buildup",0,0,45,-0.10,,-0.020,0.45,-0.479,-0.013,-0.0004,-0.0011,BODY_WING_LEX_HORIZONTAL_MINUS_BODY_WING_LEX,DERIVED_EXACT_ARITHMETIC_FROM_PAGE_IMAGE_CROSSCHECKED_SOURCE_TABLES
NASA_CR_3608_DERIVED_HORIZONTAL_INCREMENT,CR3608_ROTARY_BODY_WING_LEX_HORIZONTAL_DH0_BETA0_V0.1 - CR3608_ROTARY_BODY_WING_LEX_BETA0_V0.1,"F-18 horizontal-tail incremental contribution from component buildup",0,0,45,-0.05,,-0.015,0.38,-0.480,-0.026,0.0026,-0.0007,BODY_WING_LEX_HORIZONTAL_MINUS_BODY_WING_LEX,DERIVED_EXACT_ARITHMETIC_FROM_PAGE_IMAGE_CROSSCHECKED_SOURCE_TABLES
NASA_CR_3608_DERIVED_HORIZONTAL_INCREMENT,CR3608_ROTARY_BODY_WING_LEX_HORIZONTAL_DH0_BETA0_V0.1 - CR3608_ROTARY_BODY_WING_LEX_BETA0_V0.1,"F-18 horizontal-tail incremental contribution from component buildup",0,0,45,0.00,1,-0.026,0.48,-0.449,-0.006,0.0006,0.0010,BODY_WING_LEX_HORIZONTAL_MINUS_BODY_WING_LEX,DERIVED_EXACT_ARITHMETIC_FROM_PAGE_IMAGE_CROSSCHECKED_SOURCE_TABLES
NASA_CR_3608_DERIVED_HORIZONTAL_INCREMENT,CR3608_ROTARY_BODY_WING_LEX_HORIZONTAL_DH0_BETA0_V0.1 - CR3608_ROTARY_BODY_WING_LEX_BETA0_V0.1,"F-18 horizontal-tail incremental contribution from component buildup",0,0,45,0.00,2,-0.027,0.46,-0.462,-0.011,0.0013,0.0001,BODY_WING_LEX_HORIZONTAL_MINUS_BODY_WING_LEX,DERIVED_EXACT_ARITHMETIC_FROM_PAGE_IMAGE_CROSSCHECKED_SOURCE_TABLES
NASA_CR_3608_DERIVED_HORIZONTAL_INCREMENT,CR3608_ROTARY_BODY_WING_LEX_HORIZONTAL_DH0_BETA0_V0.1 - CR3608_ROTARY_BODY_WING_LEX_BETA0_V0.1,"F-18 horizontal-tail incremental contribution from component buildup",0,0,45,0.05,,-0.018,0.42,-0.479,-0.028,-0.0001,0.0008,BODY_WING_LEX_HORIZONTAL_MINUS_BODY_WING_LEX,DERIVED_EXACT_ARITHMETIC_FROM_PAGE_IMAGE_CROSSCHECKED_SOURCE_TABLES
NASA_CR_3608_DERIVED_HORIZONTAL_INCREMENT,CR3608_ROTARY_BODY_WING_LEX_HORIZONTAL_DH0_BETA0_V0.1 - CR3608_ROTARY_BODY_WING_LEX_BETA0_V0.1,"F-18 horizontal-tail incremental contribution from component buildup",0,0,45,0.10,,-0.022,0.41,-0.485,-0.024,0.0017,-0.0001,BODY_WING_LEX_HORIZONTAL_MINUS_BODY_WING_LEX,DERIVED_EXACT_ARITHMETIC_FROM_PAGE_IMAGE_CROSSCHECKED_SOURCE_TABLES
NASA_CR_3608_DERIVED_HORIZONTAL_INCREMENT,CR3608_ROTARY_BODY_WING_LEX_HORIZONTAL_DH0_BETA0_V0.1 - CR3608_ROTARY_BODY_WING_LEX_BETA0_V0.1,"F-18 horizontal-tail incremental contribution from component buildup",0,0,45,0.20,,-0.022,0.45,-0.500,-0.026,0.0054,-0.0024,BODY_WING_LEX_HORIZONTAL_MINUS_BODY_WING_LEX,DERIVED_EXACT_ARITHMETIC_FROM_PAGE_IMAGE_CROSSCHECKED_SOURCE_TABLES
NASA_CR_3608_DERIVED_HORIZONTAL_INCREMENT,CR3608_ROTARY_BODY_WING_LEX_HORIZONTAL_DH0_BETA0_V0.1 - CR3608_ROTARY_BODY_WING_LEX_BETA0_V0.1,"F-18 horizontal-tail incremental contribution from component buildup",0,0,45,0.30,,-0.024,0.50,-0.492,-0.011,0.0117,-0.0020,BODY_WING_LEX_HORIZONTAL_MINUS_BODY_WING_LEX,DERIVED_EXACT_ARITHMETIC_FROM_PAGE_IMAGE_CROSSCHECKED_SOURCE_TABLES
NASA_CR_3608_DERIVED_HORIZONTAL_INCREMENT,CR3608_ROTARY_BODY_WING_LEX_HORIZONTAL_DH0_BETA0_V0.1 - CR3608_ROTARY_BODY_WING_LEX_BETA0_V0.1,"F-18 horizontal-tail incremental contribution from component buildup",0,0,45,0.40,,-0.028,0.54,-0.541,-0.015,0.0177,-0.0045,BODY_WING_LEX_HORIZONTAL_MINUS_BODY_WING_LEX,DERIVED_EXACT_ARITHMETIC_FROM_PAGE_IMAGE_CROSSCHECKED_SOURCE_TABLES
NASA_CR_3608_DERIVED_HORIZONTAL_INCREMENT,CR3608_ROTARY_BODY_WING_LEX_HORIZONTAL_DH0_BETA0_V0.1 - CR3608_ROTARY_BODY_WING_LEX_BETA0_V0.1,"F-18 horizontal-tail incremental contribution from component buildup",0,0,50,-0.40,,-0.023,0.51,-0.478,0.177,-0.0111,0.0203,BODY_WING_LEX_HORIZONTAL_MINUS_BODY_WING_LEX,DERIVED_EXACT_ARITHMETIC_FROM_PAGE_IMAGE_CROSSCHECKED_SOURCE_TABLES
NASA_CR_3608_DERIVED_HORIZONTAL_INCREMENT,CR3608_ROTARY_BODY_WING_LEX_HORIZONTAL_DH0_BETA0_V0.1 - CR3608_ROTARY_BODY_WING_LEX_BETA0_V0.1,"F-18 horizontal-tail incremental contribution from component buildup",0,0,50,-0.30,,-0.030,0.49,-0.463,0.088,-0.0101,0.0112,BODY_WING_LEX_HORIZONTAL_MINUS_BODY_WING_LEX,DERIVED_EXACT_ARITHMETIC_FROM_PAGE_IMAGE_CROSSCHECKED_SOURCE_TABLES
NASA_CR_3608_DERIVED_HORIZONTAL_INCREMENT,CR3608_ROTARY_BODY_WING_LEX_HORIZONTAL_DH0_BETA0_V0.1 - CR3608_ROTARY_BODY_WING_LEX_BETA0_V0.1,"F-18 horizontal-tail incremental contribution from component buildup",0,0,50,-0.20,,-0.026,0.46,-0.442,0.029,-0.0079,0.0018,BODY_WING_LEX_HORIZONTAL_MINUS_BODY_WING_LEX,DERIVED_EXACT_ARITHMETIC_FROM_PAGE_IMAGE_CROSSCHECKED_SOURCE_TABLES
NASA_CR_3608_DERIVED_HORIZONTAL_INCREMENT,CR3608_ROTARY_BODY_WING_LEX_HORIZONTAL_DH0_BETA0_V0.1 - CR3608_ROTARY_BODY_WING_LEX_BETA0_V0.1,"F-18 horizontal-tail incremental contribution from component buildup",0,0,50,-0.10,,-0.029,0.41,-0.469,-0.012,-0.0047,-0.0003,BODY_WING_LEX_HORIZONTAL_MINUS_BODY_WING_LEX,DERIVED_EXACT_ARITHMETIC_FROM_PAGE_IMAGE_CROSSCHECKED_SOURCE_TABLES
NASA_CR_3608_DERIVED_HORIZONTAL_INCREMENT,CR3608_ROTARY_BODY_WING_LEX_HORIZONTAL_DH0_BETA0_V0.1 - CR3608_ROTARY_BODY_WING_LEX_BETA0_V0.1,"F-18 horizontal-tail incremental contribution from component buildup",0,0,50,-0.05,,-0.028,0.37,-0.492,-0.032,-0.0006,0.0047,BODY_WING_LEX_HORIZONTAL_MINUS_BODY_WING_LEX,DERIVED_EXACT_ARITHMETIC_FROM_PAGE_IMAGE_CROSSCHECKED_SOURCE_TABLES
NASA_CR_3608_DERIVED_HORIZONTAL_INCREMENT,CR3608_ROTARY_BODY_WING_LEX_HORIZONTAL_DH0_BETA0_V0.1 - CR3608_ROTARY_BODY_WING_LEX_BETA0_V0.1,"F-18 horizontal-tail incremental contribution from component buildup",0,0,50,0.00,1,-0.038,0.42,-0.487,-0.017,0.0045,-0.0013,BODY_WING_LEX_HORIZONTAL_MINUS_BODY_WING_LEX,DERIVED_EXACT_ARITHMETIC_FROM_PAGE_IMAGE_CROSSCHECKED_SOURCE_TABLES
NASA_CR_3608_DERIVED_HORIZONTAL_INCREMENT,CR3608_ROTARY_BODY_WING_LEX_HORIZONTAL_DH0_BETA0_V0.1 - CR3608_ROTARY_BODY_WING_LEX_BETA0_V0.1,"F-18 horizontal-tail incremental contribution from component buildup",0,0,50,0.00,2,-0.042,0.41,-0.470,-0.011,0.0021,0.0035,BODY_WING_LEX_HORIZONTAL_MINUS_BODY_WING_LEX,DERIVED_EXACT_ARITHMETIC_FROM_PAGE_IMAGE_CROSSCHECKED_SOURCE_TABLES
NASA_CR_3608_DERIVED_HORIZONTAL_INCREMENT,CR3608_ROTARY_BODY_WING_LEX_HORIZONTAL_DH0_BETA0_V0.1 - CR3608_ROTARY_BODY_WING_LEX_BETA0_V0.1,"F-18 horizontal-tail incremental contribution from component buildup",0,0,50,0.05,,-0.043,0.40,-0.503,-0.034,0.0008,0.0049,BODY_WING_LEX_HORIZONTAL_MINUS_BODY_WING_LEX,DERIVED_EXACT_ARITHMETIC_FROM_PAGE_IMAGE_CROSSCHECKED_SOURCE_TABLES
NASA_CR_3608_DERIVED_HORIZONTAL_INCREMENT,CR3608_ROTARY_BODY_WING_LEX_HORIZONTAL_DH0_BETA0_V0.1 - CR3608_ROTARY_BODY_WING_LEX_BETA0_V0.1,"F-18 horizontal-tail incremental contribution from component buildup",0,0,50,0.10,,-0.043,0.41,-0.515,-0.027,0.0022,0.0064,BODY_WING_LEX_HORIZONTAL_MINUS_BODY_WING_LEX,DERIVED_EXACT_ARITHMETIC_FROM_PAGE_IMAGE_CROSSCHECKED_SOURCE_TABLES
NASA_CR_3608_DERIVED_HORIZONTAL_INCREMENT,CR3608_ROTARY_BODY_WING_LEX_HORIZONTAL_DH0_BETA0_V0.1 - CR3608_ROTARY_BODY_WING_LEX_BETA0_V0.1,"F-18 horizontal-tail incremental contribution from component buildup",0,0,50,0.20,,-0.037,0.46,-0.482,-0.015,0.0109,0.0109,BODY_WING_LEX_HORIZONTAL_MINUS_BODY_WING_LEX,DERIVED_EXACT_ARITHMETIC_FROM_PAGE_IMAGE_CROSSCHECKED_SOURCE_TABLES
NASA_CR_3608_DERIVED_HORIZONTAL_INCREMENT,CR3608_ROTARY_BODY_WING_LEX_HORIZONTAL_DH0_BETA0_V0.1 - CR3608_ROTARY_BODY_WING_LEX_BETA0_V0.1,"F-18 horizontal-tail incremental contribution from component buildup",0,0,50,0.30,,-0.038,0.52,-0.480,-0.041,0.0131,-0.0009,BODY_WING_LEX_HORIZONTAL_MINUS_BODY_WING_LEX,DERIVED_EXACT_ARITHMETIC_FROM_PAGE_IMAGE_CROSSCHECKED_SOURCE_TABLES
NASA_CR_3608_DERIVED_HORIZONTAL_INCREMENT,CR3608_ROTARY_BODY_WING_LEX_HORIZONTAL_DH0_BETA0_V0.1 - CR3608_ROTARY_BODY_WING_LEX_BETA0_V0.1,"F-18 horizontal-tail incremental contribution from component buildup",0,0,55,-0.40,,-0.027,0.57,-0.555,0.101,0.0044,0.0047,BODY_WING_LEX_HORIZONTAL_MINUS_BODY_WING_LEX,DERIVED_EXACT_ARITHMETIC_FROM_PAGE_IMAGE_CROSSCHECKED_SOURCE_TABLES
NASA_CR_3608_DERIVED_HORIZONTAL_INCREMENT,CR3608_ROTARY_BODY_WING_LEX_HORIZONTAL_DH0_BETA0_V0.1 - CR3608_ROTARY_BODY_WING_LEX_BETA0_V0.1,"F-18 horizontal-tail incremental contribution from component buildup",0,0,55,-0.30,,-0.037,0.58,-0.490,0.107,0.0080,0.0174,BODY_WING_LEX_HORIZONTAL_MINUS_BODY_WING_LEX,DERIVED_EXACT_ARITHMETIC_FROM_PAGE_IMAGE_CROSSCHECKED_SOURCE_TABLES
NASA_CR_3608_DERIVED_HORIZONTAL_INCREMENT,CR3608_ROTARY_BODY_WING_LEX_HORIZONTAL_DH0_BETA0_V0.1 - CR3608_ROTARY_BODY_WING_LEX_BETA0_V0.1,"F-18 horizontal-tail incremental contribution from component buildup",0,0,55,-0.20,,-0.034,0.57,-0.426,0.057,0.0070,0.0008,BODY_WING_LEX_HORIZONTAL_MINUS_BODY_WING_LEX,DERIVED_EXACT_ARITHMETIC_FROM_PAGE_IMAGE_CROSSCHECKED_SOURCE_TABLES
NASA_CR_3608_DERIVED_HORIZONTAL_INCREMENT,CR3608_ROTARY_BODY_WING_LEX_HORIZONTAL_DH0_BETA0_V0.1 - CR3608_ROTARY_BODY_WING_LEX_BETA0_V0.1,"F-18 horizontal-tail incremental contribution from component buildup",0,0,55,-0.10,,-0.035,0.48,-0.392,0.023,0.0032,-0.0045,BODY_WING_LEX_HORIZONTAL_MINUS_BODY_WING_LEX,DERIVED_EXACT_ARITHMETIC_FROM_PAGE_IMAGE_CROSSCHECKED_SOURCE_TABLES
NASA_CR_3608_DERIVED_HORIZONTAL_INCREMENT,CR3608_ROTARY_BODY_WING_LEX_HORIZONTAL_DH0_BETA0_V0.1 - CR3608_ROTARY_BODY_WING_LEX_BETA0_V0.1,"F-18 horizontal-tail incremental contribution from component buildup",0,0,55,-0.05,,-0.038,0.45,-0.388,0.023,0.0029,-0.0037,BODY_WING_LEX_HORIZONTAL_MINUS_BODY_WING_LEX,DERIVED_EXACT_ARITHMETIC_FROM_PAGE_IMAGE_CROSSCHECKED_SOURCE_TABLES
NASA_CR_3608_DERIVED_HORIZONTAL_INCREMENT,CR3608_ROTARY_BODY_WING_LEX_HORIZONTAL_DH0_BETA0_V0.1 - CR3608_ROTARY_BODY_WING_LEX_BETA0_V0.1,"F-18 horizontal-tail incremental contribution from component buildup",0,0,55,0.00,1,-0.041,0.42,-0.424,0.007,-0.0004,-0.0056,BODY_WING_LEX_HORIZONTAL_MINUS_BODY_WING_LEX,DERIVED_EXACT_ARITHMETIC_FROM_PAGE_IMAGE_CROSSCHECKED_SOURCE_TABLES
NASA_CR_3608_DERIVED_HORIZONTAL_INCREMENT,CR3608_ROTARY_BODY_WING_LEX_HORIZONTAL_DH0_BETA0_V0.1 - CR3608_ROTARY_BODY_WING_LEX_BETA0_V0.1,"F-18 horizontal-tail incremental contribution from component buildup",0,0,55,0.00,2,-0.040,0.42,-0.386,0.006,0.0015,-0.0056,BODY_WING_LEX_HORIZONTAL_MINUS_BODY_WING_LEX,DERIVED_EXACT_ARITHMETIC_FROM_PAGE_IMAGE_CROSSCHECKED_SOURCE_TABLES
NASA_CR_3608_DERIVED_HORIZONTAL_INCREMENT,CR3608_ROTARY_BODY_WING_LEX_HORIZONTAL_DH0_BETA0_V0.1 - CR3608_ROTARY_BODY_WING_LEX_BETA0_V0.1,"F-18 horizontal-tail incremental contribution from component buildup",0,0,55,0.05,,-0.042,0.41,-0.378,-0.033,0.0031,0.0045,BODY_WING_LEX_HORIZONTAL_MINUS_BODY_WING_LEX,DERIVED_EXACT_ARITHMETIC_FROM_PAGE_IMAGE_CROSSCHECKED_SOURCE_TABLES
NASA_CR_3608_DERIVED_HORIZONTAL_INCREMENT,CR3608_ROTARY_BODY_WING_LEX_HORIZONTAL_DH0_BETA0_V0.1 - CR3608_ROTARY_BODY_WING_LEX_BETA0_V0.1,"F-18 horizontal-tail incremental contribution from component buildup",0,0,55,0.10,,-0.041,0.36,-0.455,-0.034,0.0022,0.0044,BODY_WING_LEX_HORIZONTAL_MINUS_BODY_WING_LEX,DERIVED_EXACT_ARITHMETIC_FROM_PAGE_IMAGE_CROSSCHECKED_SOURCE_TABLES
NASA_CR_3608_DERIVED_HORIZONTAL_INCREMENT,CR3608_ROTARY_BODY_WING_LEX_HORIZONTAL_DH0_BETA0_V0.1 - CR3608_ROTARY_BODY_WING_LEX_BETA0_V0.1,"F-18 horizontal-tail incremental contribution from component buildup",0,0,55,0.20,,-0.032,0.43,-0.450,-0.041,0.0044,0.0023,BODY_WING_LEX_HORIZONTAL_MINUS_BODY_WING_LEX,DERIVED_EXACT_ARITHMETIC_FROM_PAGE_IMAGE_CROSSCHECKED_SOURCE_TABLES
NASA_CR_3608_DERIVED_HORIZONTAL_INCREMENT,CR3608_ROTARY_BODY_WING_LEX_HORIZONTAL_DH0_BETA0_V0.1 - CR3608_ROTARY_BODY_WING_LEX_BETA0_V0.1,"F-18 horizontal-tail incremental contribution from component buildup",0,0,55,0.30,,-0.026,0.49,-0.470,-0.047,0.0009,0.0028,BODY_WING_LEX_HORIZONTAL_MINUS_BODY_WING_LEX,DERIVED_EXACT_ARITHMETIC_FROM_PAGE_IMAGE_CROSSCHECKED_SOURCE_TABLES
NASA_CR_3608_DERIVED_HORIZONTAL_INCREMENT,CR3608_ROTARY_BODY_WING_LEX_HORIZONTAL_DH0_BETA0_V0.1 - CR3608_ROTARY_BODY_WING_LEX_BETA0_V0.1,"F-18 horizontal-tail incremental contribution from component buildup",0,0,55,0.40,,-0.014,0.47,-0.517,-0.060,0.0028,-0.0052,BODY_WING_LEX_HORIZONTAL_MINUS_BODY_WING_LEX,DERIVED_EXACT_ARITHMETIC_FROM_PAGE_IMAGE_CROSSCHECKED_SOURCE_TABLES
NASA_CR_3608_DERIVED_HORIZONTAL_INCREMENT,CR3608_ROTARY_BODY_WING_LEX_HORIZONTAL_DH0_BETA0_V0.1 - CR3608_ROTARY_BODY_WING_LEX_BETA0_V0.1,"F-18 horizontal-tail incremental contribution from component buildup",0,0,60,-0.40,,-0.029,0.57,-0.557,0.088,0.0045,-0.0008,BODY_WING_LEX_HORIZONTAL_MINUS_BODY_WING_LEX,DERIVED_EXACT_ARITHMETIC_FROM_PAGE_IMAGE_CROSSCHECKED_SOURCE_TABLES
NASA_CR_3608_DERIVED_HORIZONTAL_INCREMENT,CR3608_ROTARY_BODY_WING_LEX_HORIZONTAL_DH0_BETA0_V0.1 - CR3608_ROTARY_BODY_WING_LEX_BETA0_V0.1,"F-18 horizontal-tail incremental contribution from component buildup",0,0,60,-0.30,,-0.025,0.57,-0.544,0.059,0.0141,0.0027,BODY_WING_LEX_HORIZONTAL_MINUS_BODY_WING_LEX,DERIVED_EXACT_ARITHMETIC_FROM_PAGE_IMAGE_CROSSCHECKED_SOURCE_TABLES
NASA_CR_3608_DERIVED_HORIZONTAL_INCREMENT,CR3608_ROTARY_BODY_WING_LEX_HORIZONTAL_DH0_BETA0_V0.1 - CR3608_ROTARY_BODY_WING_LEX_BETA0_V0.1,"F-18 horizontal-tail incremental contribution from component buildup",0,0,60,-0.20,,-0.018,0.47,-0.495,0.039,0.0151,0.0060,BODY_WING_LEX_HORIZONTAL_MINUS_BODY_WING_LEX,DERIVED_EXACT_ARITHMETIC_FROM_PAGE_IMAGE_CROSSCHECKED_SOURCE_TABLES
NASA_CR_3608_DERIVED_HORIZONTAL_INCREMENT,CR3608_ROTARY_BODY_WING_LEX_HORIZONTAL_DH0_BETA0_V0.1 - CR3608_ROTARY_BODY_WING_LEX_BETA0_V0.1,"F-18 horizontal-tail incremental contribution from component buildup",0,0,60,-0.10,,-0.012,0.41,-0.476,0.001,0.0089,-0.0035,BODY_WING_LEX_HORIZONTAL_MINUS_BODY_WING_LEX,DERIVED_EXACT_ARITHMETIC_FROM_PAGE_IMAGE_CROSSCHECKED_SOURCE_TABLES
NASA_CR_3608_DERIVED_HORIZONTAL_INCREMENT,CR3608_ROTARY_BODY_WING_LEX_HORIZONTAL_DH0_BETA0_V0.1 - CR3608_ROTARY_BODY_WING_LEX_BETA0_V0.1,"F-18 horizontal-tail incremental contribution from component buildup",0,0,60,-0.05,,-0.012,0.38,-0.470,0.017,0.0052,0.0055,BODY_WING_LEX_HORIZONTAL_MINUS_BODY_WING_LEX,DERIVED_EXACT_ARITHMETIC_FROM_PAGE_IMAGE_CROSSCHECKED_SOURCE_TABLES
NASA_CR_3608_DERIVED_HORIZONTAL_INCREMENT,CR3608_ROTARY_BODY_WING_LEX_HORIZONTAL_DH0_BETA0_V0.1 - CR3608_ROTARY_BODY_WING_LEX_BETA0_V0.1,"F-18 horizontal-tail incremental contribution from component buildup",0,0,60,0.00,1,-0.028,0.49,-0.431,0.014,0.0042,0.0008,BODY_WING_LEX_HORIZONTAL_MINUS_BODY_WING_LEX,DERIVED_EXACT_ARITHMETIC_FROM_PAGE_IMAGE_CROSSCHECKED_SOURCE_TABLES
NASA_CR_3608_DERIVED_HORIZONTAL_INCREMENT,CR3608_ROTARY_BODY_WING_LEX_HORIZONTAL_DH0_BETA0_V0.1 - CR3608_ROTARY_BODY_WING_LEX_BETA0_V0.1,"F-18 horizontal-tail incremental contribution from component buildup",0,0,60,0.00,2,-0.032,0.45,-0.473,0.012,0.0018,-0.0019,BODY_WING_LEX_HORIZONTAL_MINUS_BODY_WING_LEX,DERIVED_EXACT_ARITHMETIC_FROM_PAGE_IMAGE_CROSSCHECKED_SOURCE_TABLES
NASA_CR_3608_DERIVED_HORIZONTAL_INCREMENT,CR3608_ROTARY_BODY_WING_LEX_HORIZONTAL_DH0_BETA0_V0.1 - CR3608_ROTARY_BODY_WING_LEX_BETA0_V0.1,"F-18 horizontal-tail incremental contribution from component buildup",0,0,60,0.05,,-0.024,0.50,-0.412,0.005,0.0001,0.0057,BODY_WING_LEX_HORIZONTAL_MINUS_BODY_WING_LEX,DERIVED_EXACT_ARITHMETIC_FROM_PAGE_IMAGE_CROSSCHECKED_SOURCE_TABLES
NASA_CR_3608_DERIVED_HORIZONTAL_INCREMENT,CR3608_ROTARY_BODY_WING_LEX_HORIZONTAL_DH0_BETA0_V0.1 - CR3608_ROTARY_BODY_WING_LEX_BETA0_V0.1,"F-18 horizontal-tail incremental contribution from component buildup",0,0,60,0.10,,-0.022,0.54,-0.379,0.006,-0.0011,0.0117,BODY_WING_LEX_HORIZONTAL_MINUS_BODY_WING_LEX,DERIVED_EXACT_ARITHMETIC_FROM_PAGE_IMAGE_CROSSCHECKED_SOURCE_TABLES
NASA_CR_3608_DERIVED_HORIZONTAL_INCREMENT,CR3608_ROTARY_BODY_WING_LEX_HORIZONTAL_DH0_BETA0_V0.1 - CR3608_ROTARY_BODY_WING_LEX_BETA0_V0.1,"F-18 horizontal-tail incremental contribution from component buildup",0,0,60,0.20,,-0.024,0.54,-0.452,-0.039,-0.0073,0.0001,BODY_WING_LEX_HORIZONTAL_MINUS_BODY_WING_LEX,DERIVED_EXACT_ARITHMETIC_FROM_PAGE_IMAGE_CROSSCHECKED_SOURCE_TABLES
NASA_CR_3608_DERIVED_HORIZONTAL_INCREMENT,CR3608_ROTARY_BODY_WING_LEX_HORIZONTAL_DH0_BETA0_V0.1 - CR3608_ROTARY_BODY_WING_LEX_BETA0_V0.1,"F-18 horizontal-tail incremental contribution from component buildup",0,0,60,0.30,,-0.030,0.60,-0.528,-0.029,-0.0126,-0.0045,BODY_WING_LEX_HORIZONTAL_MINUS_BODY_WING_LEX,DERIVED_EXACT_ARITHMETIC_FROM_PAGE_IMAGE_CROSSCHECKED_SOURCE_TABLES
NASA_CR_3608_DERIVED_HORIZONTAL_INCREMENT,CR3608_ROTARY_BODY_WING_LEX_HORIZONTAL_DH0_BETA0_V0.1 - CR3608_ROTARY_BODY_WING_LEX_BETA0_V0.1,"F-18 horizontal-tail incremental contribution from component buildup",0,0,60,0.40,,-0.037,0.60,-0.544,-0.014,-0.0037,-0.0035,BODY_WING_LEX_HORIZONTAL_MINUS_BODY_WING_LEX,DERIVED_EXACT_ARITHMETIC_FROM_PAGE_IMAGE_CROSSCHECKED_SOURCE_TABLES
NASA_CR_3608_DERIVED_HORIZONTAL_INCREMENT,CR3608_ROTARY_BODY_WING_LEX_HORIZONTAL_DH0_BETA0_V0.1 - CR3608_ROTARY_BODY_WING_LEX_BETA0_V0.1,"F-18 horizontal-tail incremental contribution from component buildup",0,0,65,-0.40,,-0.021,0.53,-0.566,0.083,0.0103,0.0199,BODY_WING_LEX_HORIZONTAL_MINUS_BODY_WING_LEX,DERIVED_EXACT_ARITHMETIC_FROM_PAGE_IMAGE_CROSSCHECKED_SOURCE_TABLES
NASA_CR_3608_DERIVED_HORIZONTAL_INCREMENT,CR3608_ROTARY_BODY_WING_LEX_HORIZONTAL_DH0_BETA0_V0.1 - CR3608_ROTARY_BODY_WING_LEX_BETA0_V0.1,"F-18 horizontal-tail incremental contribution from component buildup",0,0,65,-0.30,,-0.022,0.55,-0.537,0.049,0.0217,0.0069,BODY_WING_LEX_HORIZONTAL_MINUS_BODY_WING_LEX,DERIVED_EXACT_ARITHMETIC_FROM_PAGE_IMAGE_CROSSCHECKED_SOURCE_TABLES
NASA_CR_3608_DERIVED_HORIZONTAL_INCREMENT,CR3608_ROTARY_BODY_WING_LEX_HORIZONTAL_DH0_BETA0_V0.1 - CR3608_ROTARY_BODY_WING_LEX_BETA0_V0.1,"F-18 horizontal-tail incremental contribution from component buildup",0,0,65,-0.20,,-0.022,0.52,-0.499,0.028,0.0197,0.0046,BODY_WING_LEX_HORIZONTAL_MINUS_BODY_WING_LEX,DERIVED_EXACT_ARITHMETIC_FROM_PAGE_IMAGE_CROSSCHECKED_SOURCE_TABLES
NASA_CR_3608_DERIVED_HORIZONTAL_INCREMENT,CR3608_ROTARY_BODY_WING_LEX_HORIZONTAL_DH0_BETA0_V0.1 - CR3608_ROTARY_BODY_WING_LEX_BETA0_V0.1,"F-18 horizontal-tail incremental contribution from component buildup",0,0,65,-0.10,,-0.021,0.49,-0.480,0.017,0.0108,-0.0055,BODY_WING_LEX_HORIZONTAL_MINUS_BODY_WING_LEX,DERIVED_EXACT_ARITHMETIC_FROM_PAGE_IMAGE_CROSSCHECKED_SOURCE_TABLES
NASA_CR_3608_DERIVED_HORIZONTAL_INCREMENT,CR3608_ROTARY_BODY_WING_LEX_HORIZONTAL_DH0_BETA0_V0.1 - CR3608_ROTARY_BODY_WING_LEX_BETA0_V0.1,"F-18 horizontal-tail incremental contribution from component buildup",0,0,65,-0.05,,-0.020,0.47,-0.472,0.010,0.0061,-0.0077,BODY_WING_LEX_HORIZONTAL_MINUS_BODY_WING_LEX,DERIVED_EXACT_ARITHMETIC_FROM_PAGE_IMAGE_CROSSCHECKED_SOURCE_TABLES
NASA_CR_3608_DERIVED_HORIZONTAL_INCREMENT,CR3608_ROTARY_BODY_WING_LEX_HORIZONTAL_DH0_BETA0_V0.1 - CR3608_ROTARY_BODY_WING_LEX_BETA0_V0.1,"F-18 horizontal-tail incremental contribution from component buildup",0,0,65,0.00,1,-0.014,0.41,-0.482,-0.003,-0.0013,0.0023,BODY_WING_LEX_HORIZONTAL_MINUS_BODY_WING_LEX,DERIVED_EXACT_ARITHMETIC_FROM_PAGE_IMAGE_CROSSCHECKED_SOURCE_TABLES
NASA_CR_3608_DERIVED_HORIZONTAL_INCREMENT,CR3608_ROTARY_BODY_WING_LEX_HORIZONTAL_DH0_BETA0_V0.1 - CR3608_ROTARY_BODY_WING_LEX_BETA0_V0.1,"F-18 horizontal-tail incremental contribution from component buildup",0,0,65,0.00,2,-0.023,0.51,-0.477,0.009,0.0013,-0.0045,BODY_WING_LEX_HORIZONTAL_MINUS_BODY_WING_LEX,DERIVED_EXACT_ARITHMETIC_FROM_PAGE_IMAGE_CROSSCHECKED_SOURCE_TABLES
NASA_CR_3608_DERIVED_HORIZONTAL_INCREMENT,CR3608_ROTARY_BODY_WING_LEX_HORIZONTAL_DH0_BETA0_V0.1 - CR3608_ROTARY_BODY_WING_LEX_BETA0_V0.1,"F-18 horizontal-tail incremental contribution from component buildup",0,0,65,0.05,,-0.028,0.54,-0.438,0.001,-0.0023,0.0059,BODY_WING_LEX_HORIZONTAL_MINUS_BODY_WING_LEX,DERIVED_EXACT_ARITHMETIC_FROM_PAGE_IMAGE_CROSSCHECKED_SOURCE_TABLES
NASA_CR_3608_DERIVED_HORIZONTAL_INCREMENT,CR3608_ROTARY_BODY_WING_LEX_HORIZONTAL_DH0_BETA0_V0.1 - CR3608_ROTARY_BODY_WING_LEX_BETA0_V0.1,"F-18 horizontal-tail incremental contribution from component buildup",0,0,65,0.10,,-0.024,0.50,-0.466,-0.021,-0.0096,0.0128,BODY_WING_LEX_HORIZONTAL_MINUS_BODY_WING_LEX,DERIVED_EXACT_ARITHMETIC_FROM_PAGE_IMAGE_CROSSCHECKED_SOURCE_TABLES
NASA_CR_3608_DERIVED_HORIZONTAL_INCREMENT,CR3608_ROTARY_BODY_WING_LEX_HORIZONTAL_DH0_BETA0_V0.1 - CR3608_ROTARY_BODY_WING_LEX_BETA0_V0.1,"F-18 horizontal-tail incremental contribution from component buildup",0,0,65,0.20,,-0.026,0.61,-0.442,-0.023,-0.0093,0.0126,BODY_WING_LEX_HORIZONTAL_MINUS_BODY_WING_LEX,DERIVED_EXACT_ARITHMETIC_FROM_PAGE_IMAGE_CROSSCHECKED_SOURCE_TABLES
NASA_CR_3608_DERIVED_HORIZONTAL_INCREMENT,CR3608_ROTARY_BODY_WING_LEX_HORIZONTAL_DH0_BETA0_V0.1 - CR3608_ROTARY_BODY_WING_LEX_BETA0_V0.1,"F-18 horizontal-tail incremental contribution from component buildup",0,0,65,0.30,,-0.027,0.62,-0.541,-0.046,-0.0176,-0.0062,BODY_WING_LEX_HORIZONTAL_MINUS_BODY_WING_LEX,DERIVED_EXACT_ARITHMETIC_FROM_PAGE_IMAGE_CROSSCHECKED_SOURCE_TABLES
NASA_CR_3608_DERIVED_HORIZONTAL_INCREMENT,CR3608_ROTARY_BODY_WING_LEX_HORIZONTAL_DH0_BETA0_V0.1 - CR3608_ROTARY_BODY_WING_LEX_BETA0_V0.1,"F-18 horizontal-tail incremental contribution from component buildup",0,0,65,0.40,,-0.029,0.64,-0.556,-0.053,-0.0007,-0.0143,BODY_WING_LEX_HORIZONTAL_MINUS_BODY_WING_LEX,DERIVED_EXACT_ARITHMETIC_FROM_PAGE_IMAGE_CROSSCHECKED_SOURCE_TABLES
NASA_CR_3608_DERIVED_HORIZONTAL_INCREMENT,CR3608_ROTARY_BODY_WING_LEX_HORIZONTAL_DH0_BETA0_V0.1 - CR3608_ROTARY_BODY_WING_LEX_BETA0_V0.1,"F-18 horizontal-tail incremental contribution from component buildup",0,0,70,-0.40,,-0.043,0.60,-0.539,0.085,0.0328,0.0262,BODY_WING_LEX_HORIZONTAL_MINUS_BODY_WING_LEX,DERIVED_EXACT_ARITHMETIC_FROM_PAGE_IMAGE_CROSSCHECKED_SOURCE_TABLES
NASA_CR_3608_DERIVED_HORIZONTAL_INCREMENT,CR3608_ROTARY_BODY_WING_LEX_HORIZONTAL_DH0_BETA0_V0.1 - CR3608_ROTARY_BODY_WING_LEX_BETA0_V0.1,"F-18 horizontal-tail incremental contribution from component buildup",0,0,70,-0.30,,-0.028,0.53,-0.532,0.031,0.0401,0.0083,BODY_WING_LEX_HORIZONTAL_MINUS_BODY_WING_LEX,DERIVED_EXACT_ARITHMETIC_FROM_PAGE_IMAGE_CROSSCHECKED_SOURCE_TABLES
NASA_CR_3608_DERIVED_HORIZONTAL_INCREMENT,CR3608_ROTARY_BODY_WING_LEX_HORIZONTAL_DH0_BETA0_V0.1 - CR3608_ROTARY_BODY_WING_LEX_BETA0_V0.1,"F-18 horizontal-tail incremental contribution from component buildup",0,0,70,-0.20,,-0.014,0.41,-0.520,0.012,0.0269,0.0009,BODY_WING_LEX_HORIZONTAL_MINUS_BODY_WING_LEX,DERIVED_EXACT_ARITHMETIC_FROM_PAGE_IMAGE_CROSSCHECKED_SOURCE_TABLES
NASA_CR_3608_DERIVED_HORIZONTAL_INCREMENT,CR3608_ROTARY_BODY_WING_LEX_HORIZONTAL_DH0_BETA0_V0.1 - CR3608_ROTARY_BODY_WING_LEX_BETA0_V0.1,"F-18 horizontal-tail incremental contribution from component buildup",0,0,70,-0.10,,-0.011,0.35,-0.487,0.000,0.0140,-0.0032,BODY_WING_LEX_HORIZONTAL_MINUS_BODY_WING_LEX,DERIVED_EXACT_ARITHMETIC_FROM_PAGE_IMAGE_CROSSCHECKED_SOURCE_TABLES
NASA_CR_3608_DERIVED_HORIZONTAL_INCREMENT,CR3608_ROTARY_BODY_WING_LEX_HORIZONTAL_DH0_BETA0_V0.1 - CR3608_ROTARY_BODY_WING_LEX_BETA0_V0.1,"F-18 horizontal-tail incremental contribution from component buildup",0,0,70,-0.05,,-0.013,0.31,-0.495,-0.009,0.0036,-0.0059,BODY_WING_LEX_HORIZONTAL_MINUS_BODY_WING_LEX,DERIVED_EXACT_ARITHMETIC_FROM_PAGE_IMAGE_CROSSCHECKED_SOURCE_TABLES
NASA_CR_3608_DERIVED_HORIZONTAL_INCREMENT,CR3608_ROTARY_BODY_WING_LEX_HORIZONTAL_DH0_BETA0_V0.1 - CR3608_ROTARY_BODY_WING_LEX_BETA0_V0.1,"F-18 horizontal-tail incremental contribution from component buildup",0,0,70,0.00,1,-0.019,0.44,-0.446,0.043,-0.0014,-0.0012,BODY_WING_LEX_HORIZONTAL_MINUS_BODY_WING_LEX,DERIVED_EXACT_ARITHMETIC_FROM_PAGE_IMAGE_CROSSCHECKED_SOURCE_TABLES
NASA_CR_3608_DERIVED_HORIZONTAL_INCREMENT,CR3608_ROTARY_BODY_WING_LEX_HORIZONTAL_DH0_BETA0_V0.1 - CR3608_ROTARY_BODY_WING_LEX_BETA0_V0.1,"F-18 horizontal-tail incremental contribution from component buildup",0,0,70,0.00,2,-0.025,0.38,-0.497,0.036,-0.0007,0.0024,BODY_WING_LEX_HORIZONTAL_MINUS_BODY_WING_LEX,DERIVED_EXACT_ARITHMETIC_FROM_PAGE_IMAGE_CROSSCHECKED_SOURCE_TABLES
NASA_CR_3608_DERIVED_HORIZONTAL_INCREMENT,CR3608_ROTARY_BODY_WING_LEX_HORIZONTAL_DH0_BETA0_V0.1 - CR3608_ROTARY_BODY_WING_LEX_BETA0_V0.1,"F-18 horizontal-tail incremental contribution from component buildup",0,0,70,0.05,,-0.004,0.41,-0.476,0.077,-0.0040,0.0097,BODY_WING_LEX_HORIZONTAL_MINUS_BODY_WING_LEX,DERIVED_EXACT_ARITHMETIC_FROM_PAGE_IMAGE_CROSSCHECKED_SOURCE_TABLES
NASA_CR_3608_DERIVED_HORIZONTAL_INCREMENT,CR3608_ROTARY_BODY_WING_LEX_HORIZONTAL_DH0_BETA0_V0.1 - CR3608_ROTARY_BODY_WING_LEX_BETA0_V0.1,"F-18 horizontal-tail incremental contribution from component buildup",0,0,70,0.10,,-0.009,0.45,-0.469,0.102,0.0021,0.0155,BODY_WING_LEX_HORIZONTAL_MINUS_BODY_WING_LEX,DERIVED_EXACT_ARITHMETIC_FROM_PAGE_IMAGE_CROSSCHECKED_SOURCE_TABLES
NASA_CR_3608_DERIVED_HORIZONTAL_INCREMENT,CR3608_ROTARY_BODY_WING_LEX_HORIZONTAL_DH0_BETA0_V0.1 - CR3608_ROTARY_BODY_WING_LEX_BETA0_V0.1,"F-18 horizontal-tail incremental contribution from component buildup",0,0,70,0.20,,-0.015,0.51,-0.508,0.178,0.0146,0.0059,BODY_WING_LEX_HORIZONTAL_MINUS_BODY_WING_LEX,DERIVED_EXACT_ARITHMETIC_FROM_PAGE_IMAGE_CROSSCHECKED_SOURCE_TABLES
NASA_CR_3608_DERIVED_HORIZONTAL_INCREMENT,CR3608_ROTARY_BODY_WING_LEX_HORIZONTAL_DH0_BETA0_V0.1 - CR3608_ROTARY_BODY_WING_LEX_BETA0_V0.1,"F-18 horizontal-tail incremental contribution from component buildup",0,0,70,0.30,,-0.024,0.56,-0.535,0.216,0.0245,-0.0006,BODY_WING_LEX_HORIZONTAL_MINUS_BODY_WING_LEX,DERIVED_EXACT_ARITHMETIC_FROM_PAGE_IMAGE_CROSSCHECKED_SOURCE_TABLES
NASA_CR_3608_DERIVED_HORIZONTAL_INCREMENT,CR3608_ROTARY_BODY_WING_LEX_HORIZONTAL_DH0_BETA0_V0.1 - CR3608_ROTARY_BODY_WING_LEX_BETA0_V0.1,"F-18 horizontal-tail incremental contribution from component buildup",0,0,70,0.40,,-0.041,0.65,-0.532,0.291,0.0161,-0.0169,BODY_WING_LEX_HORIZONTAL_MINUS_BODY_WING_LEX,DERIVED_EXACT_ARITHMETIC_FROM_PAGE_IMAGE_CROSSCHECKED_SOURCE_TABLES
NASA_CR_3608_DERIVED_HORIZONTAL_INCREMENT,CR3608_ROTARY_BODY_WING_LEX_HORIZONTAL_DH0_BETA0_V0.1 - CR3608_ROTARY_BODY_WING_LEX_BETA0_V0.1,"F-18 horizontal-tail incremental contribution from component buildup",0,0,75,-0.40,,-0.012,0.60,-0.622,0.027,0.0153,-0.0005,BODY_WING_LEX_HORIZONTAL_MINUS_BODY_WING_LEX,DERIVED_EXACT_ARITHMETIC_FROM_PAGE_IMAGE_CROSSCHECKED_SOURCE_TABLES
NASA_CR_3608_DERIVED_HORIZONTAL_INCREMENT,CR3608_ROTARY_BODY_WING_LEX_HORIZONTAL_DH0_BETA0_V0.1 - CR3608_ROTARY_BODY_WING_LEX_BETA0_V0.1,"F-18 horizontal-tail incremental contribution from component buildup",0,0,75,-0.30,,-0.016,0.47,-0.561,0.010,0.0243,-0.0033,BODY_WING_LEX_HORIZONTAL_MINUS_BODY_WING_LEX,DERIVED_EXACT_ARITHMETIC_FROM_PAGE_IMAGE_CROSSCHECKED_SOURCE_TABLES
NASA_CR_3608_DERIVED_HORIZONTAL_INCREMENT,CR3608_ROTARY_BODY_WING_LEX_HORIZONTAL_DH0_BETA0_V0.1 - CR3608_ROTARY_BODY_WING_LEX_BETA0_V0.1,"F-18 horizontal-tail incremental contribution from component buildup",0,0,75,-0.20,,-0.021,0.46,-0.522,0.032,0.0128,0.0004,BODY_WING_LEX_HORIZONTAL_MINUS_BODY_WING_LEX,DERIVED_EXACT_ARITHMETIC_FROM_PAGE_IMAGE_CROSSCHECKED_SOURCE_TABLES
NASA_CR_3608_DERIVED_HORIZONTAL_INCREMENT,CR3608_ROTARY_BODY_WING_LEX_HORIZONTAL_DH0_BETA0_V0.1 - CR3608_ROTARY_BODY_WING_LEX_BETA0_V0.1,"F-18 horizontal-tail incremental contribution from component buildup",0,0,75,-0.10,,-0.012,0.35,-0.519,-0.008,0.0078,-0.0051,BODY_WING_LEX_HORIZONTAL_MINUS_BODY_WING_LEX,DERIVED_EXACT_ARITHMETIC_FROM_PAGE_IMAGE_CROSSCHECKED_SOURCE_TABLES
NASA_CR_3608_DERIVED_HORIZONTAL_INCREMENT,CR3608_ROTARY_BODY_WING_LEX_HORIZONTAL_DH0_BETA0_V0.1 - CR3608_ROTARY_BODY_WING_LEX_BETA0_V0.1,"F-18 horizontal-tail incremental contribution from component buildup",0,0,75,-0.05,,-0.013,0.29,-0.549,-0.023,0.0029,-0.0024,BODY_WING_LEX_HORIZONTAL_MINUS_BODY_WING_LEX,DERIVED_EXACT_ARITHMETIC_FROM_PAGE_IMAGE_CROSSCHECKED_SOURCE_TABLES
NASA_CR_3608_DERIVED_HORIZONTAL_INCREMENT,CR3608_ROTARY_BODY_WING_LEX_HORIZONTAL_DH0_BETA0_V0.1 - CR3608_ROTARY_BODY_WING_LEX_BETA0_V0.1,"F-18 horizontal-tail incremental contribution from component buildup",0,0,75,0.00,1,-0.022,0.29,-0.551,-0.017,-0.0034,0.0000,BODY_WING_LEX_HORIZONTAL_MINUS_BODY_WING_LEX,DERIVED_EXACT_ARITHMETIC_FROM_PAGE_IMAGE_CROSSCHECKED_SOURCE_TABLES
NASA_CR_3608_DERIVED_HORIZONTAL_INCREMENT,CR3608_ROTARY_BODY_WING_LEX_HORIZONTAL_DH0_BETA0_V0.1 - CR3608_ROTARY_BODY_WING_LEX_BETA0_V0.1,"F-18 horizontal-tail incremental contribution from component buildup",0,0,75,0.00,2,-0.023,0.32,-0.563,-0.017,0.0050,-0.0002,BODY_WING_LEX_HORIZONTAL_MINUS_BODY_WING_LEX,DERIVED_EXACT_ARITHMETIC_FROM_PAGE_IMAGE_CROSSCHECKED_SOURCE_TABLES
NASA_CR_3608_DERIVED_HORIZONTAL_INCREMENT,CR3608_ROTARY_BODY_WING_LEX_HORIZONTAL_DH0_BETA0_V0.1 - CR3608_ROTARY_BODY_WING_LEX_BETA0_V0.1,"F-18 horizontal-tail incremental contribution from component buildup",0,0,75,0.05,,0.011,0.25,-0.546,-0.041,-0.0020,0.0015,BODY_WING_LEX_HORIZONTAL_MINUS_BODY_WING_LEX,DERIVED_EXACT_ARITHMETIC_FROM_PAGE_IMAGE_CROSSCHECKED_SOURCE_TABLES
NASA_CR_3608_DERIVED_HORIZONTAL_INCREMENT,CR3608_ROTARY_BODY_WING_LEX_HORIZONTAL_DH0_BETA0_V0.1 - CR3608_ROTARY_BODY_WING_LEX_BETA0_V0.1,"F-18 horizontal-tail incremental contribution from component buildup",0,0,75,0.10,,0.008,0.27,-0.513,-0.050,-0.0072,0.0037,BODY_WING_LEX_HORIZONTAL_MINUS_BODY_WING_LEX,DERIVED_EXACT_ARITHMETIC_FROM_PAGE_IMAGE_CROSSCHECKED_SOURCE_TABLES
NASA_CR_3608_DERIVED_HORIZONTAL_INCREMENT,CR3608_ROTARY_BODY_WING_LEX_HORIZONTAL_DH0_BETA0_V0.1 - CR3608_ROTARY_BODY_WING_LEX_BETA0_V0.1,"F-18 horizontal-tail incremental contribution from component buildup",0,0,75,0.20,,-0.004,0.36,-0.514,-0.065,-0.0198,0.0041,BODY_WING_LEX_HORIZONTAL_MINUS_BODY_WING_LEX,DERIVED_EXACT_ARITHMETIC_FROM_PAGE_IMAGE_CROSSCHECKED_SOURCE_TABLES
NASA_CR_3608_DERIVED_HORIZONTAL_INCREMENT,CR3608_ROTARY_BODY_WING_LEX_HORIZONTAL_DH0_BETA0_V0.1 - CR3608_ROTARY_BODY_WING_LEX_BETA0_V0.1,"F-18 horizontal-tail incremental contribution from component buildup",0,0,75,0.30,,0.001,0.43,-0.560,-0.028,-0.0204,0.0020,BODY_WING_LEX_HORIZONTAL_MINUS_BODY_WING_LEX,DERIVED_EXACT_ARITHMETIC_FROM_PAGE_IMAGE_CROSSCHECKED_SOURCE_TABLES
NASA_CR_3608_DERIVED_HORIZONTAL_INCREMENT,CR3608_ROTARY_BODY_WING_LEX_HORIZONTAL_DH0_BETA0_V0.1 - CR3608_ROTARY_BODY_WING_LEX_BETA0_V0.1,"F-18 horizontal-tail incremental contribution from component buildup",0,0,75,0.40,,0.008,0.56,-0.609,-0.013,-0.0051,-0.0001,BODY_WING_LEX_HORIZONTAL_MINUS_BODY_WING_LEX,DERIVED_EXACT_ARITHMETIC_FROM_PAGE_IMAGE_CROSSCHECKED_SOURCE_TABLES
NASA_CR_3608_DERIVED_HORIZONTAL_INCREMENT,CR3608_ROTARY_BODY_WING_LEX_HORIZONTAL_DH0_BETA0_V0.1 - CR3608_ROTARY_BODY_WING_LEX_BETA0_V0.1,"F-18 horizontal-tail incremental contribution from component buildup",0,0,80,-0.40,,-0.028,0.62,-0.617,0.033,0.0058,0.0024,BODY_WING_LEX_HORIZONTAL_MINUS_BODY_WING_LEX,DERIVED_EXACT_ARITHMETIC_FROM_PAGE_IMAGE_CROSSCHECKED_SOURCE_TABLES
NASA_CR_3608_DERIVED_HORIZONTAL_INCREMENT,CR3608_ROTARY_BODY_WING_LEX_HORIZONTAL_DH0_BETA0_V0.1 - CR3608_ROTARY_BODY_WING_LEX_BETA0_V0.1,"F-18 horizontal-tail incremental contribution from component buildup",0,0,80,-0.30,,-0.019,0.44,-0.561,0.009,0.0178,-0.0040,BODY_WING_LEX_HORIZONTAL_MINUS_BODY_WING_LEX,DERIVED_EXACT_ARITHMETIC_FROM_PAGE_IMAGE_CROSSCHECKED_SOURCE_TABLES
NASA_CR_3608_DERIVED_HORIZONTAL_INCREMENT,CR3608_ROTARY_BODY_WING_LEX_HORIZONTAL_DH0_BETA0_V0.1 - CR3608_ROTARY_BODY_WING_LEX_BETA0_V0.1,"F-18 horizontal-tail incremental contribution from component buildup",0,0,80,-0.20,,-0.010,0.34,-0.527,0.019,0.0186,-0.0088,BODY_WING_LEX_HORIZONTAL_MINUS_BODY_WING_LEX,DERIVED_EXACT_ARITHMETIC_FROM_PAGE_IMAGE_CROSSCHECKED_SOURCE_TABLES
NASA_CR_3608_DERIVED_HORIZONTAL_INCREMENT,CR3608_ROTARY_BODY_WING_LEX_HORIZONTAL_DH0_BETA0_V0.1 - CR3608_ROTARY_BODY_WING_LEX_BETA0_V0.1,"F-18 horizontal-tail incremental contribution from component buildup",0,0,80,-0.10,,-0.005,0.31,-0.525,-0.018,0.0073,-0.0030,BODY_WING_LEX_HORIZONTAL_MINUS_BODY_WING_LEX,DERIVED_EXACT_ARITHMETIC_FROM_PAGE_IMAGE_CROSSCHECKED_SOURCE_TABLES
NASA_CR_3608_DERIVED_HORIZONTAL_INCREMENT,CR3608_ROTARY_BODY_WING_LEX_HORIZONTAL_DH0_BETA0_V0.1 - CR3608_ROTARY_BODY_WING_LEX_BETA0_V0.1,"F-18 horizontal-tail incremental contribution from component buildup",0,0,80,-0.05,,-0.003,0.29,-0.562,-0.021,0.0018,-0.0018,BODY_WING_LEX_HORIZONTAL_MINUS_BODY_WING_LEX,DERIVED_EXACT_ARITHMETIC_FROM_PAGE_IMAGE_CROSSCHECKED_SOURCE_TABLES
NASA_CR_3608_DERIVED_HORIZONTAL_INCREMENT,CR3608_ROTARY_BODY_WING_LEX_HORIZONTAL_DH0_BETA0_V0.1 - CR3608_ROTARY_BODY_WING_LEX_BETA0_V0.1,"F-18 horizontal-tail incremental contribution from component buildup",0,0,80,0.00,1,-0.015,0.31,-0.549,-0.023,0.0005,0.0010,BODY_WING_LEX_HORIZONTAL_MINUS_BODY_WING_LEX,DERIVED_EXACT_ARITHMETIC_FROM_PAGE_IMAGE_CROSSCHECKED_SOURCE_TABLES
NASA_CR_3608_DERIVED_HORIZONTAL_INCREMENT,CR3608_ROTARY_BODY_WING_LEX_HORIZONTAL_DH0_BETA0_V0.1 - CR3608_ROTARY_BODY_WING_LEX_BETA0_V0.1,"F-18 horizontal-tail incremental contribution from component buildup",0,0,80,0.00,2,-0.013,0.34,-0.575,-0.018,0.0033,-0.0013,BODY_WING_LEX_HORIZONTAL_MINUS_BODY_WING_LEX,DERIVED_EXACT_ARITHMETIC_FROM_PAGE_IMAGE_CROSSCHECKED_SOURCE_TABLES
NASA_CR_3608_DERIVED_HORIZONTAL_INCREMENT,CR3608_ROTARY_BODY_WING_LEX_HORIZONTAL_DH0_BETA0_V0.1 - CR3608_ROTARY_BODY_WING_LEX_BETA0_V0.1,"F-18 horizontal-tail incremental contribution from component buildup",0,0,80,0.05,,0.011,0.31,-0.578,-0.039,-0.0010,0.0017,BODY_WING_LEX_HORIZONTAL_MINUS_BODY_WING_LEX,DERIVED_EXACT_ARITHMETIC_FROM_PAGE_IMAGE_CROSSCHECKED_SOURCE_TABLES
NASA_CR_3608_DERIVED_HORIZONTAL_INCREMENT,CR3608_ROTARY_BODY_WING_LEX_HORIZONTAL_DH0_BETA0_V0.1 - CR3608_ROTARY_BODY_WING_LEX_BETA0_V0.1,"F-18 horizontal-tail incremental contribution from component buildup",0,0,80,0.10,,0.006,0.33,-0.541,-0.037,-0.0029,0.0028,BODY_WING_LEX_HORIZONTAL_MINUS_BODY_WING_LEX,DERIVED_EXACT_ARITHMETIC_FROM_PAGE_IMAGE_CROSSCHECKED_SOURCE_TABLES
NASA_CR_3608_DERIVED_HORIZONTAL_INCREMENT,CR3608_ROTARY_BODY_WING_LEX_HORIZONTAL_DH0_BETA0_V0.1 - CR3608_ROTARY_BODY_WING_LEX_BETA0_V0.1,"F-18 horizontal-tail incremental contribution from component buildup",0,0,80,0.20,,0.000,0.38,-0.534,-0.053,-0.0148,0.0082,BODY_WING_LEX_HORIZONTAL_MINUS_BODY_WING_LEX,DERIVED_EXACT_ARITHMETIC_FROM_PAGE_IMAGE_CROSSCHECKED_SOURCE_TABLES
NASA_CR_3608_DERIVED_HORIZONTAL_INCREMENT,CR3608_ROTARY_BODY_WING_LEX_HORIZONTAL_DH0_BETA0_V0.1 - CR3608_ROTARY_BODY_WING_LEX_BETA0_V0.1,"F-18 horizontal-tail incremental contribution from component buildup",0,0,80,0.30,,-0.007,0.44,-0.574,-0.023,-0.0136,0.0007,BODY_WING_LEX_HORIZONTAL_MINUS_BODY_WING_LEX,DERIVED_EXACT_ARITHMETIC_FROM_PAGE_IMAGE_CROSSCHECKED_SOURCE_TABLES
NASA_CR_3608_DERIVED_HORIZONTAL_INCREMENT,CR3608_ROTARY_BODY_WING_LEX_HORIZONTAL_DH0_BETA0_V0.1 - CR3608_ROTARY_BODY_WING_LEX_BETA0_V0.1,"F-18 horizontal-tail incremental contribution from component buildup",0,0,80,0.40,,-0.008,0.54,-0.615,-0.018,-0.0008,-0.0037,BODY_WING_LEX_HORIZONTAL_MINUS_BODY_WING_LEX,DERIVED_EXACT_ARITHMETIC_FROM_PAGE_IMAGE_CROSSCHECKED_SOURCE_TABLES
NASA_CR_3608_DERIVED_HORIZONTAL_INCREMENT,CR3608_ROTARY_BODY_WING_LEX_HORIZONTAL_DH0_BETA0_V0.1 - CR3608_ROTARY_BODY_WING_LEX_BETA0_V0.1,"F-18 horizontal-tail incremental contribution from component buildup",0,0,85,-0.40,,-0.019,0.58,-0.591,0.030,0.0029,0.0044,BODY_WING_LEX_HORIZONTAL_MINUS_BODY_WING_LEX,DERIVED_EXACT_ARITHMETIC_FROM_PAGE_IMAGE_CROSSCHECKED_SOURCE_TABLES
NASA_CR_3608_DERIVED_HORIZONTAL_INCREMENT,CR3608_ROTARY_BODY_WING_LEX_HORIZONTAL_DH0_BETA0_V0.1 - CR3608_ROTARY_BODY_WING_LEX_BETA0_V0.1,"F-18 horizontal-tail incremental contribution from component buildup",0,0,85,-0.30,,-0.034,0.47,-0.549,0.016,0.0116,-0.0032,BODY_WING_LEX_HORIZONTAL_MINUS_BODY_WING_LEX,DERIVED_EXACT_ARITHMETIC_FROM_PAGE_IMAGE_CROSSCHECKED_SOURCE_TABLES
NASA_CR_3608_DERIVED_HORIZONTAL_INCREMENT,CR3608_ROTARY_BODY_WING_LEX_HORIZONTAL_DH0_BETA0_V0.1 - CR3608_ROTARY_BODY_WING_LEX_BETA0_V0.1,"F-18 horizontal-tail incremental contribution from component buildup",0,0,85,-0.20,,-0.030,0.43,-0.527,0.040,0.0138,-0.0081,BODY_WING_LEX_HORIZONTAL_MINUS_BODY_WING_LEX,DERIVED_EXACT_ARITHMETIC_FROM_PAGE_IMAGE_CROSSCHECKED_SOURCE_TABLES
NASA_CR_3608_DERIVED_HORIZONTAL_INCREMENT,CR3608_ROTARY_BODY_WING_LEX_HORIZONTAL_DH0_BETA0_V0.1 - CR3608_ROTARY_BODY_WING_LEX_BETA0_V0.1,"F-18 horizontal-tail incremental contribution from component buildup",0,0,85,-0.10,,-0.022,0.39,-0.550,0.002,0.0036,-0.0009,BODY_WING_LEX_HORIZONTAL_MINUS_BODY_WING_LEX,DERIVED_EXACT_ARITHMETIC_FROM_PAGE_IMAGE_CROSSCHECKED_SOURCE_TABLES
NASA_CR_3608_DERIVED_HORIZONTAL_INCREMENT,CR3608_ROTARY_BODY_WING_LEX_HORIZONTAL_DH0_BETA0_V0.1 - CR3608_ROTARY_BODY_WING_LEX_BETA0_V0.1,"F-18 horizontal-tail incremental contribution from component buildup",0,0,85,-0.05,,-0.019,0.37,-0.587,-0.004,0.0001,-0.0007,BODY_WING_LEX_HORIZONTAL_MINUS_BODY_WING_LEX,DERIVED_EXACT_ARITHMETIC_FROM_PAGE_IMAGE_CROSSCHECKED_SOURCE_TABLES
NASA_CR_3608_DERIVED_HORIZONTAL_INCREMENT,CR3608_ROTARY_BODY_WING_LEX_HORIZONTAL_DH0_BETA0_V0.1 - CR3608_ROTARY_BODY_WING_LEX_BETA0_V0.1,"F-18 horizontal-tail incremental contribution from component buildup",0,0,85,0.00,1,-0.019,0.35,-0.571,-0.010,0.0017,-0.0007,BODY_WING_LEX_HORIZONTAL_MINUS_BODY_WING_LEX,DERIVED_EXACT_ARITHMETIC_FROM_PAGE_IMAGE_CROSSCHECKED_SOURCE_TABLES
NASA_CR_3608_DERIVED_HORIZONTAL_INCREMENT,CR3608_ROTARY_BODY_WING_LEX_HORIZONTAL_DH0_BETA0_V0.1 - CR3608_ROTARY_BODY_WING_LEX_BETA0_V0.1,"F-18 horizontal-tail incremental contribution from component buildup",0,0,85,0.00,2,-0.019,0.36,-0.574,-0.025,0.0002,0.0009,BODY_WING_LEX_HORIZONTAL_MINUS_BODY_WING_LEX,DERIVED_EXACT_ARITHMETIC_FROM_PAGE_IMAGE_CROSSCHECKED_SOURCE_TABLES
NASA_CR_3608_DERIVED_HORIZONTAL_INCREMENT,CR3608_ROTARY_BODY_WING_LEX_HORIZONTAL_DH0_BETA0_V0.1 - CR3608_ROTARY_BODY_WING_LEX_BETA0_V0.1,"F-18 horizontal-tail incremental contribution from component buildup",0,0,85,0.05,,0.003,0.32,-0.594,-0.027,-0.0003,0.0014,BODY_WING_LEX_HORIZONTAL_MINUS_BODY_WING_LEX,DERIVED_EXACT_ARITHMETIC_FROM_PAGE_IMAGE_CROSSCHECKED_SOURCE_TABLES
NASA_CR_3608_DERIVED_HORIZONTAL_INCREMENT,CR3608_ROTARY_BODY_WING_LEX_HORIZONTAL_DH0_BETA0_V0.1 - CR3608_ROTARY_BODY_WING_LEX_BETA0_V0.1,"F-18 horizontal-tail incremental contribution from component buildup",0,0,85,0.10,,-0.001,0.32,-0.567,-0.027,-0.0058,0.0021,BODY_WING_LEX_HORIZONTAL_MINUS_BODY_WING_LEX,DERIVED_EXACT_ARITHMETIC_FROM_PAGE_IMAGE_CROSSCHECKED_SOURCE_TABLES
NASA_CR_3608_DERIVED_HORIZONTAL_INCREMENT,CR3608_ROTARY_BODY_WING_LEX_HORIZONTAL_DH0_BETA0_V0.1 - CR3608_ROTARY_BODY_WING_LEX_BETA0_V0.1,"F-18 horizontal-tail incremental contribution from component buildup",0,0,85,0.20,,-0.005,0.37,-0.540,-0.047,-0.0110,0.0077,BODY_WING_LEX_HORIZONTAL_MINUS_BODY_WING_LEX,DERIVED_EXACT_ARITHMETIC_FROM_PAGE_IMAGE_CROSSCHECKED_SOURCE_TABLES
NASA_CR_3608_DERIVED_HORIZONTAL_INCREMENT,CR3608_ROTARY_BODY_WING_LEX_HORIZONTAL_DH0_BETA0_V0.1 - CR3608_ROTARY_BODY_WING_LEX_BETA0_V0.1,"F-18 horizontal-tail incremental contribution from component buildup",0,0,85,0.30,,-0.007,0.42,-0.566,-0.009,-0.0077,0.0025,BODY_WING_LEX_HORIZONTAL_MINUS_BODY_WING_LEX,DERIVED_EXACT_ARITHMETIC_FROM_PAGE_IMAGE_CROSSCHECKED_SOURCE_TABLES
NASA_CR_3608_DERIVED_HORIZONTAL_INCREMENT,CR3608_ROTARY_BODY_WING_LEX_HORIZONTAL_DH0_BETA0_V0.1 - CR3608_ROTARY_BODY_WING_LEX_BETA0_V0.1,"F-18 horizontal-tail incremental contribution from component buildup",0,0,85,0.40,,0.005,0.54,-0.590,-0.024,0.0047,-0.0017,BODY_WING_LEX_HORIZONTAL_MINUS_BODY_WING_LEX,DERIVED_EXACT_ARITHMETIC_FROM_PAGE_IMAGE_CROSSCHECKED_SOURCE_TABLES
NASA_CR_3608_DERIVED_HORIZONTAL_INCREMENT,CR3608_ROTARY_BODY_WING_LEX_HORIZONTAL_DH0_BETA0_V0.1 - CR3608_ROTARY_BODY_WING_LEX_BETA0_V0.1,"F-18 horizontal-tail incremental contribution from component buildup",0,0,90,-0.40,,-0.022,0.51,-0.574,0.003,-0.0036,-0.0008,BODY_WING_LEX_HORIZONTAL_MINUS_BODY_WING_LEX,DERIVED_EXACT_ARITHMETIC_FROM_PAGE_IMAGE_CROSSCHECKED_SOURCE_TABLES
NASA_CR_3608_DERIVED_HORIZONTAL_INCREMENT,CR3608_ROTARY_BODY_WING_LEX_HORIZONTAL_DH0_BETA0_V0.1 - CR3608_ROTARY_BODY_WING_LEX_BETA0_V0.1,"F-18 horizontal-tail incremental contribution from component buildup",0,0,90,-0.30,,-0.022,0.37,-0.551,-0.001,0.0063,-0.0020,BODY_WING_LEX_HORIZONTAL_MINUS_BODY_WING_LEX,DERIVED_EXACT_ARITHMETIC_FROM_PAGE_IMAGE_CROSSCHECKED_SOURCE_TABLES
NASA_CR_3608_DERIVED_HORIZONTAL_INCREMENT,CR3608_ROTARY_BODY_WING_LEX_HORIZONTAL_DH0_BETA0_V0.1 - CR3608_ROTARY_BODY_WING_LEX_BETA0_V0.1,"F-18 horizontal-tail incremental contribution from component buildup",0,0,90,-0.20,,-0.028,0.34,-0.516,0.003,0.0097,-0.0055,BODY_WING_LEX_HORIZONTAL_MINUS_BODY_WING_LEX,DERIVED_EXACT_ARITHMETIC_FROM_PAGE_IMAGE_CROSSCHECKED_SOURCE_TABLES
NASA_CR_3608_DERIVED_HORIZONTAL_INCREMENT,CR3608_ROTARY_BODY_WING_LEX_HORIZONTAL_DH0_BETA0_V0.1 - CR3608_ROTARY_BODY_WING_LEX_BETA0_V0.1,"F-18 horizontal-tail incremental contribution from component buildup",0,0,90,-0.10,,-0.020,0.34,-0.566,-0.024,0.0017,0.0011,BODY_WING_LEX_HORIZONTAL_MINUS_BODY_WING_LEX,DERIVED_EXACT_ARITHMETIC_FROM_PAGE_IMAGE_CROSSCHECKED_SOURCE_TABLES
NASA_CR_3608_DERIVED_HORIZONTAL_INCREMENT,CR3608_ROTARY_BODY_WING_LEX_HORIZONTAL_DH0_BETA0_V0.1 - CR3608_ROTARY_BODY_WING_LEX_BETA0_V0.1,"F-18 horizontal-tail incremental contribution from component buildup",0,0,90,-0.05,,-0.017,0.34,-0.601,-0.027,0.0000,-0.0005,BODY_WING_LEX_HORIZONTAL_MINUS_BODY_WING_LEX,DERIVED_EXACT_ARITHMETIC_FROM_PAGE_IMAGE_CROSSCHECKED_SOURCE_TABLES
NASA_CR_3608_DERIVED_HORIZONTAL_INCREMENT,CR3608_ROTARY_BODY_WING_LEX_HORIZONTAL_DH0_BETA0_V0.1 - CR3608_ROTARY_BODY_WING_LEX_BETA0_V0.1,"F-18 horizontal-tail incremental contribution from component buildup",0,0,90,0.00,1,-0.028,0.35,-0.611,-0.023,-0.0003,0.0007,BODY_WING_LEX_HORIZONTAL_MINUS_BODY_WING_LEX,DERIVED_EXACT_ARITHMETIC_FROM_PAGE_IMAGE_CROSSCHECKED_SOURCE_TABLES
NASA_CR_3608_DERIVED_HORIZONTAL_INCREMENT,CR3608_ROTARY_BODY_WING_LEX_HORIZONTAL_DH0_BETA0_V0.1 - CR3608_ROTARY_BODY_WING_LEX_BETA0_V0.1,"F-18 horizontal-tail incremental contribution from component buildup",0,0,90,0.00,2,-0.031,0.35,-0.594,-0.031,-0.0007,0.0025,BODY_WING_LEX_HORIZONTAL_MINUS_BODY_WING_LEX,DERIVED_EXACT_ARITHMETIC_FROM_PAGE_IMAGE_CROSSCHECKED_SOURCE_TABLES
NASA_CR_3608_DERIVED_HORIZONTAL_INCREMENT,CR3608_ROTARY_BODY_WING_LEX_HORIZONTAL_DH0_BETA0_V0.1 - CR3608_ROTARY_BODY_WING_LEX_BETA0_V0.1,"F-18 horizontal-tail incremental contribution from component buildup",0,0,90,0.05,,-0.031,0.34,-0.588,-0.028,-0.0019,0.0026,BODY_WING_LEX_HORIZONTAL_MINUS_BODY_WING_LEX,DERIVED_EXACT_ARITHMETIC_FROM_PAGE_IMAGE_CROSSCHECKED_SOURCE_TABLES
NASA_CR_3608_DERIVED_HORIZONTAL_INCREMENT,CR3608_ROTARY_BODY_WING_LEX_HORIZONTAL_DH0_BETA0_V0.1 - CR3608_ROTARY_BODY_WING_LEX_BETA0_V0.1,"F-18 horizontal-tail incremental contribution from component buildup",0,0,90,0.10,,-0.026,0.30,-0.571,-0.039,-0.0018,0.0014,BODY_WING_LEX_HORIZONTAL_MINUS_BODY_WING_LEX,DERIVED_EXACT_ARITHMETIC_FROM_PAGE_IMAGE_CROSSCHECKED_SOURCE_TABLES
NASA_CR_3608_DERIVED_HORIZONTAL_INCREMENT,CR3608_ROTARY_BODY_WING_LEX_HORIZONTAL_DH0_BETA0_V0.1 - CR3608_ROTARY_BODY_WING_LEX_BETA0_V0.1,"F-18 horizontal-tail incremental contribution from component buildup",0,0,90,0.20,,-0.023,0.30,-0.529,-0.051,-0.0021,0.0052,BODY_WING_LEX_HORIZONTAL_MINUS_BODY_WING_LEX,DERIVED_EXACT_ARITHMETIC_FROM_PAGE_IMAGE_CROSSCHECKED_SOURCE_TABLES
NASA_CR_3608_DERIVED_HORIZONTAL_INCREMENT,CR3608_ROTARY_BODY_WING_LEX_HORIZONTAL_DH0_BETA0_V0.1 - CR3608_ROTARY_BODY_WING_LEX_BETA0_V0.1,"F-18 horizontal-tail incremental contribution from component buildup",0,0,90,0.30,,-0.013,0.32,-0.557,-0.027,-0.0004,0.0011,BODY_WING_LEX_HORIZONTAL_MINUS_BODY_WING_LEX,DERIVED_EXACT_ARITHMETIC_FROM_PAGE_IMAGE_CROSSCHECKED_SOURCE_TABLES
NASA_CR_3608_DERIVED_HORIZONTAL_INCREMENT,CR3608_ROTARY_BODY_WING_LEX_HORIZONTAL_DH0_BETA0_V0.1 - CR3608_ROTARY_BODY_WING_LEX_BETA0_V0.1,"F-18 horizontal-tail incremental contribution from component buildup",0,0,90,0.40,,-0.003,0.48,-0.543,-0.043,0.0066,-0.0033,BODY_WING_LEX_HORIZONTAL_MINUS_BODY_WING_LEX,DERIVED_EXACT_ARITHMETIC_FROM_PAGE_IMAGE_CROSSCHECKED_SOURCE_TABLES
