source_id,configuration,beta_deg,rudder_deg,source_pdf_page,appendix_page,alpha_deg,omega_b_over_2V,zero_replicate,CA,CN,Cm,CY,Cl,Cn,qa_status
NASA_CR_3608,"F-18 Body, Wing, LEX, Vertical",0,0,91,A28,0,-0.40,,0.020,0.23,0.055,-0.026,0.1341,0.0080,PAGE_IMAGE_CROSSCHECKED_NOT_DOUBLE_KEYED
NASA_CR_3608,"F-18 Body, Wing, LEX, Vertical",0,0,91,A28,0,-0.30,,0.022,0.19,0.044,-0.019,0.1048,0.0062,PAGE_IMAGE_CROSSCHECKED_NOT_DOUBLE_KEYED
NASA_CR_3608,"F-18 Body, Wing, LEX, Vertical",0,0,91,A28,0,-0.20,,0.026,0.14,0.044,-0.015,0.0672,0.0038,PAGE_IMAGE_CROSSCHECKED_NOT_DOUBLE_KEYED
NASA_CR_3608,"F-18 Body, Wing, LEX, Vertical",0,0,91,A28,0,-0.10,,0.029,0.15,0.039,-0.005,0.0303,0.0012,PAGE_IMAGE_CROSSCHECKED_NOT_DOUBLE_KEYED
NASA_CR_3608,"F-18 Body, Wing, LEX, Vertical",0,0,91,A28,0,-0.05,,0.029,0.15,0.036,-0.004,0.0131,0.0002,PAGE_IMAGE_CROSSCHECKED_NOT_DOUBLE_KEYED
NASA_CR_3608,"F-18 Body, Wing, LEX, Vertical",0,0,91,A28,0,0.00,1,0.032,0.10,0.031,-0.010,-0.0026,-0.0007,PAGE_IMAGE_CROSSCHECKED_NOT_DOUBLE_KEYED
NASA_CR_3608,"F-18 Body, Wing, LEX, Vertical",0,0,91,A28,0,0.00,2,0.031,0.12,0.031,-0.007,-0.0028,-0.0010,PAGE_IMAGE_CROSSCHECKED_NOT_DOUBLE_KEYED
NASA_CR_3608,"F-18 Body, Wing, LEX, Vertical",0,0,91,A28,0,0.05,,0.036,0.17,0.042,0.002,-0.0197,-0.0002,PAGE_IMAGE_CROSSCHECKED_NOT_DOUBLE_KEYED
NASA_CR_3608,"F-18 Body, Wing, LEX, Vertical",0,0,91,A28,0,0.10,,0.035,0.15,0.042,0.002,-0.0371,-0.0011,PAGE_IMAGE_CROSSCHECKED_NOT_DOUBLE_KEYED
NASA_CR_3608,"F-18 Body, Wing, LEX, Vertical",0,0,91,A28,0,0.20,,0.034,0.14,0.043,0.003,-0.0747,-0.0030,PAGE_IMAGE_CROSSCHECKED_NOT_DOUBLE_KEYED
NASA_CR_3608,"F-18 Body, Wing, LEX, Vertical",0,0,91,A28,0,0.30,,0.034,0.14,0.041,-0.006,-0.1113,-0.0037,PAGE_IMAGE_CROSSCHECKED_NOT_DOUBLE_KEYED
NASA_CR_3608,"F-18 Body, Wing, LEX, Vertical",0,0,91,A28,0,0.40,,0.037,0.14,0.046,-0.015,-0.1395,-0.0035,PAGE_IMAGE_CROSSCHECKED_NOT_DOUBLE_KEYED
NASA_CR_3608,"F-18 Body, Wing, LEX, Vertical",0,0,91,A28,5,-0.40,,0.015,0.53,0.076,-0.060,0.1190,0.0172,PAGE_IMAGE_CROSSCHECKED_NOT_DOUBLE_KEYED
NASA_CR_3608,"F-18 Body, Wing, LEX, Vertical",0,0,91,A28,5,-0.30,,0.016,0.50,0.065,-0.033,0.0881,0.0121,PAGE_IMAGE_CROSSCHECKED_NOT_DOUBLE_KEYED
NASA_CR_3608,"F-18 Body, Wing, LEX, Vertical",0,0,91,A28,5,-0.20,,0.015,0.51,0.061,-0.016,0.0602,0.0081,PAGE_IMAGE_CROSSCHECKED_NOT_DOUBLE_KEYED
NASA_CR_3608,"F-18 Body, Wing, LEX, Vertical",0,0,91,A28,5,-0.10,,0.012,0.50,0.063,-0.002,0.0294,0.0044,PAGE_IMAGE_CROSSCHECKED_NOT_DOUBLE_KEYED
NASA_CR_3608,"F-18 Body, Wing, LEX, Vertical",0,0,91,A28,5,-0.05,,0.011,0.49,0.064,0.004,0.0129,0.0023,PAGE_IMAGE_CROSSCHECKED_NOT_DOUBLE_KEYED
NASA_CR_3608,"F-18 Body, Wing, LEX, Vertical",0,0,91,A28,5,0.00,1,0.022,0.41,0.050,-0.006,-0.0020,-0.0014,PAGE_IMAGE_CROSSCHECKED_NOT_DOUBLE_KEYED
NASA_CR_3608,"F-18 Body, Wing, LEX, Vertical",0,0,91,A28,5,0.00,2,0.022,0.40,0.051,-0.009,-0.0016,-0.0014,PAGE_IMAGE_CROSSCHECKED_NOT_DOUBLE_KEYED
NASA_CR_3608,"F-18 Body, Wing, LEX, Vertical",0,0,91,A28,5,0.05,,0.017,0.49,0.060,0.014,-0.0180,-0.0026,PAGE_IMAGE_CROSSCHECKED_NOT_DOUBLE_KEYED
NASA_CR_3608,"F-18 Body, Wing, LEX, Vertical",0,0,91,A28,5,0.10,,0.019,0.50,0.057,0.021,-0.0343,-0.0044,PAGE_IMAGE_CROSSCHECKED_NOT_DOUBLE_KEYED
NASA_CR_3608,"F-18 Body, Wing, LEX, Vertical",0,0,91,A28,5,0.20,,0.022,0.49,0.053,0.026,-0.0637,-0.0070,PAGE_IMAGE_CROSSCHECKED_NOT_DOUBLE_KEYED
NASA_CR_3608,"F-18 Body, Wing, LEX, Vertical",0,0,91,A28,5,0.30,,0.025,0.47,0.056,0.029,-0.0942,-0.0098,PAGE_IMAGE_CROSSCHECKED_NOT_DOUBLE_KEYED
NASA_CR_3608,"F-18 Body, Wing, LEX, Vertical",0,0,91,A28,5,0.40,,0.026,0.48,0.061,0.030,-0.1271,-0.0131,PAGE_IMAGE_CROSSCHECKED_NOT_DOUBLE_KEYED
NASA_CR_3608,"F-18 Body, Wing, LEX, Vertical",0,0,91,A28,10,-0.40,,0.018,0.85,0.101,-0.093,0.1039,0.0267,PAGE_IMAGE_CROSSCHECKED_NOT_DOUBLE_KEYED
NASA_CR_3608,"F-18 Body, Wing, LEX, Vertical",0,0,91,A28,10,-0.30,,0.018,0.80,0.098,-0.059,0.0707,0.0180,PAGE_IMAGE_CROSSCHECKED_NOT_DOUBLE_KEYED
NASA_CR_3608,"F-18 Body, Wing, LEX, Vertical",0,0,91,A28,10,-0.20,,0.014,0.78,0.100,-0.033,0.0442,0.0110,PAGE_IMAGE_CROSSCHECKED_NOT_DOUBLE_KEYED
NASA_CR_3608,"F-18 Body, Wing, LEX, Vertical",0,0,91,A28,10,-0.10,,0.009,0.79,0.100,-0.010,0.0227,0.0050,PAGE_IMAGE_CROSSCHECKED_NOT_DOUBLE_KEYED
NASA_CR_3608,"F-18 Body, Wing, LEX, Vertical",0,0,91,A28,10,-0.05,,0.006,0.80,0.098,0.002,0.0112,0.0023,PAGE_IMAGE_CROSSCHECKED_NOT_DOUBLE_KEYED
NASA_CR_3608,"F-18 Body, Wing, LEX, Vertical",0,0,91,A28,10,0.00,1,0.017,0.73,0.084,-0.005,0.0003,-0.0012,PAGE_IMAGE_CROSSCHECKED_NOT_DOUBLE_KEYED
NASA_CR_3608,"F-18 Body, Wing, LEX, Vertical",0,0,91,A28,10,0.00,2,0.017,0.72,0.084,-0.005,-0.0007,-0.0013,PAGE_IMAGE_CROSSCHECKED_NOT_DOUBLE_KEYED
NASA_CR_3608,"F-18 Body, Wing, LEX, Vertical",0,0,91,A28,10,0.05,,0.014,0.81,0.098,0.023,-0.0128,-0.0026,PAGE_IMAGE_CROSSCHECKED_NOT_DOUBLE_KEYED
NASA_CR_3608,"F-18 Body, Wing, LEX, Vertical",0,0,91,A28,10,0.10,,0.016,0.80,0.098,0.030,-0.0243,-0.0052,PAGE_IMAGE_CROSSCHECKED_NOT_DOUBLE_KEYED
NASA_CR_3608,"F-18 Body, Wing, LEX, Vertical",0,0,91,A28,10,0.20,,0.022,0.78,0.094,0.042,-0.0482,-0.0104,PAGE_IMAGE_CROSSCHECKED_NOT_DOUBLE_KEYED
NASA_CR_3608,"F-18 Body, Wing, LEX, Vertical",0,0,91,A28,10,0.30,,0.027,0.78,0.089,0.053,-0.0762,-0.0153,PAGE_IMAGE_CROSSCHECKED_NOT_DOUBLE_KEYED
NASA_CR_3608,"F-18 Body, Wing, LEX, Vertical",0,0,91,A28,10,0.40,,0.028,0.82,0.088,0.059,-0.1104,-0.0212,PAGE_IMAGE_CROSSCHECKED_NOT_DOUBLE_KEYED
NASA_CR_3608,"F-18 Body, Wing, LEX, Vertical",0,0,91,A28,15,-0.40,,0.010,1.17,0.149,-0.126,0.0968,0.0363,PAGE_IMAGE_CROSSCHECKED_NOT_DOUBLE_KEYED
NASA_CR_3608,"F-18 Body, Wing, LEX, Vertical",0,0,91,A28,15,-0.30,,0.013,1.11,0.148,-0.081,0.0693,0.0237,PAGE_IMAGE_CROSSCHECKED_NOT_DOUBLE_KEYED
NASA_CR_3608,"F-18 Body, Wing, LEX, Vertical",0,0,91,A28,15,-0.20,,0.012,1.07,0.148,-0.042,0.0438,0.0134,PAGE_IMAGE_CROSSCHECKED_NOT_DOUBLE_KEYED
NASA_CR_3608,"F-18 Body, Wing, LEX, Vertical",0,0,91,A28,15,-0.10,,0.010,1.05,0.148,-0.012,0.0197,0.0061,PAGE_IMAGE_CROSSCHECKED_NOT_DOUBLE_KEYED
NASA_CR_3608,"F-18 Body, Wing, LEX, Vertical",0,0,91,A28,15,-0.05,,0.011,1.05,0.147,-0.001,0.0084,0.0030,PAGE_IMAGE_CROSSCHECKED_NOT_DOUBLE_KEYED
NASA_CR_3608,"F-18 Body, Wing, LEX, Vertical",0,0,91,A28,15,0.00,1,0.025,0.95,0.130,-0.015,-0.0012,-0.0011,PAGE_IMAGE_CROSSCHECKED_NOT_DOUBLE_KEYED
NASA_CR_3608,"F-18 Body, Wing, LEX, Vertical",0,0,91,A28,15,0.00,2,0.025,0.95,0.131,-0.016,0.0000,-0.0009,PAGE_IMAGE_CROSSCHECKED_NOT_DOUBLE_KEYED
NASA_CR_3608,"F-18 Body, Wing, LEX, Vertical",0,0,91,A28,15,0.05,,0.013,1.07,0.148,0.023,-0.0109,-0.0020,PAGE_IMAGE_CROSSCHECKED_NOT_DOUBLE_KEYED
NASA_CR_3608,"F-18 Body, Wing, LEX, Vertical",0,0,91,A28,15,0.10,,0.014,1.06,0.146,0.031,-0.0227,-0.0051,PAGE_IMAGE_CROSSCHECKED_NOT_DOUBLE_KEYED
NASA_CR_3608,"F-18 Body, Wing, LEX, Vertical",0,0,91,A28,15,0.20,,0.018,1.06,0.142,0.052,-0.0475,-0.0118,PAGE_IMAGE_CROSSCHECKED_NOT_DOUBLE_KEYED
NASA_CR_3608,"F-18 Body, Wing, LEX, Vertical",0,0,91,A28,15,0.30,,0.022,1.08,0.137,0.076,-0.0739,-0.0202,PAGE_IMAGE_CROSSCHECKED_NOT_DOUBLE_KEYED
NASA_CR_3608,"F-18 Body, Wing, LEX, Vertical",0,0,91,A28,15,0.40,,0.022,1.14,0.139,0.098,-0.1045,-0.0303,PAGE_IMAGE_CROSSCHECKED_NOT_DOUBLE_KEYED
NASA_CR_3608,"F-18 Body, Wing, LEX, Vertical",0,0,92,A29,20,-0.40,,0.016,1.28,0.228,-0.159,0.0420,0.0605,PAGE_IMAGE_CROSSCHECKED_NOT_DOUBLE_KEYED
NASA_CR_3608,"F-18 Body, Wing, LEX, Vertical",0,0,92,A29,20,-0.30,,0.019,1.26,0.227,-0.108,0.0279,0.0411,PAGE_IMAGE_CROSSCHECKED_NOT_DOUBLE_KEYED
NASA_CR_3608,"F-18 Body, Wing, LEX, Vertical",0,0,92,A29,20,-0.20,,0.016,1.27,0.221,-0.067,0.0152,0.0250,PAGE_IMAGE_CROSSCHECKED_NOT_DOUBLE_KEYED
NASA_CR_3608,"F-18 Body, Wing, LEX, Vertical",0,0,92,A29,20,-0.10,,0.011,1.33,0.213,-0.027,0.0081,0.0124,PAGE_IMAGE_CROSSCHECKED_NOT_DOUBLE_KEYED
NASA_CR_3608,"F-18 Body, Wing, LEX, Vertical",0,0,92,A29,20,-0.05,,0.009,1.34,0.210,-0.007,0.0036,0.0064,PAGE_IMAGE_CROSSCHECKED_NOT_DOUBLE_KEYED
NASA_CR_3608,"F-18 Body, Wing, LEX, Vertical",0,0,92,A29,20,0.00,1,0.022,1.29,0.193,-0.004,0.0000,-0.0009,PAGE_IMAGE_CROSSCHECKED_NOT_DOUBLE_KEYED
NASA_CR_3608,"F-18 Body, Wing, LEX, Vertical",0,0,92,A29,20,0.00,2,0.025,1.24,0.192,-0.007,-0.0010,-0.0010,PAGE_IMAGE_CROSSCHECKED_NOT_DOUBLE_KEYED
NASA_CR_3608,"F-18 Body, Wing, LEX, Vertical",0,0,92,A29,20,0.05,,0.029,1.35,0.208,0.035,-0.0056,-0.0056,PAGE_IMAGE_CROSSCHECKED_NOT_DOUBLE_KEYED
NASA_CR_3608,"F-18 Body, Wing, LEX, Vertical",0,0,92,A29,20,0.10,,0.030,1.32,0.213,0.048,-0.0109,-0.0113,PAGE_IMAGE_CROSSCHECKED_NOT_DOUBLE_KEYED
NASA_CR_3608,"F-18 Body, Wing, LEX, Vertical",0,0,92,A29,20,0.20,,0.033,1.27,0.219,0.074,-0.0204,-0.0227,PAGE_IMAGE_CROSSCHECKED_NOT_DOUBLE_KEYED
NASA_CR_3608,"F-18 Body, Wing, LEX, Vertical",0,0,92,A29,20,0.30,,0.032,1.25,0.223,0.104,-0.0349,-0.0371,PAGE_IMAGE_CROSSCHECKED_NOT_DOUBLE_KEYED
NASA_CR_3608,"F-18 Body, Wing, LEX, Vertical",0,0,92,A29,20,0.40,,0.023,1.25,0.223,0.130,-0.0514,-0.0535,PAGE_IMAGE_CROSSCHECKED_NOT_DOUBLE_KEYED
NASA_CR_3608,"F-18 Body, Wing, LEX, Vertical",0,0,92,A29,25,-0.40,,0.013,1.44,0.271,-0.133,0.0113,0.0801,PAGE_IMAGE_CROSSCHECKED_NOT_DOUBLE_KEYED
NASA_CR_3608,"F-18 Body, Wing, LEX, Vertical",0,0,92,A29,25,-0.30,,0.019,1.41,0.265,-0.094,0.0044,0.0597,PAGE_IMAGE_CROSSCHECKED_NOT_DOUBLE_KEYED
NASA_CR_3608,"F-18 Body, Wing, LEX, Vertical",0,0,92,A29,25,-0.20,,0.024,1.39,0.277,-0.064,-0.0132,0.0414,PAGE_IMAGE_CROSSCHECKED_NOT_DOUBLE_KEYED
NASA_CR_3608,"F-18 Body, Wing, LEX, Vertical",0,0,92,A29,25,-0.10,,0.023,1.37,0.301,-0.030,-0.0102,0.0233,PAGE_IMAGE_CROSSCHECKED_NOT_DOUBLE_KEYED
NASA_CR_3608,"F-18 Body, Wing, LEX, Vertical",0,0,92,A29,25,-0.05,,0.023,1.37,0.312,-0.014,-0.0053,0.0128,PAGE_IMAGE_CROSSCHECKED_NOT_DOUBLE_KEYED
NASA_CR_3608,"F-18 Body, Wing, LEX, Vertical",0,0,92,A29,25,0.00,1,0.036,1.28,0.301,-0.017,-0.0007,-0.0001,PAGE_IMAGE_CROSSCHECKED_NOT_DOUBLE_KEYED
NASA_CR_3608,"F-18 Body, Wing, LEX, Vertical",0,0,92,A29,25,0.00,2,0.035,1.30,0.303,-0.019,-0.0034,-0.0002,PAGE_IMAGE_CROSSCHECKED_NOT_DOUBLE_KEYED
NASA_CR_3608,"F-18 Body, Wing, LEX, Vertical",0,0,92,A29,25,0.05,,0.034,1.40,0.316,0.029,0.0033,-0.0089,PAGE_IMAGE_CROSSCHECKED_NOT_DOUBLE_KEYED
NASA_CR_3608,"F-18 Body, Wing, LEX, Vertical",0,0,92,A29,25,0.10,,0.035,1.39,0.306,0.044,0.0062,-0.0189,PAGE_IMAGE_CROSSCHECKED_NOT_DOUBLE_KEYED
NASA_CR_3608,"F-18 Body, Wing, LEX, Vertical",0,0,92,A29,25,0.20,,0.035,1.38,0.283,0.074,0.0076,-0.0369,PAGE_IMAGE_CROSSCHECKED_NOT_DOUBLE_KEYED
NASA_CR_3608,"F-18 Body, Wing, LEX, Vertical",0,0,92,A29,25,0.30,,0.032,1.35,0.276,0.098,-0.0025,-0.0540,PAGE_IMAGE_CROSSCHECKED_NOT_DOUBLE_KEYED
NASA_CR_3608,"F-18 Body, Wing, LEX, Vertical",0,0,92,A29,25,0.40,,0.023,1.36,0.274,0.122,-0.0180,-0.0720,PAGE_IMAGE_CROSSCHECKED_NOT_DOUBLE_KEYED
NASA_CR_3608,"F-18 Body, Wing, LEX, Vertical",0,0,92,A29,30,-0.40,,0.026,1.54,0.306,-0.025,-0.0038,0.0955,PAGE_IMAGE_CROSSCHECKED_NOT_DOUBLE_KEYED
NASA_CR_3608,"F-18 Body, Wing, LEX, Vertical",0,0,92,A29,30,-0.30,,0.034,1.50,0.318,-0.001,-0.0145,0.0714,PAGE_IMAGE_CROSSCHECKED_NOT_DOUBLE_KEYED
NASA_CR_3608,"F-18 Body, Wing, LEX, Vertical",0,0,92,A29,30,-0.20,,0.035,1.44,0.345,0.029,-0.0131,0.0419,PAGE_IMAGE_CROSSCHECKED_NOT_DOUBLE_KEYED
NASA_CR_3608,"F-18 Body, Wing, LEX, Vertical",0,0,92,A29,30,-0.10,,0.036,1.44,0.365,0.024,-0.0042,0.0194,PAGE_IMAGE_CROSSCHECKED_NOT_DOUBLE_KEYED
NASA_CR_3608,"F-18 Body, Wing, LEX, Vertical",0,0,92,A29,30,-0.05,,0.035,1.45,0.372,0.011,0.0067,0.0118,PAGE_IMAGE_CROSSCHECKED_NOT_DOUBLE_KEYED
NASA_CR_3608,"F-18 Body, Wing, LEX, Vertical",0,0,92,A29,30,0.00,1,0.047,1.35,0.356,-0.007,-0.0007,0.0004,PAGE_IMAGE_CROSSCHECKED_NOT_DOUBLE_KEYED
NASA_CR_3608,"F-18 Body, Wing, LEX, Vertical",0,0,92,A29,30,0.00,2,0.044,1.40,0.355,-0.001,-0.0004,0.0007,PAGE_IMAGE_CROSSCHECKED_NOT_DOUBLE_KEYED
NASA_CR_3608,"F-18 Body, Wing, LEX, Vertical",0,0,92,A29,30,0.05,,0.030,1.54,0.374,0.027,0.0001,-0.0064,PAGE_IMAGE_CROSSCHECKED_NOT_DOUBLE_KEYED
NASA_CR_3608,"F-18 Body, Wing, LEX, Vertical",0,0,92,A29,30,0.10,,0.031,1.53,0.374,0.016,0.0004,-0.0158,PAGE_IMAGE_CROSSCHECKED_NOT_DOUBLE_KEYED
NASA_CR_3608,"F-18 Body, Wing, LEX, Vertical",0,0,92,A29,30,0.20,,0.037,1.52,0.347,-0.003,0.0143,-0.0372,PAGE_IMAGE_CROSSCHECKED_NOT_DOUBLE_KEYED
NASA_CR_3608,"F-18 Body, Wing, LEX, Vertical",0,0,92,A29,30,0.30,,0.042,1.56,0.322,0.020,0.0112,-0.0629,PAGE_IMAGE_CROSSCHECKED_NOT_DOUBLE_KEYED
NASA_CR_3608,"F-18 Body, Wing, LEX, Vertical",0,0,92,A29,30,0.40,,0.047,1.59,0.323,0.015,-0.0008,-0.0855,PAGE_IMAGE_CROSSCHECKED_NOT_DOUBLE_KEYED
NASA_CR_3608,"F-18 Body, Wing, LEX, Vertical",0,0,92,A29,35,-0.40,,0.029,1.65,0.368,0.109,0.0050,0.1074,PAGE_IMAGE_CROSSCHECKED_NOT_DOUBLE_KEYED
NASA_CR_3608,"F-18 Body, Wing, LEX, Vertical",0,0,92,A29,35,-0.30,,0.042,1.53,0.375,0.104,0.0064,0.0762,PAGE_IMAGE_CROSSCHECKED_NOT_DOUBLE_KEYED
NASA_CR_3608,"F-18 Body, Wing, LEX, Vertical",0,0,92,A29,35,-0.20,,0.047,1.49,0.380,0.059,0.0082,0.0493,PAGE_IMAGE_CROSSCHECKED_NOT_DOUBLE_KEYED
NASA_CR_3608,"F-18 Body, Wing, LEX, Vertical",0,0,92,A29,35,-0.10,,0.046,1.48,0.395,0.026,0.0096,0.0208,PAGE_IMAGE_CROSSCHECKED_NOT_DOUBLE_KEYED
NASA_CR_3608,"F-18 Body, Wing, LEX, Vertical",0,0,92,A29,35,-0.05,,0.044,1.49,0.397,0.011,0.0095,0.0110,PAGE_IMAGE_CROSSCHECKED_NOT_DOUBLE_KEYED
NASA_CR_3608,"F-18 Body, Wing, LEX, Vertical",0,0,92,A29,35,0.00,1,0.058,1.41,0.388,-0.014,0.0029,0.0010,PAGE_IMAGE_CROSSCHECKED_NOT_DOUBLE_KEYED
NASA_CR_3608,"F-18 Body, Wing, LEX, Vertical",0,0,92,A29,35,0.00,2,0.054,1.45,0.385,-0.006,0.0050,0.0018,PAGE_IMAGE_CROSSCHECKED_NOT_DOUBLE_KEYED
NASA_CR_3608,"F-18 Body, Wing, LEX, Vertical",0,0,92,A29,35,0.05,,0.056,1.53,0.403,0.006,-0.0047,-0.0062,PAGE_IMAGE_CROSSCHECKED_NOT_DOUBLE_KEYED
NASA_CR_3608,"F-18 Body, Wing, LEX, Vertical",0,0,92,A29,35,0.10,,0.058,1.52,0.401,-0.007,-0.0106,-0.0155,PAGE_IMAGE_CROSSCHECKED_NOT_DOUBLE_KEYED
NASA_CR_3608,"F-18 Body, Wing, LEX, Vertical",0,0,92,A29,35,0.20,,0.058,1.51,0.384,-0.060,0.0064,-0.0438,PAGE_IMAGE_CROSSCHECKED_NOT_DOUBLE_KEYED
NASA_CR_3608,"F-18 Body, Wing, LEX, Vertical",0,0,92,A29,35,0.30,,0.049,1.53,0.377,-0.104,-0.0065,-0.0722,PAGE_IMAGE_CROSSCHECKED_NOT_DOUBLE_KEYED
NASA_CR_3608,"F-18 Body, Wing, LEX, Vertical",0,0,92,A29,35,0.40,,0.032,1.62,0.373,-0.120,-0.0088,-0.1037,PAGE_IMAGE_CROSSCHECKED_NOT_DOUBLE_KEYED
NASA_CR_3608,"F-18 Body, Wing, LEX, Vertical",0,0,93,A30,40,-0.40,,0.038,1.71,0.336,0.233,0.0186,0.1281,PAGE_IMAGE_CROSSCHECKED_NOT_DOUBLE_KEYED
NASA_CR_3608,"F-18 Body, Wing, LEX, Vertical",0,0,93,A30,40,-0.30,,0.049,1.63,0.351,0.197,0.0109,0.0907,PAGE_IMAGE_CROSSCHECKED_NOT_DOUBLE_KEYED
NASA_CR_3608,"F-18 Body, Wing, LEX, Vertical",0,0,93,A30,40,-0.20,,0.055,1.57,0.362,0.124,0.0071,0.0515,PAGE_IMAGE_CROSSCHECKED_NOT_DOUBLE_KEYED
NASA_CR_3608,"F-18 Body, Wing, LEX, Vertical",0,0,93,A30,40,-0.10,,0.053,1.57,0.387,0.077,0.0042,0.0170,PAGE_IMAGE_CROSSCHECKED_NOT_DOUBLE_KEYED
NASA_CR_3608,"F-18 Body, Wing, LEX, Vertical",0,0,93,A30,40,-0.05,,0.053,1.57,0.389,0.050,0.0030,0.0050,PAGE_IMAGE_CROSSCHECKED_NOT_DOUBLE_KEYED
NASA_CR_3608,"F-18 Body, Wing, LEX, Vertical",0,0,93,A30,40,0.00,1,0.062,1.49,0.389,-0.001,0.0016,0.0002,PAGE_IMAGE_CROSSCHECKED_NOT_DOUBLE_KEYED
NASA_CR_3608,"F-18 Body, Wing, LEX, Vertical",0,0,93,A30,40,0.00,2,0.062,1.52,0.395,0.005,0.0014,0.0004,PAGE_IMAGE_CROSSCHECKED_NOT_DOUBLE_KEYED
NASA_CR_3608,"F-18 Body, Wing, LEX, Vertical",0,0,93,A30,40,0.05,,0.063,1.59,0.408,-0.020,-0.0007,-0.0041,PAGE_IMAGE_CROSSCHECKED_NOT_DOUBLE_KEYED
NASA_CR_3608,"F-18 Body, Wing, LEX, Vertical",0,0,93,A30,40,0.10,,0.064,1.60,0.404,-0.045,-0.0060,-0.0095,PAGE_IMAGE_CROSSCHECKED_NOT_DOUBLE_KEYED
NASA_CR_3608,"F-18 Body, Wing, LEX, Vertical",0,0,93,A30,40,0.20,,0.067,1.61,0.378,-0.080,-0.0083,-0.0398,PAGE_IMAGE_CROSSCHECKED_NOT_DOUBLE_KEYED
NASA_CR_3608,"F-18 Body, Wing, LEX, Vertical",0,0,93,A30,40,0.30,,0.065,1.64,0.367,-0.169,-0.0104,-0.0826,PAGE_IMAGE_CROSSCHECKED_NOT_DOUBLE_KEYED
NASA_CR_3608,"F-18 Body, Wing, LEX, Vertical",0,0,93,A30,40,0.40,,0.054,1.72,0.352,-0.211,-0.0167,-0.1234,PAGE_IMAGE_CROSSCHECKED_NOT_DOUBLE_KEYED
NASA_CR_3608,"F-18 Body, Wing, LEX, Vertical",0,0,93,A30,45,-0.40,,0.045,1.73,0.282,0.311,0.0248,0.1700,PAGE_IMAGE_CROSSCHECKED_NOT_DOUBLE_KEYED
NASA_CR_3608,"F-18 Body, Wing, LEX, Vertical",0,0,93,A30,45,-0.30,,0.056,1.70,0.318,0.251,0.0163,0.1228,PAGE_IMAGE_CROSSCHECKED_NOT_DOUBLE_KEYED
NASA_CR_3608,"F-18 Body, Wing, LEX, Vertical",0,0,93,A30,45,-0.20,,0.060,1.66,0.335,0.151,0.0095,0.0713,PAGE_IMAGE_CROSSCHECKED_NOT_DOUBLE_KEYED
NASA_CR_3608,"F-18 Body, Wing, LEX, Vertical",0,0,93,A30,45,-0.10,,0.059,1.65,0.354,0.082,0.0013,0.0196,PAGE_IMAGE_CROSSCHECKED_NOT_DOUBLE_KEYED
NASA_CR_3608,"F-18 Body, Wing, LEX, Vertical",0,0,93,A30,45,-0.05,,0.060,1.66,0.360,0.057,-0.0005,0.0088,PAGE_IMAGE_CROSSCHECKED_NOT_DOUBLE_KEYED
NASA_CR_3608,"F-18 Body, Wing, LEX, Vertical",0,0,93,A30,45,0.00,1,0.076,1.60,0.360,0.006,0.0002,-0.0034,PAGE_IMAGE_CROSSCHECKED_NOT_DOUBLE_KEYED
NASA_CR_3608,"F-18 Body, Wing, LEX, Vertical",0,0,93,A30,45,0.00,2,0.078,1.59,0.357,0.005,-0.0007,-0.0022,PAGE_IMAGE_CROSSCHECKED_NOT_DOUBLE_KEYED
NASA_CR_3608,"F-18 Body, Wing, LEX, Vertical",0,0,93,A30,45,0.05,,0.070,1.70,0.392,-0.027,-0.0001,-0.0078,PAGE_IMAGE_CROSSCHECKED_NOT_DOUBLE_KEYED
NASA_CR_3608,"F-18 Body, Wing, LEX, Vertical",0,0,93,A30,45,0.10,,0.072,1.70,0.386,-0.068,-0.0002,-0.0140,PAGE_IMAGE_CROSSCHECKED_NOT_DOUBLE_KEYED
NASA_CR_3608,"F-18 Body, Wing, LEX, Vertical",0,0,93,A30,45,0.20,,0.071,1.68,0.351,-0.113,-0.0064,-0.0390,PAGE_IMAGE_CROSSCHECKED_NOT_DOUBLE_KEYED
NASA_CR_3608,"F-18 Body, Wing, LEX, Vertical",0,0,93,A30,45,0.30,,0.065,1.71,0.316,-0.226,-0.0164,-0.1086,PAGE_IMAGE_CROSSCHECKED_NOT_DOUBLE_KEYED
NASA_CR_3608,"F-18 Body, Wing, LEX, Vertical",0,0,93,A30,50,-0.40,,0.048,1.75,0.159,0.241,0.0274,0.1819,PAGE_IMAGE_CROSSCHECKED_NOT_DOUBLE_KEYED
NASA_CR_3608,"F-18 Body, Wing, LEX, Vertical",0,0,93,A30,50,-0.30,,0.061,1.67,0.225,0.225,0.0217,0.1467,PAGE_IMAGE_CROSSCHECKED_NOT_DOUBLE_KEYED
NASA_CR_3608,"F-18 Body, Wing, LEX, Vertical",0,0,93,A30,50,-0.20,,0.063,1.62,0.280,0.166,0.0190,0.1074,PAGE_IMAGE_CROSSCHECKED_NOT_DOUBLE_KEYED
NASA_CR_3608,"F-18 Body, Wing, LEX, Vertical",0,0,93,A30,50,-0.10,,0.070,1.68,0.326,0.068,0.0110,0.0618,PAGE_IMAGE_CROSSCHECKED_NOT_DOUBLE_KEYED
NASA_CR_3608,"F-18 Body, Wing, LEX, Vertical",0,0,93,A30,50,-0.05,,0.070,1.66,0.336,0.020,0.0051,0.0377,PAGE_IMAGE_CROSSCHECKED_NOT_DOUBLE_KEYED
NASA_CR_3608,"F-18 Body, Wing, LEX, Vertical",0,0,93,A30,50,0.00,1,0.079,1.58,0.311,-0.022,0.0003,0.0061,PAGE_IMAGE_CROSSCHECKED_NOT_DOUBLE_KEYED
NASA_CR_3608,"F-18 Body, Wing, LEX, Vertical",0,0,93,A30,50,0.00,2,0.076,1.64,0.302,-0.023,0.0014,0.0042,PAGE_IMAGE_CROSSCHECKED_NOT_DOUBLE_KEYED
NASA_CR_3608,"F-18 Body, Wing, LEX, Vertical",0,0,93,A30,50,0.05,,0.085,1.71,0.338,-0.036,-0.0024,-0.0066,PAGE_IMAGE_CROSSCHECKED_NOT_DOUBLE_KEYED
NASA_CR_3608,"F-18 Body, Wing, LEX, Vertical",0,0,93,A30,50,0.10,,0.086,1.70,0.347,-0.074,-0.0014,-0.0174,PAGE_IMAGE_CROSSCHECKED_NOT_DOUBLE_KEYED
NASA_CR_3608,"F-18 Body, Wing, LEX, Vertical",0,0,93,A30,50,0.20,,0.081,1.68,0.306,-0.140,-0.0151,-0.0665,PAGE_IMAGE_CROSSCHECKED_NOT_DOUBLE_KEYED
NASA_CR_3608,"F-18 Body, Wing, LEX, Vertical",0,0,93,A30,50,0.30,,0.071,1.67,0.246,-0.237,-0.0226,-0.1281,PAGE_IMAGE_CROSSCHECKED_NOT_DOUBLE_KEYED
NASA_CR_3608,"F-18 Body, Wing, LEX, Vertical",0,0,93,A30,55,-0.40,,0.052,1.87,0.133,0.181,0.0195,0.1548,PAGE_IMAGE_CROSSCHECKED_NOT_DOUBLE_KEYED
NASA_CR_3608,"F-18 Body, Wing, LEX, Vertical",0,0,93,A30,55,-0.30,,0.057,1.73,0.133,0.161,0.0149,0.1232,PAGE_IMAGE_CROSSCHECKED_NOT_DOUBLE_KEYED
NASA_CR_3608,"F-18 Body, Wing, LEX, Vertical",0,0,93,A30,55,-0.20,,0.052,1.65,0.149,0.152,0.0122,0.1051,PAGE_IMAGE_CROSSCHECKED_NOT_DOUBLE_KEYED
NASA_CR_3608,"F-18 Body, Wing, LEX, Vertical",0,0,93,A30,55,-0.10,,0.048,1.66,0.178,0.115,0.0073,0.0780,PAGE_IMAGE_CROSSCHECKED_NOT_DOUBLE_KEYED
NASA_CR_3608,"F-18 Body, Wing, LEX, Vertical",0,0,93,A30,55,-0.05,,0.050,1.65,0.169,0.079,0.0046,0.0539,PAGE_IMAGE_CROSSCHECKED_NOT_DOUBLE_KEYED
NASA_CR_3608,"F-18 Body, Wing, LEX, Vertical",0,0,93,A30,55,0.00,1,0.067,1.54,0.180,0.025,0.0033,0.0392,PAGE_IMAGE_CROSSCHECKED_NOT_DOUBLE_KEYED
NASA_CR_3608,"F-18 Body, Wing, LEX, Vertical",0,0,93,A30,55,0.00,2,0.059,1.56,0.171,0.027,0.0030,0.0380,PAGE_IMAGE_CROSSCHECKED_NOT_DOUBLE_KEYED
NASA_CR_3608,"F-18 Body, Wing, LEX, Vertical",0,0,93,A30,55,0.05,,0.051,1.73,0.248,0.034,0.0007,0.0208,PAGE_IMAGE_CROSSCHECKED_NOT_DOUBLE_KEYED
NASA_CR_3608,"F-18 Body, Wing, LEX, Vertical",0,0,93,A30,55,0.10,,0.050,1.81,0.260,-0.001,-0.0023,-0.0079,PAGE_IMAGE_CROSSCHECKED_NOT_DOUBLE_KEYED
NASA_CR_3608,"F-18 Body, Wing, LEX, Vertical",0,0,93,A30,55,0.20,,0.048,1.77,0.236,-0.101,-0.0142,-0.0732,PAGE_IMAGE_CROSSCHECKED_NOT_DOUBLE_KEYED
NASA_CR_3608,"F-18 Body, Wing, LEX, Vertical",0,0,93,A30,55,0.30,,0.051,1.81,0.167,-0.140,-0.0160,-0.1197,PAGE_IMAGE_CROSSCHECKED_NOT_DOUBLE_KEYED
NASA_CR_3608,"F-18 Body, Wing, LEX, Vertical",0,0,93,A30,55,0.40,,0.045,1.94,0.151,-0.145,-0.0205,-0.1467,PAGE_IMAGE_CROSSCHECKED_NOT_DOUBLE_KEYED
NASA_CR_3608,"F-18 Body, Wing, LEX, Vertical",0,0,94,A31,60,-0.40,,0.049,1.90,0.131,0.169,0.0144,0.1541,PAGE_IMAGE_CROSSCHECKED_NOT_DOUBLE_KEYED
NASA_CR_3608,"F-18 Body, Wing, LEX, Vertical",0,0,94,A31,60,-0.30,,0.059,1.76,0.136,0.121,0.0098,0.1137,PAGE_IMAGE_CROSSCHECKED_NOT_DOUBLE_KEYED
NASA_CR_3608,"F-18 Body, Wing, LEX, Vertical",0,0,94,A31,60,-0.20,,0.059,1.68,0.128,0.098,0.0076,0.0858,PAGE_IMAGE_CROSSCHECKED_NOT_DOUBLE_KEYED
NASA_CR_3608,"F-18 Body, Wing, LEX, Vertical",0,0,94,A31,60,-0.10,,0.058,1.66,0.138,0.066,0.0054,0.0624,PAGE_IMAGE_CROSSCHECKED_NOT_DOUBLE_KEYED
NASA_CR_3608,"F-18 Body, Wing, LEX, Vertical",0,0,94,A31,60,-0.05,,0.058,1.65,0.145,0.058,0.0037,0.0531,PAGE_IMAGE_CROSSCHECKED_NOT_DOUBLE_KEYED
NASA_CR_3608,"F-18 Body, Wing, LEX, Vertical",0,0,94,A31,60,0.00,1,0.066,1.63,0.160,0.047,0.0021,0.0467,PAGE_IMAGE_CROSSCHECKED_NOT_DOUBLE_KEYED
NASA_CR_3608,"F-18 Body, Wing, LEX, Vertical",0,0,94,A31,60,0.00,2,0.063,1.61,0.167,0.044,0.0033,0.0496,PAGE_IMAGE_CROSSCHECKED_NOT_DOUBLE_KEYED
NASA_CR_3608,"F-18 Body, Wing, LEX, Vertical",0,0,94,A31,60,0.05,,0.075,1.73,0.193,0.048,0.0007,0.0322,PAGE_IMAGE_CROSSCHECKED_NOT_DOUBLE_KEYED
NASA_CR_3608,"F-18 Body, Wing, LEX, Vertical",0,0,94,A31,60,0.10,,0.076,1.73,0.193,0.018,-0.0023,0.0059,PAGE_IMAGE_CROSSCHECKED_NOT_DOUBLE_KEYED
NASA_CR_3608,"F-18 Body, Wing, LEX, Vertical",0,0,94,A31,60,0.20,,0.069,1.71,0.168,-0.101,-0.0093,-0.0801,PAGE_IMAGE_CROSSCHECKED_NOT_DOUBLE_KEYED
NASA_CR_3608,"F-18 Body, Wing, LEX, Vertical",0,0,94,A31,60,0.30,,0.067,1.79,0.140,-0.106,-0.0095,-0.1066,PAGE_IMAGE_CROSSCHECKED_NOT_DOUBLE_KEYED
NASA_CR_3608,"F-18 Body, Wing, LEX, Vertical",0,0,94,A31,60,0.40,,0.050,1.95,0.143,-0.151,-0.0156,-0.1481,PAGE_IMAGE_CROSSCHECKED_NOT_DOUBLE_KEYED
NASA_CR_3608,"F-18 Body, Wing, LEX, Vertical",0,0,94,A31,65,-0.40,,0.048,2.05,0.143,0.160,0.0059,0.1442,PAGE_IMAGE_CROSSCHECKED_NOT_DOUBLE_KEYED
NASA_CR_3608,"F-18 Body, Wing, LEX, Vertical",0,0,94,A31,65,-0.30,,0.055,1.87,0.122,0.118,0.0045,0.1073,PAGE_IMAGE_CROSSCHECKED_NOT_DOUBLE_KEYED
NASA_CR_3608,"F-18 Body, Wing, LEX, Vertical",0,0,94,A31,65,-0.20,,0.054,1.75,0.107,0.098,0.0036,0.0819,PAGE_IMAGE_CROSSCHECKED_NOT_DOUBLE_KEYED
NASA_CR_3608,"F-18 Body, Wing, LEX, Vertical",0,0,94,A31,65,-0.10,,0.055,1.70,0.108,0.067,0.0026,0.0605,PAGE_IMAGE_CROSSCHECKED_NOT_DOUBLE_KEYED
NASA_CR_3608,"F-18 Body, Wing, LEX, Vertical",0,0,94,A31,65,-0.05,,0.057,1.68,0.116,0.044,0.0015,0.0469,PAGE_IMAGE_CROSSCHECKED_NOT_DOUBLE_KEYED
NASA_CR_3608,"F-18 Body, Wing, LEX, Vertical",0,0,94,A31,65,0.00,1,0.068,1.63,0.123,0.018,0.0012,0.0300,PAGE_IMAGE_CROSSCHECKED_NOT_DOUBLE_KEYED
NASA_CR_3608,"F-18 Body, Wing, LEX, Vertical",0,0,94,A31,65,0.00,2,0.070,1.62,0.123,0.011,0.0036,0.0317,PAGE_IMAGE_CROSSCHECKED_NOT_DOUBLE_KEYED
NASA_CR_3608,"F-18 Body, Wing, LEX, Vertical",0,0,94,A31,65,0.05,,0.057,1.75,0.137,0.038,0.0019,0.0202,PAGE_IMAGE_CROSSCHECKED_NOT_DOUBLE_KEYED
NASA_CR_3608,"F-18 Body, Wing, LEX, Vertical",0,0,94,A31,65,0.10,,0.058,1.75,0.150,0.012,0.0010,0.0037,PAGE_IMAGE_CROSSCHECKED_NOT_DOUBLE_KEYED
NASA_CR_3608,"F-18 Body, Wing, LEX, Vertical",0,0,94,A31,65,0.20,,0.060,1.78,0.148,-0.041,-0.0028,-0.0461,PAGE_IMAGE_CROSSCHECKED_NOT_DOUBLE_KEYED
NASA_CR_3608,"F-18 Body, Wing, LEX, Vertical",0,0,94,A31,65,0.30,,0.063,1.85,0.147,-0.080,-0.0041,-0.0898,PAGE_IMAGE_CROSSCHECKED_NOT_DOUBLE_KEYED
NASA_CR_3608,"F-18 Body, Wing, LEX, Vertical",0,0,94,A31,65,0.40,,0.059,1.99,0.168,-0.124,-0.0062,-0.1349,PAGE_IMAGE_CROSSCHECKED_NOT_DOUBLE_KEYED
NASA_CR_3608,"F-18 Body, Wing, LEX, Vertical",0,0,94,A31,70,-0.40,,0.061,2.09,0.058,0.093,0.0045,0.1159,PAGE_IMAGE_CROSSCHECKED_NOT_DOUBLE_KEYED
NASA_CR_3608,"F-18 Body, Wing, LEX, Vertical",0,0,94,A31,70,-0.30,,0.059,1.97,0.071,0.085,-0.0008,0.0920,PAGE_IMAGE_CROSSCHECKED_NOT_DOUBLE_KEYED
NASA_CR_3608,"F-18 Body, Wing, LEX, Vertical",0,0,94,A31,70,-0.20,,0.053,1.86,0.080,0.091,0.0006,0.0669,PAGE_IMAGE_CROSSCHECKED_NOT_DOUBLE_KEYED
NASA_CR_3608,"F-18 Body, Wing, LEX, Vertical",0,0,94,A31,70,-0.10,,0.053,1.81,0.089,0.066,-0.0036,0.0398,PAGE_IMAGE_CROSSCHECKED_NOT_DOUBLE_KEYED
NASA_CR_3608,"F-18 Body, Wing, LEX, Vertical",0,0,94,A31,70,-0.05,,0.053,1.79,0.095,0.038,-0.0026,0.0223,PAGE_IMAGE_CROSSCHECKED_NOT_DOUBLE_KEYED
NASA_CR_3608,"F-18 Body, Wing, LEX, Vertical",0,0,94,A31,70,0.00,1,0.068,1.64,0.093,-0.025,0.0013,0.0067,PAGE_IMAGE_CROSSCHECKED_NOT_DOUBLE_KEYED
NASA_CR_3608,"F-18 Body, Wing, LEX, Vertical",0,0,94,A31,70,0.00,2,0.065,1.65,0.091,-0.018,0.0032,0.0058,PAGE_IMAGE_CROSSCHECKED_NOT_DOUBLE_KEYED
NASA_CR_3608,"F-18 Body, Wing, LEX, Vertical",0,0,94,A31,70,0.05,,0.064,1.76,0.104,-0.011,0.0037,-0.0051,PAGE_IMAGE_CROSSCHECKED_NOT_DOUBLE_KEYED
NASA_CR_3608,"F-18 Body, Wing, LEX, Vertical",0,0,94,A31,70,0.10,,0.066,1.76,0.098,-0.023,0.0035,-0.0219,PAGE_IMAGE_CROSSCHECKED_NOT_DOUBLE_KEYED
NASA_CR_3608,"F-18 Body, Wing, LEX, Vertical",0,0,94,A31,70,0.20,,0.065,1.83,0.087,-0.058,0.0033,-0.0535,PAGE_IMAGE_CROSSCHECKED_NOT_DOUBLE_KEYED
NASA_CR_3608,"F-18 Body, Wing, LEX, Vertical",0,0,94,A31,70,0.30,,0.065,1.91,0.082,-0.051,0.0008,-0.0819,PAGE_IMAGE_CROSSCHECKED_NOT_DOUBLE_KEYED
NASA_CR_3608,"F-18 Body, Wing, LEX, Vertical",0,0,94,A31,70,0.40,,0.054,2.06,0.099,-0.091,-0.0010,-0.1215,PAGE_IMAGE_CROSSCHECKED_NOT_DOUBLE_KEYED
NASA_CR_3608,"F-18 Body, Wing, LEX, Vertical",0,0,94,A31,75,-0.40,,0.066,2.06,0.012,0.057,-0.0039,0.1156,PAGE_IMAGE_CROSSCHECKED_NOT_DOUBLE_KEYED
NASA_CR_3608,"F-18 Body, Wing, LEX, Vertical",0,0,94,A31,75,-0.30,,0.073,1.97,0.007,0.055,-0.0070,0.0807,PAGE_IMAGE_CROSSCHECKED_NOT_DOUBLE_KEYED
NASA_CR_3608,"F-18 Body, Wing, LEX, Vertical",0,0,94,A31,75,-0.20,,0.070,1.85,0.011,0.052,-0.0080,0.0524,PAGE_IMAGE_CROSSCHECKED_NOT_DOUBLE_KEYED
NASA_CR_3608,"F-18 Body, Wing, LEX, Vertical",0,0,94,A31,75,-0.10,,0.063,1.79,0.038,0.046,-0.0050,0.0272,PAGE_IMAGE_CROSSCHECKED_NOT_DOUBLE_KEYED
NASA_CR_3608,"F-18 Body, Wing, LEX, Vertical",0,0,94,A31,75,-0.05,,0.066,1.77,0.034,0.029,-0.0020,0.0135,PAGE_IMAGE_CROSSCHECKED_NOT_DOUBLE_KEYED
NASA_CR_3608,"F-18 Body, Wing, LEX, Vertical",0,0,94,A31,75,0.00,1,0.079,1.67,0.021,-0.018,0.0010,0.0016,PAGE_IMAGE_CROSSCHECKED_NOT_DOUBLE_KEYED
NASA_CR_3608,"F-18 Body, Wing, LEX, Vertical",0,0,94,A31,75,0.00,2,0.080,1.72,0.026,-0.013,0.0052,0.0017,PAGE_IMAGE_CROSSCHECKED_NOT_DOUBLE_KEYED
NASA_CR_3608,"F-18 Body, Wing, LEX, Vertical",0,0,94,A31,75,0.05,,0.069,1.83,0.035,0.008,0.0038,-0.0073,PAGE_IMAGE_CROSSCHECKED_NOT_DOUBLE_KEYED
NASA_CR_3608,"F-18 Body, Wing, LEX, Vertical",0,0,94,A31,75,0.10,,0.069,1.83,0.029,-0.004,0.0053,-0.0216,PAGE_IMAGE_CROSSCHECKED_NOT_DOUBLE_KEYED
NASA_CR_3608,"F-18 Body, Wing, LEX, Vertical",0,0,94,A31,75,0.20,,0.074,1.92,0.009,-0.021,0.0087,-0.0420,PAGE_IMAGE_CROSSCHECKED_NOT_DOUBLE_KEYED
NASA_CR_3608,"F-18 Body, Wing, LEX, Vertical",0,0,94,A31,75,0.30,,0.070,2.04,0.015,-0.023,0.0066,-0.0761,PAGE_IMAGE_CROSSCHECKED_NOT_DOUBLE_KEYED
NASA_CR_3608,"F-18 Body, Wing, LEX, Vertical",0,0,94,A31,75,0.40,,0.063,2.10,0.037,-0.055,0.0070,-0.1151,PAGE_IMAGE_CROSSCHECKED_NOT_DOUBLE_KEYED
NASA_CR_3608,"F-18 Body, Wing, LEX, Vertical",0,0,95,A32,80,-0.40,,0.062,2.09,-0.038,0.041,-0.0127,0.1128,PAGE_IMAGE_CROSSCHECKED_NOT_DOUBLE_KEYED
NASA_CR_3608,"F-18 Body, Wing, LEX, Vertical",0,0,95,A32,80,-0.30,,0.067,1.97,-0.033,0.049,-0.0115,0.0768,PAGE_IMAGE_CROSSCHECKED_NOT_DOUBLE_KEYED
NASA_CR_3608,"F-18 Body, Wing, LEX, Vertical",0,0,95,A32,80,-0.20,,0.066,1.85,-0.034,0.052,-0.0130,0.0453,PAGE_IMAGE_CROSSCHECKED_NOT_DOUBLE_KEYED
NASA_CR_3608,"F-18 Body, Wing, LEX, Vertical",0,0,95,A32,80,-0.10,,0.062,1.75,-0.025,0.034,-0.0035,0.0270,PAGE_IMAGE_CROSSCHECKED_NOT_DOUBLE_KEYED
NASA_CR_3608,"F-18 Body, Wing, LEX, Vertical",0,0,95,A32,80,-0.05,,0.062,1.74,-0.022,0.023,-0.0020,0.0141,PAGE_IMAGE_CROSSCHECKED_NOT_DOUBLE_KEYED
NASA_CR_3608,"F-18 Body, Wing, LEX, Vertical",0,0,95,A32,80,0.00,1,0.072,1.69,-0.029,-0.010,0.0020,0.0011,PAGE_IMAGE_CROSSCHECKED_NOT_DOUBLE_KEYED
NASA_CR_3608,"F-18 Body, Wing, LEX, Vertical",0,0,95,A32,80,0.00,2,0.072,1.68,-0.033,-0.004,0.0029,0.0004,PAGE_IMAGE_CROSSCHECKED_NOT_DOUBLE_KEYED
NASA_CR_3608,"F-18 Body, Wing, LEX, Vertical",0,0,95,A32,80,0.05,,0.055,1.82,-0.022,0.014,0.0028,-0.0085,PAGE_IMAGE_CROSSCHECKED_NOT_DOUBLE_KEYED
NASA_CR_3608,"F-18 Body, Wing, LEX, Vertical",0,0,95,A32,80,0.10,,0.059,1.78,-0.025,-0.016,0.0057,-0.0213,PAGE_IMAGE_CROSSCHECKED_NOT_DOUBLE_KEYED
NASA_CR_3608,"F-18 Body, Wing, LEX, Vertical",0,0,95,A32,80,0.20,,0.063,1.88,-0.031,-0.028,0.0119,-0.0422,PAGE_IMAGE_CROSSCHECKED_NOT_DOUBLE_KEYED
NASA_CR_3608,"F-18 Body, Wing, LEX, Vertical",0,0,95,A32,80,0.30,,0.062,1.99,-0.018,-0.030,0.0123,-0.0737,PAGE_IMAGE_CROSSCHECKED_NOT_DOUBLE_KEYED
NASA_CR_3608,"F-18 Body, Wing, LEX, Vertical",0,0,95,A32,80,0.40,,0.059,2.08,-0.016,-0.039,0.0132,-0.1117,PAGE_IMAGE_CROSSCHECKED_NOT_DOUBLE_KEYED
NASA_CR_3608,"F-18 Body, Wing, LEX, Vertical",0,0,95,A32,85,-0.40,,0.030,2.18,-0.076,0.049,-0.0198,0.1130,PAGE_IMAGE_CROSSCHECKED_NOT_DOUBLE_KEYED
NASA_CR_3608,"F-18 Body, Wing, LEX, Vertical",0,0,95,A32,85,-0.30,,0.027,2.07,-0.082,0.061,-0.0154,0.0775,PAGE_IMAGE_CROSSCHECKED_NOT_DOUBLE_KEYED
NASA_CR_3608,"F-18 Body, Wing, LEX, Vertical",0,0,95,A32,85,-0.20,,0.033,1.99,-0.089,0.069,-0.0125,0.0472,PAGE_IMAGE_CROSSCHECKED_NOT_DOUBLE_KEYED
NASA_CR_3608,"F-18 Body, Wing, LEX, Vertical",0,0,95,A32,85,-0.10,,0.036,1.91,-0.082,0.061,-0.0041,0.0285,PAGE_IMAGE_CROSSCHECKED_NOT_DOUBLE_KEYED
NASA_CR_3608,"F-18 Body, Wing, LEX, Vertical",0,0,95,A32,85,-0.05,,0.039,1.88,-0.079,0.045,0.0000,0.0168,PAGE_IMAGE_CROSSCHECKED_NOT_DOUBLE_KEYED
NASA_CR_3608,"F-18 Body, Wing, LEX, Vertical",0,0,95,A32,85,0.00,1,0.038,1.80,-0.101,0.011,0.0019,0.0022,PAGE_IMAGE_CROSSCHECKED_NOT_DOUBLE_KEYED
NASA_CR_3608,"F-18 Body, Wing, LEX, Vertical",0,0,95,A32,85,0.00,2,0.036,1.74,-0.095,-0.007,0.0041,0.0023,PAGE_IMAGE_CROSSCHECKED_NOT_DOUBLE_KEYED
NASA_CR_3608,"F-18 Body, Wing, LEX, Vertical",0,0,95,A32,85,0.05,,0.037,1.86,-0.081,0.016,0.0039,-0.0099,PAGE_IMAGE_CROSSCHECKED_NOT_DOUBLE_KEYED
NASA_CR_3608,"F-18 Body, Wing, LEX, Vertical",0,0,95,A32,85,0.10,,0.037,1.85,-0.084,0.000,0.0058,-0.0239,PAGE_IMAGE_CROSSCHECKED_NOT_DOUBLE_KEYED
NASA_CR_3608,"F-18 Body, Wing, LEX, Vertical",0,0,95,A32,85,0.20,,0.035,1.94,-0.085,-0.013,0.0144,-0.0429,PAGE_IMAGE_CROSSCHECKED_NOT_DOUBLE_KEYED
NASA_CR_3608,"F-18 Body, Wing, LEX, Vertical",0,0,95,A32,85,0.30,,0.029,2.05,-0.078,-0.023,0.0190,-0.0723,PAGE_IMAGE_CROSSCHECKED_NOT_DOUBLE_KEYED
NASA_CR_3608,"F-18 Body, Wing, LEX, Vertical",0,0,95,A32,85,0.40,,0.030,2.12,-0.066,0.005,0.0188,-0.1086,PAGE_IMAGE_CROSSCHECKED_NOT_DOUBLE_KEYED
NASA_CR_3608,"F-18 Body, Wing, LEX, Vertical",0,0,95,A32,90,-0.40,,0.024,2.18,-0.128,0.031,-0.0241,0.1115,PAGE_IMAGE_CROSSCHECKED_NOT_DOUBLE_KEYED
NASA_CR_3608,"F-18 Body, Wing, LEX, Vertical",0,0,95,A32,90,-0.30,,0.017,2.06,-0.137,0.042,-0.0190,0.0755,PAGE_IMAGE_CROSSCHECKED_NOT_DOUBLE_KEYED
NASA_CR_3608,"F-18 Body, Wing, LEX, Vertical",0,0,95,A32,90,-0.20,,0.035,1.95,-0.148,0.057,-0.0123,0.0474,PAGE_IMAGE_CROSSCHECKED_NOT_DOUBLE_KEYED
NASA_CR_3608,"F-18 Body, Wing, LEX, Vertical",0,0,95,A32,90,-0.10,,0.044,1.87,-0.135,0.052,-0.0035,0.0290,PAGE_IMAGE_CROSSCHECKED_NOT_DOUBLE_KEYED
NASA_CR_3608,"F-18 Body, Wing, LEX, Vertical",0,0,95,A32,90,-0.05,,0.049,1.86,-0.139,0.044,0.0001,0.0166,PAGE_IMAGE_CROSSCHECKED_NOT_DOUBLE_KEYED
NASA_CR_3608,"F-18 Body, Wing, LEX, Vertical",0,0,95,A32,90,0.00,1,0.040,1.79,-0.157,-0.004,0.0021,0.0022,PAGE_IMAGE_CROSSCHECKED_NOT_DOUBLE_KEYED
NASA_CR_3608,"F-18 Body, Wing, LEX, Vertical",0,0,95,A32,90,0.00,2,0.037,1.78,-0.148,0.010,0.0019,-0.0019,PAGE_IMAGE_CROSSCHECKED_NOT_DOUBLE_KEYED
NASA_CR_3608,"F-18 Body, Wing, LEX, Vertical",0,0,95,A32,90,0.05,,0.036,1.89,-0.137,0.038,0.0033,-0.0123,PAGE_IMAGE_CROSSCHECKED_NOT_DOUBLE_KEYED
NASA_CR_3608,"F-18 Body, Wing, LEX, Vertical",0,0,95,A32,90,0.10,,0.035,1.88,-0.135,0.030,0.0057,-0.0261,PAGE_IMAGE_CROSSCHECKED_NOT_DOUBLE_KEYED
NASA_CR_3608,"F-18 Body, Wing, LEX, Vertical",0,0,95,A32,90,0.20,,0.027,1.98,-0.137,0.017,0.0152,-0.0427,PAGE_IMAGE_CROSSCHECKED_NOT_DOUBLE_KEYED
NASA_CR_3608,"F-18 Body, Wing, LEX, Vertical",0,0,95,A32,90,0.30,,0.010,2.08,-0.129,0.021,0.0214,-0.0709,PAGE_IMAGE_CROSSCHECKED_NOT_DOUBLE_KEYED
NASA_CR_3608,"F-18 Body, Wing, LEX, Vertical",0,0,95,A32,90,0.40,,0.018,2.15,-0.122,0.064,0.0245,-0.1084,PAGE_IMAGE_CROSSCHECKED_NOT_DOUBLE_KEYED
