source_id,configuration,beta_deg,source_pdf_page_primary,appendix_page_primary,source_pdf_page_duplicate,appendix_page_duplicate,alpha_deg,omega_b_over_2V,zero_replicate,CA,CN,Cm,CY,Cl,Cn,qa_status
NASA_CR_3608,F-18 Body,10,70,A7,,,0,-0.40,,0.042,-0.12,0.013,-0.041,-0.0008,-0.0172,PAGE_IMAGE_CROSSCHECKED_SINGLE_APPENDIX_OCCURRENCE
NASA_CR_3608,F-18 Body,10,70,A7,,,0,-0.30,,0.040,-0.11,0.011,-0.035,-0.0006,-0.0171,PAGE_IMAGE_CROSSCHECKED_SINGLE_APPENDIX_OCCURRENCE
NASA_CR_3608,F-18 Body,10,70,A7,,,0,-0.20,,0.040,-0.11,0.010,-0.035,-0.0003,-0.0174,PAGE_IMAGE_CROSSCHECKED_SINGLE_APPENDIX_OCCURRENCE
NASA_CR_3608,F-18 Body,10,70,A7,,,0,-0.10,,0.038,-0.09,0.013,-0.030,-0.0001,-0.0177,PAGE_IMAGE_CROSSCHECKED_SINGLE_APPENDIX_OCCURRENCE
NASA_CR_3608,F-18 Body,10,70,A7,,,0,0.00,1,0.035,-0.07,0.013,-0.027,-0.0008,-0.0185,PAGE_IMAGE_CROSSCHECKED_SINGLE_APPENDIX_OCCURRENCE
NASA_CR_3608,F-18 Body,10,70,A7,,,0,0.00,2,0.036,-0.08,0.012,-0.030,-0.0006,-0.0184,PAGE_IMAGE_CROSSCHECKED_SINGLE_APPENDIX_OCCURRENCE
NASA_CR_3608,F-18 Body,10,70,A7,,,0,0.10,,0.033,-0.04,0.020,-0.021,-0.0012,-0.0189,PAGE_IMAGE_CROSSCHECKED_SINGLE_APPENDIX_OCCURRENCE
NASA_CR_3608,F-18 Body,10,70,A7,,,0,0.20,,0.035,-0.05,0.018,-0.031,-0.0015,-0.0203,PAGE_IMAGE_CROSSCHECKED_SINGLE_APPENDIX_OCCURRENCE
NASA_CR_3608,F-18 Body,10,70,A7,,,0,0.30,,0.037,-0.05,0.017,-0.046,-0.0019,-0.0225,PAGE_IMAGE_CROSSCHECKED_SINGLE_APPENDIX_OCCURRENCE
NASA_CR_3608,F-18 Body,10,70,A7,,,0,0.40,,0.038,-0.04,0.021,-0.057,-0.0023,-0.0255,PAGE_IMAGE_CROSSCHECKED_SINGLE_APPENDIX_OCCURRENCE
NASA_CR_3608,F-18 Body,10,70,A7,,,5,-0.40,,0.029,-0.08,0.018,-0.035,0.0005,-0.0149,PAGE_IMAGE_CROSSCHECKED_SINGLE_APPENDIX_OCCURRENCE
NASA_CR_3608,F-18 Body,10,70,A7,,,5,-0.30,,0.030,-0.08,0.015,-0.029,0.0004,-0.0155,PAGE_IMAGE_CROSSCHECKED_SINGLE_APPENDIX_OCCURRENCE
NASA_CR_3608,F-18 Body,10,70,A7,,,5,-0.20,,0.029,-0.08,0.018,-0.031,0.0002,-0.0162,PAGE_IMAGE_CROSSCHECKED_SINGLE_APPENDIX_OCCURRENCE
NASA_CR_3608,F-18 Body,10,70,A7,,,5,-0.10,,0.025,-0.06,0.025,-0.030,-0.0003,-0.0168,PAGE_IMAGE_CROSSCHECKED_SINGLE_APPENDIX_OCCURRENCE
NASA_CR_3608,F-18 Body,10,70,A7,,,5,0.00,1,0.024,-0.04,0.023,-0.028,-0.0009,-0.0182,PAGE_IMAGE_CROSSCHECKED_SINGLE_APPENDIX_OCCURRENCE
NASA_CR_3608,F-18 Body,10,70,A7,,,5,0.00,2,0.026,-0.05,0.022,-0.032,-0.0007,-0.0185,PAGE_IMAGE_CROSSCHECKED_SINGLE_APPENDIX_OCCURRENCE
NASA_CR_3608,F-18 Body,10,70,A7,,,5,0.10,,0.023,-0.03,0.030,-0.033,-0.0013,-0.0196,PAGE_IMAGE_CROSSCHECKED_SINGLE_APPENDIX_OCCURRENCE
NASA_CR_3608,F-18 Body,10,70,A7,,,5,0.20,,0.026,-0.04,0.026,-0.047,-0.0016,-0.0217,PAGE_IMAGE_CROSSCHECKED_SINGLE_APPENDIX_OCCURRENCE
NASA_CR_3608,F-18 Body,10,70,A7,,,5,0.30,,0.027,-0.04,0.027,-0.062,-0.0020,-0.0241,PAGE_IMAGE_CROSSCHECKED_SINGLE_APPENDIX_OCCURRENCE
NASA_CR_3608,F-18 Body,10,70,A7,,,5,0.40,,0.027,-0.02,0.032,-0.079,-0.0028,-0.0274,PAGE_IMAGE_CROSSCHECKED_SINGLE_APPENDIX_OCCURRENCE
NASA_CR_3608,F-18 Body,10,70,A7,,,10,-0.40,,0.036,-0.02,0.030,-0.037,0.0001,-0.0124,PAGE_IMAGE_CROSSCHECKED_SINGLE_APPENDIX_OCCURRENCE
NASA_CR_3608,F-18 Body,10,70,A7,,,10,-0.30,,0.033,-0.04,0.028,-0.046,0.0001,-0.0141,PAGE_IMAGE_CROSSCHECKED_SINGLE_APPENDIX_OCCURRENCE
NASA_CR_3608,F-18 Body,10,70,A7,,,10,-0.20,,0.031,-0.03,0.031,-0.041,0.0001,-0.0153,PAGE_IMAGE_CROSSCHECKED_SINGLE_APPENDIX_OCCURRENCE
NASA_CR_3608,F-18 Body,10,70,A7,,,10,-0.10,,0.026,-0.01,0.039,-0.041,0.0004,-0.0165,PAGE_IMAGE_CROSSCHECKED_SINGLE_APPENDIX_OCCURRENCE
NASA_CR_3608,F-18 Body,10,70,A7,,,10,0.00,1,0.026,-0.01,0.039,-0.060,0.0009,-0.0188,PAGE_IMAGE_CROSSCHECKED_SINGLE_APPENDIX_OCCURRENCE
NASA_CR_3608,F-18 Body,10,70,A7,,,10,0.00,2,0.027,-0.01,0.039,-0.061,0.0009,-0.0189,PAGE_IMAGE_CROSSCHECKED_SINGLE_APPENDIX_OCCURRENCE
NASA_CR_3608,F-18 Body,10,70,A7,,,10,0.10,,0.022,0.02,0.051,-0.065,0.0017,-0.0203,PAGE_IMAGE_CROSSCHECKED_SINGLE_APPENDIX_OCCURRENCE
NASA_CR_3608,F-18 Body,10,70,A7,,,10,0.20,,0.025,0.01,0.050,-0.088,0.0022,-0.0228,PAGE_IMAGE_CROSSCHECKED_SINGLE_APPENDIX_OCCURRENCE
NASA_CR_3608,F-18 Body,10,70,A7,,,10,0.30,,0.026,0.01,0.050,-0.102,0.0028,-0.0267,PAGE_IMAGE_CROSSCHECKED_SINGLE_APPENDIX_OCCURRENCE
NASA_CR_3608,F-18 Body,10,70,A7,,,10,0.40,,0.024,0.02,0.050,-0.109,0.0038,-0.0332,PAGE_IMAGE_CROSSCHECKED_SINGLE_APPENDIX_OCCURRENCE
NASA_CR_3608,F-18 Body,10,70,A7,,,15,-0.40,,0.044,0.06,0.042,-0.044,-0.0014,-0.0114,PAGE_IMAGE_CROSSCHECKED_SINGLE_APPENDIX_OCCURRENCE
NASA_CR_3608,F-18 Body,10,70,A7,,,15,-0.30,,0.042,0.04,0.045,-0.058,-0.0012,-0.0128,PAGE_IMAGE_CROSSCHECKED_SINGLE_APPENDIX_OCCURRENCE
NASA_CR_3608,F-18 Body,10,70,A7,,,15,-0.20,,0.038,0.04,0.052,-0.078,-0.0012,-0.0139,PAGE_IMAGE_CROSSCHECKED_SINGLE_APPENDIX_OCCURRENCE
NASA_CR_3608,F-18 Body,10,70,A7,,,15,-0.10,,0.033,0.04,0.062,-0.088,-0.0014,-0.0147,PAGE_IMAGE_CROSSCHECKED_SINGLE_APPENDIX_OCCURRENCE
NASA_CR_3608,F-18 Body,10,70,A7,,,15,0.00,1,0.034,0.05,0.064,-0.103,-0.0018,-0.0163,PAGE_IMAGE_CROSSCHECKED_SINGLE_APPENDIX_OCCURRENCE
NASA_CR_3608,F-18 Body,10,70,A7,,,15,0.00,2,0.035,0.05,0.062,-0.104,-0.0017,-0.0166,PAGE_IMAGE_CROSSCHECKED_SINGLE_APPENDIX_OCCURRENCE
NASA_CR_3608,F-18 Body,10,70,A7,,,15,0.10,,0.029,0.09,0.078,-0.113,-0.0023,-0.0181,PAGE_IMAGE_CROSSCHECKED_SINGLE_APPENDIX_OCCURRENCE
NASA_CR_3608,F-18 Body,10,70,A7,,,15,0.20,,0.033,0.08,0.078,-0.145,-0.0030,-0.0228,PAGE_IMAGE_CROSSCHECKED_SINGLE_APPENDIX_OCCURRENCE
NASA_CR_3608,F-18 Body,10,70,A7,,,15,0.30,,0.032,0.09,0.073,-0.157,-0.0039,-0.0319,PAGE_IMAGE_CROSSCHECKED_SINGLE_APPENDIX_OCCURRENCE
NASA_CR_3608,F-18 Body,10,70,A7,,,15,0.40,,0.029,0.09,0.070,-0.152,-0.0053,-0.0444,PAGE_IMAGE_CROSSCHECKED_SINGLE_APPENDIX_OCCURRENCE
NASA_CR_3608,F-18 Body,10,70,A7,,,20,-0.40,,0.041,0.14,0.016,-0.005,-0.0017,-0.0094,PAGE_IMAGE_CROSSCHECKED_SINGLE_APPENDIX_OCCURRENCE
NASA_CR_3608,F-18 Body,10,70,A7,,,20,-0.30,,0.036,0.12,0.023,-0.043,-0.0015,-0.0122,PAGE_IMAGE_CROSSCHECKED_SINGLE_APPENDIX_OCCURRENCE
NASA_CR_3608,F-18 Body,10,70,A7,,,20,-0.20,,0.032,0.11,0.031,-0.075,-0.0014,-0.0137,PAGE_IMAGE_CROSSCHECKED_SINGLE_APPENDIX_OCCURRENCE
NASA_CR_3608,F-18 Body,10,70,A7,,,20,-0.10,,0.026,0.12,0.047,-0.105,-0.0015,-0.0142,PAGE_IMAGE_CROSSCHECKED_SINGLE_APPENDIX_OCCURRENCE
NASA_CR_3608,F-18 Body,10,70,A7,,,20,0.00,1,0.029,0.10,0.049,-0.133,-0.0018,-0.0164,PAGE_IMAGE_CROSSCHECKED_SINGLE_APPENDIX_OCCURRENCE
NASA_CR_3608,F-18 Body,10,70,A7,,,20,0.00,2,0.030,0.10,0.048,-0.134,-0.0017,-0.0163,PAGE_IMAGE_CROSSCHECKED_SINGLE_APPENDIX_OCCURRENCE
NASA_CR_3608,F-18 Body,10,70,A7,,,20,0.10,,0.023,0.13,0.061,-0.151,-0.0023,-0.0190,PAGE_IMAGE_CROSSCHECKED_SINGLE_APPENDIX_OCCURRENCE
NASA_CR_3608,F-18 Body,10,70,A7,,,20,0.20,,0.026,0.13,0.059,-0.176,-0.0025,-0.0242,PAGE_IMAGE_CROSSCHECKED_SINGLE_APPENDIX_OCCURRENCE
NASA_CR_3608,F-18 Body,10,70,A7,,,20,0.30,,0.026,0.13,0.057,-0.191,-0.0034,-0.0343,PAGE_IMAGE_CROSSCHECKED_SINGLE_APPENDIX_OCCURRENCE
NASA_CR_3608,F-18 Body,10,70,A7,,,20,0.40,,0.023,0.14,0.055,-0.184,-0.0053,-0.0538,PAGE_IMAGE_CROSSCHECKED_SINGLE_APPENDIX_OCCURRENCE
NASA_CR_3608,F-18 Body,10,71,A8,,,25,-0.40,,0.037,0.25,0.029,0.009,-0.0026,-0.0023,PAGE_IMAGE_CROSSCHECKED_SINGLE_APPENDIX_OCCURRENCE
NASA_CR_3608,F-18 Body,10,71,A8,,,25,-0.30,,0.036,0.21,0.024,-0.030,-0.0025,-0.0104,PAGE_IMAGE_CROSSCHECKED_SINGLE_APPENDIX_OCCURRENCE
NASA_CR_3608,F-18 Body,10,71,A8,,,25,-0.20,,0.034,0.17,0.033,-0.093,-0.0021,-0.0123,PAGE_IMAGE_CROSSCHECKED_SINGLE_APPENDIX_OCCURRENCE
NASA_CR_3608,F-18 Body,10,71,A8,,,25,-0.10,,0.032,0.19,0.030,-0.072,-0.0025,-0.0208,PAGE_IMAGE_CROSSCHECKED_SINGLE_APPENDIX_OCCURRENCE
NASA_CR_3608,F-18 Body,10,71,A8,,,25,0.00,1,0.033,0.15,0.043,-0.164,-0.0024,-0.0218,PAGE_IMAGE_CROSSCHECKED_SINGLE_APPENDIX_OCCURRENCE
NASA_CR_3608,F-18 Body,10,71,A8,,,25,0.00,2,0.030,0.17,0.045,-0.155,-0.0027,-0.0215,PAGE_IMAGE_CROSSCHECKED_SINGLE_APPENDIX_OCCURRENCE
NASA_CR_3608,F-18 Body,10,71,A8,,,25,0.10,,0.025,0.19,0.054,-0.183,-0.0025,-0.0248,PAGE_IMAGE_CROSSCHECKED_SINGLE_APPENDIX_OCCURRENCE
NASA_CR_3608,F-18 Body,10,71,A8,,,25,0.20,,0.026,0.19,0.049,-0.182,-0.0030,-0.0371,PAGE_IMAGE_CROSSCHECKED_SINGLE_APPENDIX_OCCURRENCE
NASA_CR_3608,F-18 Body,10,71,A8,,,25,0.30,,0.025,0.20,0.049,-0.192,-0.0039,-0.0506,PAGE_IMAGE_CROSSCHECKED_SINGLE_APPENDIX_OCCURRENCE
NASA_CR_3608,F-18 Body,10,71,A8,,,25,0.40,,0.022,0.21,0.051,-0.217,-0.0053,-0.0665,PAGE_IMAGE_CROSSCHECKED_SINGLE_APPENDIX_OCCURRENCE
NASA_CR_3608,F-18 Body,10,71,A8,,,30,-0.40,,0.021,0.25,0.045,-0.037,0.0019,0.0123,PAGE_IMAGE_CROSSCHECKED_SINGLE_APPENDIX_OCCURRENCE
NASA_CR_3608,F-18 Body,10,71,A8,,,30,-0.30,,0.028,0.24,0.038,-0.064,0.0022,-0.0015,PAGE_IMAGE_CROSSCHECKED_SINGLE_APPENDIX_OCCURRENCE
NASA_CR_3608,F-18 Body,10,71,A8,,,30,-0.20,,0.030,0.23,0.039,-0.112,0.0025,-0.0129,PAGE_IMAGE_CROSSCHECKED_SINGLE_APPENDIX_OCCURRENCE
NASA_CR_3608,F-18 Body,10,71,A8,,,30,-0.10,,0.033,0.26,0.036,-0.060,0.0027,-0.0226,PAGE_IMAGE_CROSSCHECKED_SINGLE_APPENDIX_OCCURRENCE
NASA_CR_3608,F-18 Body,10,71,A8,,,30,0.00,1,0.032,0.28,0.022,-0.062,0.0038,-0.0380,PAGE_IMAGE_CROSSCHECKED_SINGLE_APPENDIX_OCCURRENCE
NASA_CR_3608,F-18 Body,10,71,A8,,,30,0.00,2,0.030,0.28,0.023,-0.062,0.0039,-0.0373,PAGE_IMAGE_CROSSCHECKED_SINGLE_APPENDIX_OCCURRENCE
NASA_CR_3608,F-18 Body,10,71,A8,,,30,0.10,,0.021,0.27,0.051,-0.175,0.0039,-0.0427,PAGE_IMAGE_CROSSCHECKED_SINGLE_APPENDIX_OCCURRENCE
NASA_CR_3608,F-18 Body,10,71,A8,,,30,0.20,,0.021,0.26,0.044,-0.188,0.0039,-0.0533,PAGE_IMAGE_CROSSCHECKED_SINGLE_APPENDIX_OCCURRENCE
NASA_CR_3608,F-18 Body,10,71,A8,,,30,0.30,,0.017,0.26,0.031,-0.197,0.0064,-0.0800,PAGE_IMAGE_CROSSCHECKED_SINGLE_APPENDIX_OCCURRENCE
NASA_CR_3608,F-18 Body,10,71,A8,,,35,-0.40,,0.029,0.37,0.059,0.039,-0.0026,0.0288,PAGE_IMAGE_CROSSCHECKED_SINGLE_APPENDIX_OCCURRENCE
NASA_CR_3608,F-18 Body,10,71,A8,,,35,-0.30,,0.027,0.33,0.070,-0.060,-0.0021,0.0135,PAGE_IMAGE_CROSSCHECKED_SINGLE_APPENDIX_OCCURRENCE
NASA_CR_3608,F-18 Body,10,71,A8,,,35,-0.20,,0.025,0.32,0.062,-0.117,-0.0030,-0.0062,PAGE_IMAGE_CROSSCHECKED_SINGLE_APPENDIX_OCCURRENCE
NASA_CR_3608,F-18 Body,10,71,A8,,,35,-0.10,,0.024,0.33,0.056,-0.069,-0.0024,-0.0217,PAGE_IMAGE_CROSSCHECKED_SINGLE_APPENDIX_OCCURRENCE
NASA_CR_3608,F-18 Body,10,71,A8,,,35,0.00,1,0.037,0.34,0.056,-0.040,-0.0041,-0.0425,PAGE_IMAGE_CROSSCHECKED_SINGLE_APPENDIX_OCCURRENCE
NASA_CR_3608,F-18 Body,10,71,A8,,,35,0.00,2,0.036,0.35,0.059,-0.039,-0.0042,-0.0418,PAGE_IMAGE_CROSSCHECKED_SINGLE_APPENDIX_OCCURRENCE
NASA_CR_3608,F-18 Body,10,71,A8,,,35,0.10,,0.030,0.37,0.039,-0.066,-0.0060,-0.0679,PAGE_IMAGE_CROSSCHECKED_SINGLE_APPENDIX_OCCURRENCE
NASA_CR_3608,F-18 Body,10,71,A8,,,35,0.20,,0.027,0.34,0.032,-0.138,-0.0065,-0.0832,PAGE_IMAGE_CROSSCHECKED_SINGLE_APPENDIX_OCCURRENCE
NASA_CR_3608,F-18 Body,10,71,A8,,,35,0.30,,0.025,0.32,0.018,-0.207,-0.0089,-0.1088,PAGE_IMAGE_CROSSCHECKED_SINGLE_APPENDIX_OCCURRENCE
NASA_CR_3608,F-18 Body,10,71,A8,,,40,-0.40,,0.028,0.41,0.043,0.122,-0.0027,0.0475,PAGE_IMAGE_CROSSCHECKED_SINGLE_APPENDIX_OCCURRENCE
NASA_CR_3608,F-18 Body,10,71,A8,,,40,-0.30,,0.020,0.34,0.076,-0.039,-0.0015,0.0288,PAGE_IMAGE_CROSSCHECKED_SINGLE_APPENDIX_OCCURRENCE
NASA_CR_3608,F-18 Body,10,71,A8,,,40,-0.20,,0.022,0.34,0.058,-0.058,-0.0048,-0.0059,PAGE_IMAGE_CROSSCHECKED_SINGLE_APPENDIX_OCCURRENCE
NASA_CR_3608,F-18 Body,10,71,A8,,,40,-0.10,,0.016,0.32,0.071,-0.112,-0.0014,-0.0140,PAGE_IMAGE_CROSSCHECKED_SINGLE_APPENDIX_OCCURRENCE
NASA_CR_3608,F-18 Body,10,71,A8,,,40,0.00,1,0.022,0.35,0.083,-0.086,-0.0028,-0.0388,PAGE_IMAGE_CROSSCHECKED_SINGLE_APPENDIX_OCCURRENCE
NASA_CR_3608,F-18 Body,10,71,A8,,,40,0.00,2,0.023,0.35,0.083,-0.089,-0.0027,-0.0388,PAGE_IMAGE_CROSSCHECKED_SINGLE_APPENDIX_OCCURRENCE
NASA_CR_3608,F-18 Body,10,71,A8,,,40,0.10,,0.021,0.33,0.079,-0.160,-0.0051,-0.0643,PAGE_IMAGE_CROSSCHECKED_SINGLE_APPENDIX_OCCURRENCE
NASA_CR_3608,F-18 Body,10,71,A8,,,40,0.20,,0.022,0.32,0.055,-0.203,-0.0074,-0.0935,PAGE_IMAGE_CROSSCHECKED_SINGLE_APPENDIX_OCCURRENCE
NASA_CR_3608,F-18 Body,10,71,A8,73,A10,45,-0.40,,0.024,0.47,0.045,0.208,-0.0017,0.0727,PAGE_IMAGE_CROSSCHECKED_DUPLICATE_APPENDIX_MATCH
NASA_CR_3608,F-18 Body,10,71,A8,73,A10,45,-0.30,,0.018,0.41,0.066,0.104,-0.0002,0.0500,PAGE_IMAGE_CROSSCHECKED_DUPLICATE_APPENDIX_MATCH
NASA_CR_3608,F-18 Body,10,71,A8,73,A10,45,-0.20,,0.024,0.45,0.039,0.027,-0.0071,-0.0033,PAGE_IMAGE_CROSSCHECKED_DUPLICATE_APPENDIX_MATCH
NASA_CR_3608,F-18 Body,10,71,A8,73,A10,45,-0.10,,0.014,0.38,0.080,-0.059,-0.0025,-0.0028,PAGE_IMAGE_CROSSCHECKED_DUPLICATE_APPENDIX_MATCH
NASA_CR_3608,F-18 Body,10,71,A8,73,A10,45,0.00,1,0.019,0.40,0.089,-0.138,-0.0024,-0.0375,PAGE_IMAGE_CROSSCHECKED_DUPLICATE_APPENDIX_MATCH
NASA_CR_3608,F-18 Body,10,71,A8,73,A10,45,0.00,2,0.017,0.40,0.088,-0.138,-0.0025,-0.0378,PAGE_IMAGE_CROSSCHECKED_DUPLICATE_APPENDIX_MATCH
NASA_CR_3608,F-18 Body,10,71,A8,73,A10,45,0.10,,0.017,0.39,0.075,-0.221,-0.0053,-0.0782,PAGE_IMAGE_CROSSCHECKED_DUPLICATE_APPENDIX_MATCH
NASA_CR_3608,F-18 Body,10,71,A8,73,A10,45,0.20,,0.023,0.36,0.050,-0.287,-0.0066,-0.1057,PAGE_IMAGE_CROSSCHECKED_DUPLICATE_APPENDIX_MATCH
NASA_CR_3608,F-18 Body,10,71,A8,73,A10,50,-0.40,,0.004,0.53,0.056,0.239,-0.0004,0.1019,PAGE_IMAGE_CROSSCHECKED_DUPLICATE_APPENDIX_MATCH
NASA_CR_3608,F-18 Body,10,71,A8,73,A10,50,-0.30,,0.004,0.49,0.081,0.137,0.0019,0.0807,PAGE_IMAGE_CROSSCHECKED_DUPLICATE_APPENDIX_MATCH
NASA_CR_3608,F-18 Body,10,71,A8,73,A10,50,-0.20,,0.006,0.46,0.082,0.029,-0.0022,0.0324,PAGE_IMAGE_CROSSCHECKED_DUPLICATE_APPENDIX_MATCH
NASA_CR_3608,F-18 Body,10,71,A8,73,A10,50,-0.10,,0.008,0.49,0.099,0.018,-0.0031,0.0083,PAGE_IMAGE_CROSSCHECKED_DUPLICATE_APPENDIX_MATCH
NASA_CR_3608,F-18 Body,10,71,A8,73,A10,50,0.00,1,0.015,0.46,0.103,-0.126,-0.0036,-0.0402,PAGE_IMAGE_CROSSCHECKED_DUPLICATE_APPENDIX_MATCH
NASA_CR_3608,F-18 Body,10,71,A8,73,A10,50,0.00,2,0.016,0.46,0.099,-0.125,-0.0033,-0.0379,PAGE_IMAGE_CROSSCHECKED_DUPLICATE_APPENDIX_MATCH
NASA_CR_3608,F-18 Body,10,71,A8,73,A10,50,0.10,,0.016,0.47,0.089,-0.229,-0.0067,-0.0928,PAGE_IMAGE_CROSSCHECKED_DUPLICATE_APPENDIX_MATCH
NASA_CR_3608,F-18 Body,10,71,A8,73,A10,50,0.20,,0.019,0.44,0.062,-0.305,-0.0082,-0.1305,PAGE_IMAGE_CROSSCHECKED_DUPLICATE_APPENDIX_MATCH
NASA_CR_3608,F-18 Body,10,72,A9,73,A10,55,-0.40,,-0.001,0.55,0.052,0.198,-0.0014,0.1035,PAGE_IMAGE_CROSSCHECKED_DUPLICATE_APPENDIX_MATCH
NASA_CR_3608,F-18 Body,10,72,A9,73,A10,55,-0.30,,0.000,0.49,0.068,0.163,0.0028,0.1039,PAGE_IMAGE_CROSSCHECKED_DUPLICATE_APPENDIX_MATCH
NASA_CR_3608,F-18 Body,10,72,A9,73,A10,55,-0.20,,0.002,0.48,0.078,0.073,0.0005,0.0595,PAGE_IMAGE_CROSSCHECKED_DUPLICATE_APPENDIX_MATCH
NASA_CR_3608,F-18 Body,10,72,A9,73,A10,55,-0.10,,0.000,0.50,0.105,0.056,0.0012,0.0454,PAGE_IMAGE_CROSSCHECKED_DUPLICATE_APPENDIX_MATCH
NASA_CR_3608,F-18 Body,10,72,A9,73,A10,55,0.00,1,0.007,0.51,0.128,-0.035,-0.0006,0.0012,PAGE_IMAGE_CROSSCHECKED_DUPLICATE_APPENDIX_MATCH
NASA_CR_3608,F-18 Body,10,72,A9,73,A10,55,0.00,2,0.007,0.50,0.127,-0.038,-0.0008,-0.0010,PAGE_IMAGE_CROSSCHECKED_DUPLICATE_APPENDIX_MATCH
NASA_CR_3608,F-18 Body,10,72,A9,73,A10,55,0.10,,0.006,0.50,0.092,-0.233,-0.0072,-0.0997,PAGE_IMAGE_CROSSCHECKED_DUPLICATE_APPENDIX_MATCH
NASA_CR_3608,F-18 Body,10,72,A9,73,A10,55,0.20,,0.008,0.49,0.069,-0.326,-0.0092,-0.1404,PAGE_IMAGE_CROSSCHECKED_DUPLICATE_APPENDIX_MATCH
NASA_CR_3608,F-18 Body,10,72,A9,73,A10,60,-0.40,,-0.013,0.59,0.092,0.132,-0.0020,0.0816,PAGE_IMAGE_CROSSCHECKED_DUPLICATE_APPENDIX_MATCH
NASA_CR_3608,F-18 Body,10,72,A9,73,A10,60,-0.30,,-0.005,0.53,0.044,0.138,0.0007,0.0927,PAGE_IMAGE_CROSSCHECKED_DUPLICATE_APPENDIX_MATCH
NASA_CR_3608,F-18 Body,10,72,A9,73,A10,60,-0.20,,-0.005,0.51,0.056,0.103,0.0003,0.0717,PAGE_IMAGE_CROSSCHECKED_DUPLICATE_APPENDIX_MATCH
NASA_CR_3608,F-18 Body,10,72,A9,73,A10,60,-0.10,,-0.008,0.53,0.104,0.075,-0.0009,0.0452,PAGE_IMAGE_CROSSCHECKED_DUPLICATE_APPENDIX_MATCH
NASA_CR_3608,F-18 Body,10,72,A9,73,A10,60,0.00,1,-0.001,0.55,0.145,0.046,0.0011,0.0335,PAGE_IMAGE_CROSSCHECKED_DUPLICATE_APPENDIX_MATCH
NASA_CR_3608,F-18 Body,10,72,A9,73,A10,60,0.00,2,-0.001,0.54,0.148,0.042,0.0011,0.0330,PAGE_IMAGE_CROSSCHECKED_DUPLICATE_APPENDIX_MATCH
NASA_CR_3608,F-18 Body,10,72,A9,73,A10,60,0.10,,0.001,0.54,0.093,-0.211,-0.0068,-0.1022,PAGE_IMAGE_CROSSCHECKED_DUPLICATE_APPENDIX_MATCH
NASA_CR_3608,F-18 Body,10,72,A9,73,A10,60,0.20,,0.000,0.53,0.079,-0.294,-0.0082,-0.1381,PAGE_IMAGE_CROSSCHECKED_DUPLICATE_APPENDIX_MATCH
NASA_CR_3608,F-18 Body,10,72,A9,74,A11,65,-0.40,,-0.017,0.61,0.099,0.088,-0.0029,0.0678,PAGE_IMAGE_CROSSCHECKED_DUPLICATE_APPENDIX_MATCH
NASA_CR_3608,F-18 Body,10,72,A9,74,A11,65,-0.30,,-0.013,0.56,0.075,0.044,-0.0032,0.0467,PAGE_IMAGE_CROSSCHECKED_DUPLICATE_APPENDIX_MATCH
NASA_CR_3608,F-18 Body,10,72,A9,74,A11,65,-0.20,,-0.010,0.52,0.050,0.033,-0.0030,0.0332,PAGE_IMAGE_CROSSCHECKED_DUPLICATE_APPENDIX_MATCH
NASA_CR_3608,F-18 Body,10,72,A9,74,A11,65,-0.10,,-0.009,0.53,0.072,-0.062,-0.0062,-0.0027,PAGE_IMAGE_CROSSCHECKED_DUPLICATE_APPENDIX_MATCH
NASA_CR_3608,F-18 Body,10,72,A9,74,A11,65,0.00,1,-0.006,0.53,0.099,-0.024,-0.0027,0.0023,PAGE_IMAGE_CROSSCHECKED_DUPLICATE_APPENDIX_MATCH
NASA_CR_3608,F-18 Body,10,72,A9,74,A11,65,0.00,2,-0.007,0.53,0.101,-0.027,-0.0027,0.0014,PAGE_IMAGE_CROSSCHECKED_DUPLICATE_APPENDIX_MATCH
NASA_CR_3608,F-18 Body,10,72,A9,74,A11,65,0.10,,0.001,0.54,0.080,-0.182,-0.0066,-0.0982,PAGE_IMAGE_CROSSCHECKED_DUPLICATE_APPENDIX_MATCH
NASA_CR_3608,F-18 Body,10,72,A9,74,A11,65,0.20,,-0.010,0.55,0.115,-0.221,-0.0066,-0.1047,PAGE_IMAGE_CROSSCHECKED_DUPLICATE_APPENDIX_MATCH
NASA_CR_3608,F-18 Body,10,72,A9,74,A11,70,-0.40,,-0.030,0.61,0.067,0.070,-0.0037,0.0617,PAGE_IMAGE_CROSSCHECKED_DUPLICATE_APPENDIX_MATCH
NASA_CR_3608,F-18 Body,10,72,A9,74,A11,70,-0.30,,-0.022,0.57,0.051,0.035,-0.0039,0.0433,PAGE_IMAGE_CROSSCHECKED_DUPLICATE_APPENDIX_MATCH
NASA_CR_3608,F-18 Body,10,72,A9,74,A11,70,-0.20,,-0.016,0.54,0.035,0.016,-0.0039,0.0261,PAGE_IMAGE_CROSSCHECKED_DUPLICATE_APPENDIX_MATCH
NASA_CR_3608,F-18 Body,10,72,A9,74,A11,70,-0.10,,-0.014,0.53,0.051,-0.052,-0.0059,-0.0075,PAGE_IMAGE_CROSSCHECKED_DUPLICATE_APPENDIX_MATCH
NASA_CR_3608,F-18 Body,10,72,A9,74,A11,70,0.00,1,-0.017,0.53,0.079,-0.141,-0.0071,-0.0441,PAGE_IMAGE_CROSSCHECKED_DUPLICATE_APPENDIX_MATCH
NASA_CR_3608,F-18 Body,10,72,A9,74,A11,70,0.00,2,-0.017,0.52,0.076,-0.127,-0.0070,-0.0422,PAGE_IMAGE_CROSSCHECKED_DUPLICATE_APPENDIX_MATCH
NASA_CR_3608,F-18 Body,10,72,A9,74,A11,70,0.10,,-0.007,0.57,0.100,-0.151,-0.0068,-0.0871,PAGE_IMAGE_CROSSCHECKED_DUPLICATE_APPENDIX_MATCH
NASA_CR_3608,F-18 Body,10,72,A9,74,A11,70,0.20,,-0.019,0.58,0.109,-0.207,-0.0073,-0.1036,PAGE_IMAGE_CROSSCHECKED_DUPLICATE_APPENDIX_MATCH
NASA_CR_3608,F-18 Body,10,72,A9,74,A11,75,-0.40,,-0.035,0.62,0.044,0.044,-0.0049,0.0407,PAGE_IMAGE_CROSSCHECKED_DUPLICATE_APPENDIX_MATCH
NASA_CR_3608,F-18 Body,10,72,A9,74,A11,75,-0.30,,-0.029,0.58,0.043,0.014,-0.0049,0.0235,PAGE_IMAGE_CROSSCHECKED_DUPLICATE_APPENDIX_MATCH
NASA_CR_3608,F-18 Body,10,72,A9,74,A11,75,-0.20,,-0.020,0.54,0.025,-0.024,-0.0055,-0.0032,PAGE_IMAGE_CROSSCHECKED_DUPLICATE_APPENDIX_MATCH
NASA_CR_3608,F-18 Body,10,72,A9,74,A11,75,-0.10,,-0.014,0.53,0.027,-0.054,-0.0060,-0.0241,PAGE_IMAGE_CROSSCHECKED_DUPLICATE_APPENDIX_MATCH
NASA_CR_3608,F-18 Body,10,72,A9,74,A11,75,0.00,1,-0.021,0.52,0.056,-0.092,-0.0058,-0.0420,PAGE_IMAGE_CROSSCHECKED_DUPLICATE_APPENDIX_MATCH
NASA_CR_3608,F-18 Body,10,72,A9,74,A11,75,0.00,2,-0.018,0.51,0.055,-0.092,-0.0056,-0.0389,PAGE_IMAGE_CROSSCHECKED_DUPLICATE_APPENDIX_MATCH
NASA_CR_3608,F-18 Body,10,72,A9,74,A11,75,0.10,,-0.020,0.56,0.084,-0.109,-0.0063,-0.0669,PAGE_IMAGE_CROSSCHECKED_DUPLICATE_APPENDIX_MATCH
NASA_CR_3608,F-18 Body,10,72,A9,74,A11,75,0.20,,-0.024,0.56,0.081,-0.182,-0.0069,-0.0920,PAGE_IMAGE_CROSSCHECKED_DUPLICATE_APPENDIX_MATCH
NASA_CR_3608,F-18 Body,10,72,A9,74,A11,75,0.30,,-0.033,0.57,0.080,-0.257,-0.0074,-0.1065,PAGE_IMAGE_CROSSCHECKED_DUPLICATE_APPENDIX_MATCH
NASA_CR_3608,F-18 Body,10,72,A9,74,A11,75,0.40,,-0.039,0.58,0.062,-0.350,-0.0082,-0.1164,PAGE_IMAGE_CROSSCHECKED_DUPLICATE_APPENDIX_MATCH
NASA_CR_3608,F-18 Body,10,72,A9,74,A11,80,-0.40,,-0.027,0.61,-0.005,0.011,-0.0060,0.0202,PAGE_IMAGE_CROSSCHECKED_DUPLICATE_APPENDIX_MATCH
NASA_CR_3608,F-18 Body,10,72,A9,74,A11,80,-0.30,,-0.035,0.57,0.007,-0.007,-0.0058,0.0104,PAGE_IMAGE_CROSSCHECKED_DUPLICATE_APPENDIX_MATCH
NASA_CR_3608,F-18 Body,10,72,A9,74,A11,80,-0.20,,-0.025,0.54,-0.001,-0.041,-0.0063,-0.0143,PAGE_IMAGE_CROSSCHECKED_DUPLICATE_APPENDIX_MATCH
NASA_CR_3608,F-18 Body,10,72,A9,74,A11,80,-0.10,,-0.020,0.53,-0.003,-0.059,-0.0063,-0.0299,PAGE_IMAGE_CROSSCHECKED_DUPLICATE_APPENDIX_MATCH
NASA_CR_3608,F-18 Body,10,72,A9,74,A11,80,0.00,1,-0.031,0.53,0.046,-0.064,-0.0051,-0.0363,PAGE_IMAGE_CROSSCHECKED_DUPLICATE_APPENDIX_MATCH
NASA_CR_3608,F-18 Body,10,72,A9,74,A11,80,0.00,2,-0.027,0.52,0.037,-0.059,-0.0050,-0.0361,PAGE_IMAGE_CROSSCHECKED_DUPLICATE_APPENDIX_MATCH
NASA_CR_3608,F-18 Body,10,72,A9,74,A11,80,0.10,,-0.026,0.57,0.068,-0.080,-0.0059,-0.0540,PAGE_IMAGE_CROSSCHECKED_DUPLICATE_APPENDIX_MATCH
NASA_CR_3608,F-18 Body,10,72,A9,74,A11,80,0.20,,-0.032,0.57,0.056,-0.163,-0.0066,-0.0710,PAGE_IMAGE_CROSSCHECKED_DUPLICATE_APPENDIX_MATCH
NASA_CR_3608,F-18 Body,10,72,A9,74,A11,80,0.30,,-0.040,0.58,0.041,-0.211,-0.0071,-0.0820,PAGE_IMAGE_CROSSCHECKED_DUPLICATE_APPENDIX_MATCH
NASA_CR_3608,F-18 Body,10,72,A9,74,A11,80,0.40,,-0.023,0.60,-0.008,-0.280,-0.0068,-0.0755,PAGE_IMAGE_CROSSCHECKED_DUPLICATE_APPENDIX_MATCH
NASA_CR_3608,F-18 Body,10,73,A10,74,A11,85,-0.40,,-0.036,0.60,-0.025,0.026,-0.0057,0.0240,PAGE_IMAGE_CROSSCHECKED_DUPLICATE_APPENDIX_MATCH
NASA_CR_3608,F-18 Body,10,73,A10,74,A11,85,-0.30,,-0.032,0.55,-0.034,-0.013,-0.0063,0.0025,PAGE_IMAGE_CROSSCHECKED_DUPLICATE_APPENDIX_MATCH
NASA_CR_3608,F-18 Body,10,73,A10,74,A11,85,-0.20,,-0.022,0.52,-0.037,-0.045,-0.0069,-0.0194,PAGE_IMAGE_CROSSCHECKED_DUPLICATE_APPENDIX_MATCH
NASA_CR_3608,F-18 Body,10,73,A10,74,A11,85,-0.10,,-0.012,0.51,-0.037,-0.051,-0.0064,-0.0309,PAGE_IMAGE_CROSSCHECKED_DUPLICATE_APPENDIX_MATCH
NASA_CR_3608,F-18 Body,10,73,A10,74,A11,85,0.00,1,-0.026,0.51,0.002,-0.039,-0.0045,-0.0276,PAGE_IMAGE_CROSSCHECKED_DUPLICATE_APPENDIX_MATCH
NASA_CR_3608,F-18 Body,10,73,A10,74,A11,85,0.00,2,-0.027,0.52,0.003,-0.034,-0.0046,-0.0270,PAGE_IMAGE_CROSSCHECKED_DUPLICATE_APPENDIX_MATCH
NASA_CR_3608,F-18 Body,10,73,A10,74,A11,85,0.10,,-0.016,0.55,0.031,-0.058,-0.0051,-0.0428,PAGE_IMAGE_CROSSCHECKED_DUPLICATE_APPENDIX_MATCH
NASA_CR_3608,F-18 Body,10,73,A10,74,A11,85,0.20,,-0.029,0.54,0.027,-0.139,-0.0057,-0.0567,PAGE_IMAGE_CROSSCHECKED_DUPLICATE_APPENDIX_MATCH
NASA_CR_3608,F-18 Body,10,73,A10,74,A11,85,0.30,,-0.036,0.55,-0.009,-0.202,-0.0061,-0.0652,PAGE_IMAGE_CROSSCHECKED_DUPLICATE_APPENDIX_MATCH
NASA_CR_3608,F-18 Body,10,73,A10,74,A11,85,0.40,,-0.017,0.62,-0.026,-0.273,-0.0059,-0.0656,PAGE_IMAGE_CROSSCHECKED_DUPLICATE_APPENDIX_MATCH
NASA_CR_3608,F-18 Body,10,73,A10,75,A12,90,-0.40,,0.024,0.37,-0.084,-0.013,0.0040,0.0272,PAGE_IMAGE_CROSSCHECKED_DUPLICATE_APPENDIX_MATCH
NASA_CR_3608,F-18 Body,10,73,A10,75,A12,90,-0.30,,0.020,0.31,-0.101,-0.068,0.0038,0.0061,PAGE_IMAGE_CROSSCHECKED_DUPLICATE_APPENDIX_MATCH
NASA_CR_3608,F-18 Body,10,73,A10,75,A12,90,-0.20,,0.035,0.27,-0.114,-0.113,0.0034,-0.0162,PAGE_IMAGE_CROSSCHECKED_DUPLICATE_APPENDIX_MATCH
NASA_CR_3608,F-18 Body,10,73,A10,75,A12,90,-0.10,,0.048,0.26,-0.127,-0.122,0.0035,-0.0291,PAGE_IMAGE_CROSSCHECKED_DUPLICATE_APPENDIX_MATCH
NASA_CR_3608,F-18 Body,10,73,A10,75,A12,90,0.00,1,0.027,0.27,-0.087,-0.104,0.0055,-0.0201,PAGE_IMAGE_CROSSCHECKED_DUPLICATE_APPENDIX_MATCH
NASA_CR_3608,F-18 Body,10,73,A10,75,A12,90,0.00,2,0.029,0.27,-0.090,-0.095,0.0056,-0.0194,PAGE_IMAGE_CROSSCHECKED_DUPLICATE_APPENDIX_MATCH
NASA_CR_3608,F-18 Body,10,73,A10,75,A12,90,0.10,,0.047,0.28,-0.071,-0.120,0.0057,-0.0326,PAGE_IMAGE_CROSSCHECKED_DUPLICATE_APPENDIX_MATCH
NASA_CR_3608,F-18 Body,10,73,A10,75,A12,90,0.20,,0.041,0.29,-0.084,-0.174,0.0055,-0.0435,PAGE_IMAGE_CROSSCHECKED_DUPLICATE_APPENDIX_MATCH
NASA_CR_3608,F-18 Body,10,73,A10,75,A12,90,0.30,,0.028,0.31,-0.084,-0.267,0.0052,-0.0537,PAGE_IMAGE_CROSSCHECKED_DUPLICATE_APPENDIX_MATCH
NASA_CR_3608,F-18 Body,10,73,A10,75,A12,90,0.40,,0.038,0.37,-0.095,-0.363,0.0035,-0.0710,PAGE_IMAGE_CROSSCHECKED_DUPLICATE_APPENDIX_MATCH
