source_id,derived_from,configuration,alpha_deg,omega_b_over_2V,zero_replicate,CA_mid_minus_beta0,CN_mid_minus_beta0,Cm_mid_minus_beta0,CY_mid_minus_beta0,Cl_mid_minus_beta0,Cn_mid_minus_beta0,derivation,qa_status
NASA_CR_3608_DERIVED_BASIC_F18_BETA_MIDPOINT_RESIDUAL,BETA_PLUS10_BETA_MINUS10_AND_BETA0,Basic F-18 zero-controls beta midpoint consistency residual,0,-0.40,,-0.007000,0.005000,-0.002500,0.014000,-0.002350,-0.001300,0.5*(C(+10deg)+C(-10deg))-C(0deg),DERIVED_MATCHED_GRID_FROM_PAGE_IMAGE_CROSSCHECKED_SOURCE_TABLES
NASA_CR_3608_DERIVED_BASIC_F18_BETA_MIDPOINT_RESIDUAL,BETA_PLUS10_BETA_MINUS10_AND_BETA0,Basic F-18 zero-controls beta midpoint consistency residual,0,-0.30,,-0.007000,-0.005000,-0.002500,0.016000,-0.001300,-0.001450,0.5*(C(+10deg)+C(-10deg))-C(0deg),DERIVED_MATCHED_GRID_FROM_PAGE_IMAGE_CROSSCHECKED_SOURCE_TABLES
NASA_CR_3608_DERIVED_BASIC_F18_BETA_MIDPOINT_RESIDUAL,BETA_PLUS10_BETA_MINUS10_AND_BETA0,Basic F-18 zero-controls beta midpoint consistency residual,0,-0.20,,-0.006000,0.010000,-0.003000,0.017500,0.000250,-0.001300,0.5*(C(+10deg)+C(-10deg))-C(0deg),DERIVED_MATCHED_GRID_FROM_PAGE_IMAGE_CROSSCHECKED_SOURCE_TABLES
NASA_CR_3608_DERIVED_BASIC_F18_BETA_MIDPOINT_RESIDUAL,BETA_PLUS10_BETA_MINUS10_AND_BETA0,Basic F-18 zero-controls beta midpoint consistency residual,0,-0.10,,-0.005500,0.005000,-0.002500,0.017000,0.000900,-0.000650,0.5*(C(+10deg)+C(-10deg))-C(0deg),DERIVED_MATCHED_GRID_FROM_PAGE_IMAGE_CROSSCHECKED_SOURCE_TABLES
NASA_CR_3608_DERIVED_BASIC_F18_BETA_MIDPOINT_RESIDUAL,BETA_PLUS10_BETA_MINUS10_AND_BETA0,Basic F-18 zero-controls beta midpoint consistency residual,0,-0.05,,-0.004000,0.000000,-0.003500,0.016000,0.001050,-0.000600,0.5*(C(+10deg)+C(-10deg))-C(0deg),DERIVED_MATCHED_GRID_FROM_PAGE_IMAGE_CROSSCHECKED_SOURCE_TABLES
NASA_CR_3608_DERIVED_BASIC_F18_BETA_MIDPOINT_RESIDUAL,BETA_PLUS10_BETA_MINUS10_AND_BETA0,Basic F-18 zero-controls beta midpoint consistency residual,0,-0.03,,-0.003500,0.000000,-0.002500,0.007000,0.000950,-0.000300,0.5*(C(+10deg)+C(-10deg))-C(0deg),DERIVED_MATCHED_GRID_FROM_PAGE_IMAGE_CROSSCHECKED_SOURCE_TABLES
NASA_CR_3608_DERIVED_BASIC_F18_BETA_MIDPOINT_RESIDUAL,BETA_PLUS10_BETA_MINUS10_AND_BETA0,Basic F-18 zero-controls beta midpoint consistency residual,0,0.00,1,-0.004000,0.010000,-0.005000,0.005500,0.001150,0.001050,0.5*(C(+10deg)+C(-10deg))-C(0deg),DERIVED_MATCHED_GRID_FROM_PAGE_IMAGE_CROSSCHECKED_SOURCE_TABLES
NASA_CR_3608_DERIVED_BASIC_F18_BETA_MIDPOINT_RESIDUAL,BETA_PLUS10_BETA_MINUS10_AND_BETA0,Basic F-18 zero-controls beta midpoint consistency residual,0,0.00,2,-0.007500,0.015000,-0.003500,0.008000,0.001400,0.001150,0.5*(C(+10deg)+C(-10deg))-C(0deg),DERIVED_MATCHED_GRID_FROM_PAGE_IMAGE_CROSSCHECKED_SOURCE_TABLES
NASA_CR_3608_DERIVED_BASIC_F18_BETA_MIDPOINT_RESIDUAL,BETA_PLUS10_BETA_MINUS10_AND_BETA0,Basic F-18 zero-controls beta midpoint consistency residual,0,0.03,,-0.006000,-0.010000,0.000500,0.002000,0.000400,0.000450,0.5*(C(+10deg)+C(-10deg))-C(0deg),DERIVED_MATCHED_GRID_FROM_PAGE_IMAGE_CROSSCHECKED_SOURCE_TABLES
NASA_CR_3608_DERIVED_BASIC_F18_BETA_MIDPOINT_RESIDUAL,BETA_PLUS10_BETA_MINUS10_AND_BETA0,Basic F-18 zero-controls beta midpoint consistency residual,0,0.05,,-0.002500,-0.005000,0.005000,0.001500,0.000550,0.000650,0.5*(C(+10deg)+C(-10deg))-C(0deg),DERIVED_MATCHED_GRID_FROM_PAGE_IMAGE_CROSSCHECKED_SOURCE_TABLES
NASA_CR_3608_DERIVED_BASIC_F18_BETA_MIDPOINT_RESIDUAL,BETA_PLUS10_BETA_MINUS10_AND_BETA0,Basic F-18 zero-controls beta midpoint consistency residual,0,0.10,,-0.004000,0.000000,0.012000,-0.000500,0.000800,0.000950,0.5*(C(+10deg)+C(-10deg))-C(0deg),DERIVED_MATCHED_GRID_FROM_PAGE_IMAGE_CROSSCHECKED_SOURCE_TABLES
NASA_CR_3608_DERIVED_BASIC_F18_BETA_MIDPOINT_RESIDUAL,BETA_PLUS10_BETA_MINUS10_AND_BETA0,Basic F-18 zero-controls beta midpoint consistency residual,0,0.20,,-0.000500,-0.005000,0.029500,-0.001500,0.001150,0.001100,0.5*(C(+10deg)+C(-10deg))-C(0deg),DERIVED_MATCHED_GRID_FROM_PAGE_IMAGE_CROSSCHECKED_SOURCE_TABLES
NASA_CR_3608_DERIVED_BASIC_F18_BETA_MIDPOINT_RESIDUAL,BETA_PLUS10_BETA_MINUS10_AND_BETA0,Basic F-18 zero-controls beta midpoint consistency residual,0,0.30,,0.000500,-0.000000,0.055500,-0.004500,0.001800,0.000250,0.5*(C(+10deg)+C(-10deg))-C(0deg),DERIVED_MATCHED_GRID_FROM_PAGE_IMAGE_CROSSCHECKED_SOURCE_TABLES
NASA_CR_3608_DERIVED_BASIC_F18_BETA_MIDPOINT_RESIDUAL,BETA_PLUS10_BETA_MINUS10_AND_BETA0,Basic F-18 zero-controls beta midpoint consistency residual,0,0.40,,0.002500,0.000000,0.080000,-0.015000,0.002150,-0.001200,0.5*(C(+10deg)+C(-10deg))-C(0deg),DERIVED_MATCHED_GRID_FROM_PAGE_IMAGE_CROSSCHECKED_SOURCE_TABLES
NASA_CR_3608_DERIVED_BASIC_F18_BETA_MIDPOINT_RESIDUAL,BETA_PLUS10_BETA_MINUS10_AND_BETA0,Basic F-18 zero-controls beta midpoint consistency residual,5,-0.40,,-0.008000,0.005000,-0.010500,0.009000,-0.001650,0.001200,0.5*(C(+10deg)+C(-10deg))-C(0deg),DERIVED_MATCHED_GRID_FROM_PAGE_IMAGE_CROSSCHECKED_SOURCE_TABLES
NASA_CR_3608_DERIVED_BASIC_F18_BETA_MIDPOINT_RESIDUAL,BETA_PLUS10_BETA_MINUS10_AND_BETA0,Basic F-18 zero-controls beta midpoint consistency residual,5,-0.30,,-0.009500,0.005000,-0.005000,0.017500,-0.001350,0.000800,0.5*(C(+10deg)+C(-10deg))-C(0deg),DERIVED_MATCHED_GRID_FROM_PAGE_IMAGE_CROSSCHECKED_SOURCE_TABLES
NASA_CR_3608_DERIVED_BASIC_F18_BETA_MIDPOINT_RESIDUAL,BETA_PLUS10_BETA_MINUS10_AND_BETA0,Basic F-18 zero-controls beta midpoint consistency residual,5,-0.20,,-0.008000,0.005000,-0.005500,0.023000,-0.000900,0.000650,0.5*(C(+10deg)+C(-10deg))-C(0deg),DERIVED_MATCHED_GRID_FROM_PAGE_IMAGE_CROSSCHECKED_SOURCE_TABLES
NASA_CR_3608_DERIVED_BASIC_F18_BETA_MIDPOINT_RESIDUAL,BETA_PLUS10_BETA_MINUS10_AND_BETA0,Basic F-18 zero-controls beta midpoint consistency residual,5,-0.10,,-0.006500,0.015000,-0.004500,0.018000,0.000200,0.000550,0.5*(C(+10deg)+C(-10deg))-C(0deg),DERIVED_MATCHED_GRID_FROM_PAGE_IMAGE_CROSSCHECKED_SOURCE_TABLES
NASA_CR_3608_DERIVED_BASIC_F18_BETA_MIDPOINT_RESIDUAL,BETA_PLUS10_BETA_MINUS10_AND_BETA0,Basic F-18 zero-controls beta midpoint consistency residual,5,-0.05,,-0.004500,0.020000,-0.003000,0.025000,0.002300,0.000200,0.5*(C(+10deg)+C(-10deg))-C(0deg),DERIVED_MATCHED_GRID_FROM_PAGE_IMAGE_CROSSCHECKED_SOURCE_TABLES
NASA_CR_3608_DERIVED_BASIC_F18_BETA_MIDPOINT_RESIDUAL,BETA_PLUS10_BETA_MINUS10_AND_BETA0,Basic F-18 zero-controls beta midpoint consistency residual,5,-0.03,,-0.005000,0.015000,-0.000500,0.019000,0.011250,0.000100,0.5*(C(+10deg)+C(-10deg))-C(0deg),DERIVED_MATCHED_GRID_FROM_PAGE_IMAGE_CROSSCHECKED_SOURCE_TABLES
NASA_CR_3608_DERIVED_BASIC_F18_BETA_MIDPOINT_RESIDUAL,BETA_PLUS10_BETA_MINUS10_AND_BETA0,Basic F-18 zero-controls beta midpoint consistency residual,5,0.00,1,-0.005000,-0.010000,0.012000,-0.004000,0.018400,0.001250,0.5*(C(+10deg)+C(-10deg))-C(0deg),DERIVED_MATCHED_GRID_FROM_PAGE_IMAGE_CROSSCHECKED_SOURCE_TABLES
NASA_CR_3608_DERIVED_BASIC_F18_BETA_MIDPOINT_RESIDUAL,BETA_PLUS10_BETA_MINUS10_AND_BETA0,Basic F-18 zero-controls beta midpoint consistency residual,5,0.00,2,-0.006000,-0.005000,0.013000,0.005500,0.019950,0.000850,0.5*(C(+10deg)+C(-10deg))-C(0deg),DERIVED_MATCHED_GRID_FROM_PAGE_IMAGE_CROSSCHECKED_SOURCE_TABLES
NASA_CR_3608_DERIVED_BASIC_F18_BETA_MIDPOINT_RESIDUAL,BETA_PLUS10_BETA_MINUS10_AND_BETA0,Basic F-18 zero-controls beta midpoint consistency residual,5,0.03,,-0.000500,-0.015000,0.007500,0.008500,0.026850,-0.000250,0.5*(C(+10deg)+C(-10deg))-C(0deg),DERIVED_MATCHED_GRID_FROM_PAGE_IMAGE_CROSSCHECKED_SOURCE_TABLES
NASA_CR_3608_DERIVED_BASIC_F18_BETA_MIDPOINT_RESIDUAL,BETA_PLUS10_BETA_MINUS10_AND_BETA0,Basic F-18 zero-controls beta midpoint consistency residual,5,0.05,,-0.001000,-0.010000,0.013500,0.009000,0.035200,-0.000350,0.5*(C(+10deg)+C(-10deg))-C(0deg),DERIVED_MATCHED_GRID_FROM_PAGE_IMAGE_CROSSCHECKED_SOURCE_TABLES
NASA_CR_3608_DERIVED_BASIC_F18_BETA_MIDPOINT_RESIDUAL,BETA_PLUS10_BETA_MINUS10_AND_BETA0,Basic F-18 zero-controls beta midpoint consistency residual,5,0.10,,-0.001000,-0.020000,0.026500,-0.001000,0.052450,-0.000850,0.5*(C(+10deg)+C(-10deg))-C(0deg),DERIVED_MATCHED_GRID_FROM_PAGE_IMAGE_CROSSCHECKED_SOURCE_TABLES
NASA_CR_3608_DERIVED_BASIC_F18_BETA_MIDPOINT_RESIDUAL,BETA_PLUS10_BETA_MINUS10_AND_BETA0,Basic F-18 zero-controls beta midpoint consistency residual,5,0.20,,0.000000,-0.025000,0.059000,-0.007500,0.084800,-0.001450,0.5*(C(+10deg)+C(-10deg))-C(0deg),DERIVED_MATCHED_GRID_FROM_PAGE_IMAGE_CROSSCHECKED_SOURCE_TABLES
NASA_CR_3608_DERIVED_BASIC_F18_BETA_MIDPOINT_RESIDUAL,BETA_PLUS10_BETA_MINUS10_AND_BETA0,Basic F-18 zero-controls beta midpoint consistency residual,5,0.30,,-0.002500,-0.005000,0.086500,-0.011500,0.109350,-0.002250,0.5*(C(+10deg)+C(-10deg))-C(0deg),DERIVED_MATCHED_GRID_FROM_PAGE_IMAGE_CROSSCHECKED_SOURCE_TABLES
NASA_CR_3608_DERIVED_BASIC_F18_BETA_MIDPOINT_RESIDUAL,BETA_PLUS10_BETA_MINUS10_AND_BETA0,Basic F-18 zero-controls beta midpoint consistency residual,5,0.40,,-0.008000,0.015000,0.118000,-0.017500,0.141650,-0.003400,0.5*(C(+10deg)+C(-10deg))-C(0deg),DERIVED_MATCHED_GRID_FROM_PAGE_IMAGE_CROSSCHECKED_SOURCE_TABLES
NASA_CR_3608_DERIVED_BASIC_F18_BETA_MIDPOINT_RESIDUAL,BETA_PLUS10_BETA_MINUS10_AND_BETA0,Basic F-18 zero-controls beta midpoint consistency residual,10,-0.40,,-0.019500,-0.120000,-0.014500,0.017500,-0.003250,0.006900,0.5*(C(+10deg)+C(-10deg))-C(0deg),DERIVED_MATCHED_GRID_FROM_PAGE_IMAGE_CROSSCHECKED_SOURCE_TABLES
NASA_CR_3608_DERIVED_BASIC_F18_BETA_MIDPOINT_RESIDUAL,BETA_PLUS10_BETA_MINUS10_AND_BETA0,Basic F-18 zero-controls beta midpoint consistency residual,10,-0.30,,-0.008000,-0.140000,-0.015000,0.020000,-0.000150,0.006400,0.5*(C(+10deg)+C(-10deg))-C(0deg),DERIVED_MATCHED_GRID_FROM_PAGE_IMAGE_CROSSCHECKED_SOURCE_TABLES
NASA_CR_3608_DERIVED_BASIC_F18_BETA_MIDPOINT_RESIDUAL,BETA_PLUS10_BETA_MINUS10_AND_BETA0,Basic F-18 zero-controls beta midpoint consistency residual,10,-0.20,,0.004500,-0.180000,-0.023500,0.017500,0.000550,0.004500,0.5*(C(+10deg)+C(-10deg))-C(0deg),DERIVED_MATCHED_GRID_FROM_PAGE_IMAGE_CROSSCHECKED_SOURCE_TABLES
NASA_CR_3608_DERIVED_BASIC_F18_BETA_MIDPOINT_RESIDUAL,BETA_PLUS10_BETA_MINUS10_AND_BETA0,Basic F-18 zero-controls beta midpoint consistency residual,10,-0.10,,0.010500,-0.195000,-0.018000,0.016000,0.000700,0.003000,0.5*(C(+10deg)+C(-10deg))-C(0deg),DERIVED_MATCHED_GRID_FROM_PAGE_IMAGE_CROSSCHECKED_SOURCE_TABLES
NASA_CR_3608_DERIVED_BASIC_F18_BETA_MIDPOINT_RESIDUAL,BETA_PLUS10_BETA_MINUS10_AND_BETA0,Basic F-18 zero-controls beta midpoint consistency residual,10,-0.05,,0.012500,-0.195000,-0.017000,0.013500,0.010350,0.002100,0.5*(C(+10deg)+C(-10deg))-C(0deg),DERIVED_MATCHED_GRID_FROM_PAGE_IMAGE_CROSSCHECKED_SOURCE_TABLES
NASA_CR_3608_DERIVED_BASIC_F18_BETA_MIDPOINT_RESIDUAL,BETA_PLUS10_BETA_MINUS10_AND_BETA0,Basic F-18 zero-controls beta midpoint consistency residual,10,-0.03,,0.013000,-0.200000,-0.017500,0.010500,0.017800,0.001800,0.5*(C(+10deg)+C(-10deg))-C(0deg),DERIVED_MATCHED_GRID_FROM_PAGE_IMAGE_CROSSCHECKED_SOURCE_TABLES
NASA_CR_3608_DERIVED_BASIC_F18_BETA_MIDPOINT_RESIDUAL,BETA_PLUS10_BETA_MINUS10_AND_BETA0,Basic F-18 zero-controls beta midpoint consistency residual,10,0.00,1,0.009500,-0.210000,-0.018500,0.006000,0.022950,0.001050,0.5*(C(+10deg)+C(-10deg))-C(0deg),DERIVED_MATCHED_GRID_FROM_PAGE_IMAGE_CROSSCHECKED_SOURCE_TABLES
NASA_CR_3608_DERIVED_BASIC_F18_BETA_MIDPOINT_RESIDUAL,BETA_PLUS10_BETA_MINUS10_AND_BETA0,Basic F-18 zero-controls beta midpoint consistency residual,10,0.00,2,0.010500,-0.225000,-0.014000,-0.006500,0.025600,0.001550,0.5*(C(+10deg)+C(-10deg))-C(0deg),DERIVED_MATCHED_GRID_FROM_PAGE_IMAGE_CROSSCHECKED_SOURCE_TABLES
NASA_CR_3608_DERIVED_BASIC_F18_BETA_MIDPOINT_RESIDUAL,BETA_PLUS10_BETA_MINUS10_AND_BETA0,Basic F-18 zero-controls beta midpoint consistency residual,10,0.03,,0.010500,-0.190000,-0.019500,0.012500,0.029700,0.000950,0.5*(C(+10deg)+C(-10deg))-C(0deg),DERIVED_MATCHED_GRID_FROM_PAGE_IMAGE_CROSSCHECKED_SOURCE_TABLES
NASA_CR_3608_DERIVED_BASIC_F18_BETA_MIDPOINT_RESIDUAL,BETA_PLUS10_BETA_MINUS10_AND_BETA0,Basic F-18 zero-controls beta midpoint consistency residual,10,0.05,,0.009500,-0.195000,0.011000,0.007500,0.036250,0.000400,0.5*(C(+10deg)+C(-10deg))-C(0deg),DERIVED_MATCHED_GRID_FROM_PAGE_IMAGE_CROSSCHECKED_SOURCE_TABLES
NASA_CR_3608_DERIVED_BASIC_F18_BETA_MIDPOINT_RESIDUAL,BETA_PLUS10_BETA_MINUS10_AND_BETA0,Basic F-18 zero-controls beta midpoint consistency residual,10,0.10,,0.009500,-0.190000,-0.028500,0.004000,0.048250,-0.000950,0.5*(C(+10deg)+C(-10deg))-C(0deg),DERIVED_MATCHED_GRID_FROM_PAGE_IMAGE_CROSSCHECKED_SOURCE_TABLES
NASA_CR_3608_DERIVED_BASIC_F18_BETA_MIDPOINT_RESIDUAL,BETA_PLUS10_BETA_MINUS10_AND_BETA0,Basic F-18 zero-controls beta midpoint consistency residual,10,0.20,,0.006500,-0.175000,0.054000,0.001500,0.068850,-0.003600,0.5*(C(+10deg)+C(-10deg))-C(0deg),DERIVED_MATCHED_GRID_FROM_PAGE_IMAGE_CROSSCHECKED_SOURCE_TABLES
NASA_CR_3608_DERIVED_BASIC_F18_BETA_MIDPOINT_RESIDUAL,BETA_PLUS10_BETA_MINUS10_AND_BETA0,Basic F-18 zero-controls beta midpoint consistency residual,10,0.30,,-0.001500,-0.140000,0.096500,0.000500,0.094500,-0.006450,0.5*(C(+10deg)+C(-10deg))-C(0deg),DERIVED_MATCHED_GRID_FROM_PAGE_IMAGE_CROSSCHECKED_SOURCE_TABLES
NASA_CR_3608_DERIVED_BASIC_F18_BETA_MIDPOINT_RESIDUAL,BETA_PLUS10_BETA_MINUS10_AND_BETA0,Basic F-18 zero-controls beta midpoint consistency residual,10,0.40,,-0.013000,-0.100000,-0.037500,-0.001500,0.127100,-0.009000,0.5*(C(+10deg)+C(-10deg))-C(0deg),DERIVED_MATCHED_GRID_FROM_PAGE_IMAGE_CROSSCHECKED_SOURCE_TABLES
NASA_CR_3608_DERIVED_BASIC_F18_BETA_MIDPOINT_RESIDUAL,BETA_PLUS10_BETA_MINUS10_AND_BETA0,Basic F-18 zero-controls beta midpoint consistency residual,15,-0.30,,-0.014000,-0.080000,-0.052000,0.012500,-0.010350,0.012000,0.5*(C(+10deg)+C(-10deg))-C(0deg),DERIVED_MATCHED_GRID_FROM_PAGE_IMAGE_CROSSCHECKED_SOURCE_TABLES
NASA_CR_3608_DERIVED_BASIC_F18_BETA_MIDPOINT_RESIDUAL,BETA_PLUS10_BETA_MINUS10_AND_BETA0,Basic F-18 zero-controls beta midpoint consistency residual,15,-0.20,,-0.013000,-0.070000,-0.045000,0.012500,-0.006650,0.007800,0.5*(C(+10deg)+C(-10deg))-C(0deg),DERIVED_MATCHED_GRID_FROM_PAGE_IMAGE_CROSSCHECKED_SOURCE_TABLES
NASA_CR_3608_DERIVED_BASIC_F18_BETA_MIDPOINT_RESIDUAL,BETA_PLUS10_BETA_MINUS10_AND_BETA0,Basic F-18 zero-controls beta midpoint consistency residual,15,-0.10,,-0.011500,-0.060000,-0.046000,0.015000,-0.002400,0.003700,0.5*(C(+10deg)+C(-10deg))-C(0deg),DERIVED_MATCHED_GRID_FROM_PAGE_IMAGE_CROSSCHECKED_SOURCE_TABLES
NASA_CR_3608_DERIVED_BASIC_F18_BETA_MIDPOINT_RESIDUAL,BETA_PLUS10_BETA_MINUS10_AND_BETA0,Basic F-18 zero-controls beta midpoint consistency residual,15,-0.05,,-0.011000,-0.040000,-0.043500,0.017500,-0.000350,0.001650,0.5*(C(+10deg)+C(-10deg))-C(0deg),DERIVED_MATCHED_GRID_FROM_PAGE_IMAGE_CROSSCHECKED_SOURCE_TABLES
NASA_CR_3608_DERIVED_BASIC_F18_BETA_MIDPOINT_RESIDUAL,BETA_PLUS10_BETA_MINUS10_AND_BETA0,Basic F-18 zero-controls beta midpoint consistency residual,15,-0.03,,-0.011000,-0.040000,-0.034500,0.016000,-0.000400,0.000750,0.5*(C(+10deg)+C(-10deg))-C(0deg),DERIVED_MATCHED_GRID_FROM_PAGE_IMAGE_CROSSCHECKED_SOURCE_TABLES
NASA_CR_3608_DERIVED_BASIC_F18_BETA_MIDPOINT_RESIDUAL,BETA_PLUS10_BETA_MINUS10_AND_BETA0,Basic F-18 zero-controls beta midpoint consistency residual,15,0.00,1,-0.019000,-0.035000,-0.018500,0.013500,0.000350,0.000800,0.5*(C(+10deg)+C(-10deg))-C(0deg),DERIVED_MATCHED_GRID_FROM_PAGE_IMAGE_CROSSCHECKED_SOURCE_TABLES
NASA_CR_3608_DERIVED_BASIC_F18_BETA_MIDPOINT_RESIDUAL,BETA_PLUS10_BETA_MINUS10_AND_BETA0,Basic F-18 zero-controls beta midpoint consistency residual,15,0.00,2,-0.015500,-0.040000,-0.015500,0.018000,0.000050,0.000100,0.5*(C(+10deg)+C(-10deg))-C(0deg),DERIVED_MATCHED_GRID_FROM_PAGE_IMAGE_CROSSCHECKED_SOURCE_TABLES
NASA_CR_3608_DERIVED_BASIC_F18_BETA_MIDPOINT_RESIDUAL,BETA_PLUS10_BETA_MINUS10_AND_BETA0,Basic F-18 zero-controls beta midpoint consistency residual,15,0.03,,-0.017000,-0.030000,-0.012000,0.021500,0.000050,-0.000450,0.5*(C(+10deg)+C(-10deg))-C(0deg),DERIVED_MATCHED_GRID_FROM_PAGE_IMAGE_CROSSCHECKED_SOURCE_TABLES
NASA_CR_3608_DERIVED_BASIC_F18_BETA_MIDPOINT_RESIDUAL,BETA_PLUS10_BETA_MINUS10_AND_BETA0,Basic F-18 zero-controls beta midpoint consistency residual,15,0.05,,-0.016500,-0.035000,-0.003000,0.015000,0.001200,-0.001250,0.5*(C(+10deg)+C(-10deg))-C(0deg),DERIVED_MATCHED_GRID_FROM_PAGE_IMAGE_CROSSCHECKED_SOURCE_TABLES
NASA_CR_3608_DERIVED_BASIC_F18_BETA_MIDPOINT_RESIDUAL,BETA_PLUS10_BETA_MINUS10_AND_BETA0,Basic F-18 zero-controls beta midpoint consistency residual,15,0.10,,-0.016500,-0.040000,0.020500,0.010000,0.003150,-0.002450,0.5*(C(+10deg)+C(-10deg))-C(0deg),DERIVED_MATCHED_GRID_FROM_PAGE_IMAGE_CROSSCHECKED_SOURCE_TABLES
NASA_CR_3608_DERIVED_BASIC_F18_BETA_MIDPOINT_RESIDUAL,BETA_PLUS10_BETA_MINUS10_AND_BETA0,Basic F-18 zero-controls beta midpoint consistency residual,15,0.20,,-0.014500,-0.035000,0.068500,0.005500,0.005400,-0.005100,0.5*(C(+10deg)+C(-10deg))-C(0deg),DERIVED_MATCHED_GRID_FROM_PAGE_IMAGE_CROSSCHECKED_SOURCE_TABLES
NASA_CR_3608_DERIVED_BASIC_F18_BETA_MIDPOINT_RESIDUAL,BETA_PLUS10_BETA_MINUS10_AND_BETA0,Basic F-18 zero-controls beta midpoint consistency residual,15,0.30,,-0.013500,-0.065000,0.116500,-0.005000,0.009550,-0.010050,0.5*(C(+10deg)+C(-10deg))-C(0deg),DERIVED_MATCHED_GRID_FROM_PAGE_IMAGE_CROSSCHECKED_SOURCE_TABLES
NASA_CR_3608_DERIVED_BASIC_F18_BETA_MIDPOINT_RESIDUAL,BETA_PLUS10_BETA_MINUS10_AND_BETA0,Basic F-18 zero-controls beta midpoint consistency residual,15,0.40,,-0.010000,-0.095000,0.172500,-0.018500,0.014250,-0.013900,0.5*(C(+10deg)+C(-10deg))-C(0deg),DERIVED_MATCHED_GRID_FROM_PAGE_IMAGE_CROSSCHECKED_SOURCE_TABLES
NASA_CR_3608_DERIVED_BASIC_F18_BETA_MIDPOINT_RESIDUAL,BETA_PLUS10_BETA_MINUS10_AND_BETA0,Basic F-18 zero-controls beta midpoint consistency residual,20,-0.30,,-0.017000,-0.025000,-0.021000,0.026000,0.005550,0.008800,0.5*(C(+10deg)+C(-10deg))-C(0deg),DERIVED_MATCHED_GRID_FROM_PAGE_IMAGE_CROSSCHECKED_SOURCE_TABLES
NASA_CR_3608_DERIVED_BASIC_F18_BETA_MIDPOINT_RESIDUAL,BETA_PLUS10_BETA_MINUS10_AND_BETA0,Basic F-18 zero-controls beta midpoint consistency residual,20,-0.20,,-0.013000,-0.085000,-0.029500,0.019000,0.002000,0.006150,0.5*(C(+10deg)+C(-10deg))-C(0deg),DERIVED_MATCHED_GRID_FROM_PAGE_IMAGE_CROSSCHECKED_SOURCE_TABLES
NASA_CR_3608_DERIVED_BASIC_F18_BETA_MIDPOINT_RESIDUAL,BETA_PLUS10_BETA_MINUS10_AND_BETA0,Basic F-18 zero-controls beta midpoint consistency residual,20,-0.10,,-0.010000,-0.100000,-0.043500,0.021500,-0.004150,0.004800,0.5*(C(+10deg)+C(-10deg))-C(0deg),DERIVED_MATCHED_GRID_FROM_PAGE_IMAGE_CROSSCHECKED_SOURCE_TABLES
NASA_CR_3608_DERIVED_BASIC_F18_BETA_MIDPOINT_RESIDUAL,BETA_PLUS10_BETA_MINUS10_AND_BETA0,Basic F-18 zero-controls beta midpoint consistency residual,20,-0.05,,-0.009500,-0.120000,-0.040500,0.011500,-0.002550,0.004250,0.5*(C(+10deg)+C(-10deg))-C(0deg),DERIVED_MATCHED_GRID_FROM_PAGE_IMAGE_CROSSCHECKED_SOURCE_TABLES
NASA_CR_3608_DERIVED_BASIC_F18_BETA_MIDPOINT_RESIDUAL,BETA_PLUS10_BETA_MINUS10_AND_BETA0,Basic F-18 zero-controls beta midpoint consistency residual,20,-0.03,,-0.009000,-0.110000,-0.031500,0.012000,0.002550,0.003350,0.5*(C(+10deg)+C(-10deg))-C(0deg),DERIVED_MATCHED_GRID_FROM_PAGE_IMAGE_CROSSCHECKED_SOURCE_TABLES
NASA_CR_3608_DERIVED_BASIC_F18_BETA_MIDPOINT_RESIDUAL,BETA_PLUS10_BETA_MINUS10_AND_BETA0,Basic F-18 zero-controls beta midpoint consistency residual,20,0.00,1,-0.012000,-0.100000,-0.013000,0.009500,0.008200,0.003250,0.5*(C(+10deg)+C(-10deg))-C(0deg),DERIVED_MATCHED_GRID_FROM_PAGE_IMAGE_CROSSCHECKED_SOURCE_TABLES
NASA_CR_3608_DERIVED_BASIC_F18_BETA_MIDPOINT_RESIDUAL,BETA_PLUS10_BETA_MINUS10_AND_BETA0,Basic F-18 zero-controls beta midpoint consistency residual,20,0.00,2,-0.010000,-0.095000,-0.011500,0.007500,0.008000,0.003950,0.5*(C(+10deg)+C(-10deg))-C(0deg),DERIVED_MATCHED_GRID_FROM_PAGE_IMAGE_CROSSCHECKED_SOURCE_TABLES
NASA_CR_3608_DERIVED_BASIC_F18_BETA_MIDPOINT_RESIDUAL,BETA_PLUS10_BETA_MINUS10_AND_BETA0,Basic F-18 zero-controls beta midpoint consistency residual,20,0.03,,-0.008000,-0.100000,-0.009500,0.008500,0.010550,0.001650,0.5*(C(+10deg)+C(-10deg))-C(0deg),DERIVED_MATCHED_GRID_FROM_PAGE_IMAGE_CROSSCHECKED_SOURCE_TABLES
NASA_CR_3608_DERIVED_BASIC_F18_BETA_MIDPOINT_RESIDUAL,BETA_PLUS10_BETA_MINUS10_AND_BETA0,Basic F-18 zero-controls beta midpoint consistency residual,20,0.05,,-0.009000,-0.100000,0.002000,0.005000,0.015000,0.000600,0.5*(C(+10deg)+C(-10deg))-C(0deg),DERIVED_MATCHED_GRID_FROM_PAGE_IMAGE_CROSSCHECKED_SOURCE_TABLES
NASA_CR_3608_DERIVED_BASIC_F18_BETA_MIDPOINT_RESIDUAL,BETA_PLUS10_BETA_MINUS10_AND_BETA0,Basic F-18 zero-controls beta midpoint consistency residual,20,0.10,,-0.008000,-0.095000,0.023000,0.000500,0.023450,-0.001400,0.5*(C(+10deg)+C(-10deg))-C(0deg),DERIVED_MATCHED_GRID_FROM_PAGE_IMAGE_CROSSCHECKED_SOURCE_TABLES
NASA_CR_3608_DERIVED_BASIC_F18_BETA_MIDPOINT_RESIDUAL,BETA_PLUS10_BETA_MINUS10_AND_BETA0,Basic F-18 zero-controls beta midpoint consistency residual,20,0.20,,-0.011000,-0.065000,0.084000,-0.004500,0.034350,-0.003300,0.5*(C(+10deg)+C(-10deg))-C(0deg),DERIVED_MATCHED_GRID_FROM_PAGE_IMAGE_CROSSCHECKED_SOURCE_TABLES
NASA_CR_3608_DERIVED_BASIC_F18_BETA_MIDPOINT_RESIDUAL,BETA_PLUS10_BETA_MINUS10_AND_BETA0,Basic F-18 zero-controls beta midpoint consistency residual,20,0.30,,-0.010000,-0.035000,0.164500,-0.011000,0.043050,-0.006750,0.5*(C(+10deg)+C(-10deg))-C(0deg),DERIVED_MATCHED_GRID_FROM_PAGE_IMAGE_CROSSCHECKED_SOURCE_TABLES
NASA_CR_3608_DERIVED_BASIC_F18_BETA_MIDPOINT_RESIDUAL,BETA_PLUS10_BETA_MINUS10_AND_BETA0,Basic F-18 zero-controls beta midpoint consistency residual,20,0.40,,-0.013500,-0.025000,0.240500,-0.040000,0.055600,-0.006550,0.5*(C(+10deg)+C(-10deg))-C(0deg),DERIVED_MATCHED_GRID_FROM_PAGE_IMAGE_CROSSCHECKED_SOURCE_TABLES
NASA_CR_3608_DERIVED_BASIC_F18_BETA_MIDPOINT_RESIDUAL,BETA_PLUS10_BETA_MINUS10_AND_BETA0,Basic F-18 zero-controls beta midpoint consistency residual,25,-0.30,,-0.019500,-0.050000,0.018000,0.017000,0.013250,0.003600,0.5*(C(+10deg)+C(-10deg))-C(0deg),DERIVED_MATCHED_GRID_FROM_PAGE_IMAGE_CROSSCHECKED_SOURCE_TABLES
NASA_CR_3608_DERIVED_BASIC_F18_BETA_MIDPOINT_RESIDUAL,BETA_PLUS10_BETA_MINUS10_AND_BETA0,Basic F-18 zero-controls beta midpoint consistency residual,25,-0.20,,-0.011500,-0.080000,0.008500,0.020000,0.012300,0.000150,0.5*(C(+10deg)+C(-10deg))-C(0deg),DERIVED_MATCHED_GRID_FROM_PAGE_IMAGE_CROSSCHECKED_SOURCE_TABLES
NASA_CR_3608_DERIVED_BASIC_F18_BETA_MIDPOINT_RESIDUAL,BETA_PLUS10_BETA_MINUS10_AND_BETA0,Basic F-18 zero-controls beta midpoint consistency residual,25,-0.10,,-0.003500,-0.110000,0.006500,0.021000,0.008300,-0.002650,0.5*(C(+10deg)+C(-10deg))-C(0deg),DERIVED_MATCHED_GRID_FROM_PAGE_IMAGE_CROSSCHECKED_SOURCE_TABLES
NASA_CR_3608_DERIVED_BASIC_F18_BETA_MIDPOINT_RESIDUAL,BETA_PLUS10_BETA_MINUS10_AND_BETA0,Basic F-18 zero-controls beta midpoint consistency residual,25,-0.05,,0.000500,-0.115000,0.009000,0.025500,0.007150,-0.000100,0.5*(C(+10deg)+C(-10deg))-C(0deg),DERIVED_MATCHED_GRID_FROM_PAGE_IMAGE_CROSSCHECKED_SOURCE_TABLES
NASA_CR_3608_DERIVED_BASIC_F18_BETA_MIDPOINT_RESIDUAL,BETA_PLUS10_BETA_MINUS10_AND_BETA0,Basic F-18 zero-controls beta midpoint consistency residual,25,-0.03,,0.004000,-0.095000,0.006500,0.016000,0.004400,0.001100,0.5*(C(+10deg)+C(-10deg))-C(0deg),DERIVED_MATCHED_GRID_FROM_PAGE_IMAGE_CROSSCHECKED_SOURCE_TABLES
NASA_CR_3608_DERIVED_BASIC_F18_BETA_MIDPOINT_RESIDUAL,BETA_PLUS10_BETA_MINUS10_AND_BETA0,Basic F-18 zero-controls beta midpoint consistency residual,25,0.00,1,-0.000500,-0.110000,0.008500,0.010000,0.002500,0.001800,0.5*(C(+10deg)+C(-10deg))-C(0deg),DERIVED_MATCHED_GRID_FROM_PAGE_IMAGE_CROSSCHECKED_SOURCE_TABLES
NASA_CR_3608_DERIVED_BASIC_F18_BETA_MIDPOINT_RESIDUAL,BETA_PLUS10_BETA_MINUS10_AND_BETA0,Basic F-18 zero-controls beta midpoint consistency residual,25,0.00,2,-0.002500,-0.115000,0.007500,0.014500,0.002850,0.003200,0.5*(C(+10deg)+C(-10deg))-C(0deg),DERIVED_MATCHED_GRID_FROM_PAGE_IMAGE_CROSSCHECKED_SOURCE_TABLES
NASA_CR_3608_DERIVED_BASIC_F18_BETA_MIDPOINT_RESIDUAL,BETA_PLUS10_BETA_MINUS10_AND_BETA0,Basic F-18 zero-controls beta midpoint consistency residual,25,0.03,,0.002500,-0.135000,0.003000,-0.000000,0.000250,0.002900,0.5*(C(+10deg)+C(-10deg))-C(0deg),DERIVED_MATCHED_GRID_FROM_PAGE_IMAGE_CROSSCHECKED_SOURCE_TABLES
NASA_CR_3608_DERIVED_BASIC_F18_BETA_MIDPOINT_RESIDUAL,BETA_PLUS10_BETA_MINUS10_AND_BETA0,Basic F-18 zero-controls beta midpoint consistency residual,25,0.05,,0.004000,-0.120000,0.002000,-0.010500,-0.004600,0.003500,0.5*(C(+10deg)+C(-10deg))-C(0deg),DERIVED_MATCHED_GRID_FROM_PAGE_IMAGE_CROSSCHECKED_SOURCE_TABLES
NASA_CR_3608_DERIVED_BASIC_F18_BETA_MIDPOINT_RESIDUAL,BETA_PLUS10_BETA_MINUS10_AND_BETA0,Basic F-18 zero-controls beta midpoint consistency residual,25,0.10,,0.001500,-0.120000,0.002500,-0.018500,-0.008750,0.004950,0.5*(C(+10deg)+C(-10deg))-C(0deg),DERIVED_MATCHED_GRID_FROM_PAGE_IMAGE_CROSSCHECKED_SOURCE_TABLES
NASA_CR_3608_DERIVED_BASIC_F18_BETA_MIDPOINT_RESIDUAL,BETA_PLUS10_BETA_MINUS10_AND_BETA0,Basic F-18 zero-controls beta midpoint consistency residual,25,0.20,,-0.004000,-0.105000,-0.009500,-0.026500,-0.007200,0.002800,0.5*(C(+10deg)+C(-10deg))-C(0deg),DERIVED_MATCHED_GRID_FROM_PAGE_IMAGE_CROSSCHECKED_SOURCE_TABLES
NASA_CR_3608_DERIVED_BASIC_F18_BETA_MIDPOINT_RESIDUAL,BETA_PLUS10_BETA_MINUS10_AND_BETA0,Basic F-18 zero-controls beta midpoint consistency residual,25,0.30,,-0.009000,-0.060000,0.001500,-0.041000,-0.003900,-0.000300,0.5*(C(+10deg)+C(-10deg))-C(0deg),DERIVED_MATCHED_GRID_FROM_PAGE_IMAGE_CROSSCHECKED_SOURCE_TABLES
NASA_CR_3608_DERIVED_BASIC_F18_BETA_MIDPOINT_RESIDUAL,BETA_PLUS10_BETA_MINUS10_AND_BETA0,Basic F-18 zero-controls beta midpoint consistency residual,25,0.40,,-0.012000,-0.035000,0.018000,-0.067500,0.005950,0.000000,0.5*(C(+10deg)+C(-10deg))-C(0deg),DERIVED_MATCHED_GRID_FROM_PAGE_IMAGE_CROSSCHECKED_SOURCE_TABLES
NASA_CR_3608_DERIVED_BASIC_F18_BETA_MIDPOINT_RESIDUAL,BETA_PLUS10_BETA_MINUS10_AND_BETA0,Basic F-18 zero-controls beta midpoint consistency residual,30,-0.30,,0.010000,-0.140000,0.032500,-0.025000,0.029550,-0.005650,0.5*(C(+10deg)+C(-10deg))-C(0deg),DERIVED_MATCHED_GRID_FROM_PAGE_IMAGE_CROSSCHECKED_SOURCE_TABLES
NASA_CR_3608_DERIVED_BASIC_F18_BETA_MIDPOINT_RESIDUAL,BETA_PLUS10_BETA_MINUS10_AND_BETA0,Basic F-18 zero-controls beta midpoint consistency residual,30,-0.20,,0.016500,-0.135000,0.018500,-0.025500,0.011050,0.002600,0.5*(C(+10deg)+C(-10deg))-C(0deg),DERIVED_MATCHED_GRID_FROM_PAGE_IMAGE_CROSSCHECKED_SOURCE_TABLES
NASA_CR_3608_DERIVED_BASIC_F18_BETA_MIDPOINT_RESIDUAL,BETA_PLUS10_BETA_MINUS10_AND_BETA0,Basic F-18 zero-controls beta midpoint consistency residual,30,-0.10,,0.020500,-0.125000,-0.011000,-0.027500,-0.005800,0.007100,0.5*(C(+10deg)+C(-10deg))-C(0deg),DERIVED_MATCHED_GRID_FROM_PAGE_IMAGE_CROSSCHECKED_SOURCE_TABLES
NASA_CR_3608_DERIVED_BASIC_F18_BETA_MIDPOINT_RESIDUAL,BETA_PLUS10_BETA_MINUS10_AND_BETA0,Basic F-18 zero-controls beta midpoint consistency residual,30,-0.05,,0.020000,-0.125000,0.009000,-0.020500,-0.004450,0.004500,0.5*(C(+10deg)+C(-10deg))-C(0deg),DERIVED_MATCHED_GRID_FROM_PAGE_IMAGE_CROSSCHECKED_SOURCE_TABLES
NASA_CR_3608_DERIVED_BASIC_F18_BETA_MIDPOINT_RESIDUAL,BETA_PLUS10_BETA_MINUS10_AND_BETA0,Basic F-18 zero-controls beta midpoint consistency residual,30,-0.03,,0.020500,-0.130000,0.023500,-0.019500,-0.003150,0.001450,0.5*(C(+10deg)+C(-10deg))-C(0deg),DERIVED_MATCHED_GRID_FROM_PAGE_IMAGE_CROSSCHECKED_SOURCE_TABLES
NASA_CR_3608_DERIVED_BASIC_F18_BETA_MIDPOINT_RESIDUAL,BETA_PLUS10_BETA_MINUS10_AND_BETA0,Basic F-18 zero-controls beta midpoint consistency residual,30,0.00,1,0.016000,-0.095000,0.045500,-0.007500,0.001500,0.000050,0.5*(C(+10deg)+C(-10deg))-C(0deg),DERIVED_MATCHED_GRID_FROM_PAGE_IMAGE_CROSSCHECKED_SOURCE_TABLES
NASA_CR_3608_DERIVED_BASIC_F18_BETA_MIDPOINT_RESIDUAL,BETA_PLUS10_BETA_MINUS10_AND_BETA0,Basic F-18 zero-controls beta midpoint consistency residual,30,0.00,2,0.015500,-0.060000,0.043000,-0.010500,0.004500,-0.000100,0.5*(C(+10deg)+C(-10deg))-C(0deg),DERIVED_MATCHED_GRID_FROM_PAGE_IMAGE_CROSSCHECKED_SOURCE_TABLES
NASA_CR_3608_DERIVED_BASIC_F18_BETA_MIDPOINT_RESIDUAL,BETA_PLUS10_BETA_MINUS10_AND_BETA0,Basic F-18 zero-controls beta midpoint consistency residual,30,0.03,,0.025500,-0.185000,0.053000,-0.041000,0.005700,-0.004400,0.5*(C(+10deg)+C(-10deg))-C(0deg),DERIVED_MATCHED_GRID_FROM_PAGE_IMAGE_CROSSCHECKED_SOURCE_TABLES
NASA_CR_3608_DERIVED_BASIC_F18_BETA_MIDPOINT_RESIDUAL,BETA_PLUS10_BETA_MINUS10_AND_BETA0,Basic F-18 zero-controls beta midpoint consistency residual,30,0.05,,0.026500,-0.195000,0.070500,-0.039000,0.004150,-0.006800,0.5*(C(+10deg)+C(-10deg))-C(0deg),DERIVED_MATCHED_GRID_FROM_PAGE_IMAGE_CROSSCHECKED_SOURCE_TABLES
NASA_CR_3608_DERIVED_BASIC_F18_BETA_MIDPOINT_RESIDUAL,BETA_PLUS10_BETA_MINUS10_AND_BETA0,Basic F-18 zero-controls beta midpoint consistency residual,30,0.10,,0.026000,-0.175000,0.109000,-0.022500,0.004650,-0.008650,0.5*(C(+10deg)+C(-10deg))-C(0deg),DERIVED_MATCHED_GRID_FROM_PAGE_IMAGE_CROSSCHECKED_SOURCE_TABLES
NASA_CR_3608_DERIVED_BASIC_F18_BETA_MIDPOINT_RESIDUAL,BETA_PLUS10_BETA_MINUS10_AND_BETA0,Basic F-18 zero-controls beta midpoint consistency residual,30,0.20,,0.024000,-0.190000,0.194000,-0.041000,-0.005250,-0.001550,0.5*(C(+10deg)+C(-10deg))-C(0deg),DERIVED_MATCHED_GRID_FROM_PAGE_IMAGE_CROSSCHECKED_SOURCE_TABLES
NASA_CR_3608_DERIVED_BASIC_F18_BETA_MIDPOINT_RESIDUAL,BETA_PLUS10_BETA_MINUS10_AND_BETA0,Basic F-18 zero-controls beta midpoint consistency residual,30,0.30,,0.023000,-0.180000,0.015500,-0.057500,-0.026650,0.008800,0.5*(C(+10deg)+C(-10deg))-C(0deg),DERIVED_MATCHED_GRID_FROM_PAGE_IMAGE_CROSSCHECKED_SOURCE_TABLES
NASA_CR_3608_DERIVED_BASIC_F18_BETA_MIDPOINT_RESIDUAL,BETA_PLUS10_BETA_MINUS10_AND_BETA0,Basic F-18 zero-controls beta midpoint consistency residual,30,0.40,,0.019000,-0.165000,0.024000,-0.084000,-0.028250,0.011600,0.5*(C(+10deg)+C(-10deg))-C(0deg),DERIVED_MATCHED_GRID_FROM_PAGE_IMAGE_CROSSCHECKED_SOURCE_TABLES
NASA_CR_3608_DERIVED_BASIC_F18_BETA_MIDPOINT_RESIDUAL,BETA_PLUS10_BETA_MINUS10_AND_BETA0,Basic F-18 zero-controls beta midpoint consistency residual,35,-0.30,,0.017500,-0.110000,-0.008000,-0.046500,0.010350,-0.009450,0.5*(C(+10deg)+C(-10deg))-C(0deg),DERIVED_MATCHED_GRID_FROM_PAGE_IMAGE_CROSSCHECKED_SOURCE_TABLES
NASA_CR_3608_DERIVED_BASIC_F18_BETA_MIDPOINT_RESIDUAL,BETA_PLUS10_BETA_MINUS10_AND_BETA0,Basic F-18 zero-controls beta midpoint consistency residual,35,-0.20,,0.018000,-0.090000,-0.006000,-0.009000,0.004300,-0.005200,0.5*(C(+10deg)+C(-10deg))-C(0deg),DERIVED_MATCHED_GRID_FROM_PAGE_IMAGE_CROSSCHECKED_SOURCE_TABLES
NASA_CR_3608_DERIVED_BASIC_F18_BETA_MIDPOINT_RESIDUAL,BETA_PLUS10_BETA_MINUS10_AND_BETA0,Basic F-18 zero-controls beta midpoint consistency residual,35,-0.10,,0.020500,-0.140000,-0.013000,0.004000,0.004550,0.001100,0.5*(C(+10deg)+C(-10deg))-C(0deg),DERIVED_MATCHED_GRID_FROM_PAGE_IMAGE_CROSSCHECKED_SOURCE_TABLES
NASA_CR_3608_DERIVED_BASIC_F18_BETA_MIDPOINT_RESIDUAL,BETA_PLUS10_BETA_MINUS10_AND_BETA0,Basic F-18 zero-controls beta midpoint consistency residual,35,-0.05,,0.022000,-0.135000,-0.024500,0.010000,0.005800,0.003500,0.5*(C(+10deg)+C(-10deg))-C(0deg),DERIVED_MATCHED_GRID_FROM_PAGE_IMAGE_CROSSCHECKED_SOURCE_TABLES
NASA_CR_3608_DERIVED_BASIC_F18_BETA_MIDPOINT_RESIDUAL,BETA_PLUS10_BETA_MINUS10_AND_BETA0,Basic F-18 zero-controls beta midpoint consistency residual,35,-0.03,,0.022000,-0.130000,-0.027000,0.005500,0.008250,0.001900,0.5*(C(+10deg)+C(-10deg))-C(0deg),DERIVED_MATCHED_GRID_FROM_PAGE_IMAGE_CROSSCHECKED_SOURCE_TABLES
NASA_CR_3608_DERIVED_BASIC_F18_BETA_MIDPOINT_RESIDUAL,BETA_PLUS10_BETA_MINUS10_AND_BETA0,Basic F-18 zero-controls beta midpoint consistency residual,35,0.00,1,0.015500,-0.110000,-0.024500,0.001500,0.013500,0.002700,0.5*(C(+10deg)+C(-10deg))-C(0deg),DERIVED_MATCHED_GRID_FROM_PAGE_IMAGE_CROSSCHECKED_SOURCE_TABLES
NASA_CR_3608_DERIVED_BASIC_F18_BETA_MIDPOINT_RESIDUAL,BETA_PLUS10_BETA_MINUS10_AND_BETA0,Basic F-18 zero-controls beta midpoint consistency residual,35,0.00,2,0.013500,-0.115000,-0.022500,0.008500,0.013650,0.001200,0.5*(C(+10deg)+C(-10deg))-C(0deg),DERIVED_MATCHED_GRID_FROM_PAGE_IMAGE_CROSSCHECKED_SOURCE_TABLES
NASA_CR_3608_DERIVED_BASIC_F18_BETA_MIDPOINT_RESIDUAL,BETA_PLUS10_BETA_MINUS10_AND_BETA0,Basic F-18 zero-controls beta midpoint consistency residual,35,0.03,,0.020000,-0.105000,-0.023500,-0.010000,0.015450,-0.001650,0.5*(C(+10deg)+C(-10deg))-C(0deg),DERIVED_MATCHED_GRID_FROM_PAGE_IMAGE_CROSSCHECKED_SOURCE_TABLES
NASA_CR_3608_DERIVED_BASIC_F18_BETA_MIDPOINT_RESIDUAL,BETA_PLUS10_BETA_MINUS10_AND_BETA0,Basic F-18 zero-controls beta midpoint consistency residual,35,0.05,,0.024000,-0.115000,-0.024500,-0.017500,0.017650,-0.003900,0.5*(C(+10deg)+C(-10deg))-C(0deg),DERIVED_MATCHED_GRID_FROM_PAGE_IMAGE_CROSSCHECKED_SOURCE_TABLES
NASA_CR_3608_DERIVED_BASIC_F18_BETA_MIDPOINT_RESIDUAL,BETA_PLUS10_BETA_MINUS10_AND_BETA0,Basic F-18 zero-controls beta midpoint consistency residual,35,0.10,,0.023000,-0.135000,-0.015500,-0.031000,0.020150,-0.003900,0.5*(C(+10deg)+C(-10deg))-C(0deg),DERIVED_MATCHED_GRID_FROM_PAGE_IMAGE_CROSSCHECKED_SOURCE_TABLES
NASA_CR_3608_DERIVED_BASIC_F18_BETA_MIDPOINT_RESIDUAL,BETA_PLUS10_BETA_MINUS10_AND_BETA0,Basic F-18 zero-controls beta midpoint consistency residual,35,0.20,,0.023500,-0.120000,-0.003000,-0.040500,0.003500,0.004300,0.5*(C(+10deg)+C(-10deg))-C(0deg),DERIVED_MATCHED_GRID_FROM_PAGE_IMAGE_CROSSCHECKED_SOURCE_TABLES
NASA_CR_3608_DERIVED_BASIC_F18_BETA_MIDPOINT_RESIDUAL,BETA_PLUS10_BETA_MINUS10_AND_BETA0,Basic F-18 zero-controls beta midpoint consistency residual,35,0.30,,0.027500,-0.130000,-0.011000,-0.028500,-0.008550,0.010800,0.5*(C(+10deg)+C(-10deg))-C(0deg),DERIVED_MATCHED_GRID_FROM_PAGE_IMAGE_CROSSCHECKED_SOURCE_TABLES
NASA_CR_3608_DERIVED_BASIC_F18_BETA_MIDPOINT_RESIDUAL,BETA_PLUS10_BETA_MINUS10_AND_BETA0,Basic F-18 zero-controls beta midpoint consistency residual,35,0.40,,0.028500,-0.135000,-0.008500,-0.068500,-0.007300,0.022850,0.5*(C(+10deg)+C(-10deg))-C(0deg),DERIVED_MATCHED_GRID_FROM_PAGE_IMAGE_CROSSCHECKED_SOURCE_TABLES
NASA_CR_3608_DERIVED_BASIC_F18_BETA_MIDPOINT_RESIDUAL,BETA_PLUS10_BETA_MINUS10_AND_BETA0,Basic F-18 zero-controls beta midpoint consistency residual,40,-0.30,,0.010500,-0.095000,0.029500,-0.069000,-0.001700,-0.015000,0.5*(C(+10deg)+C(-10deg))-C(0deg),DERIVED_MATCHED_GRID_FROM_PAGE_IMAGE_CROSSCHECKED_SOURCE_TABLES
NASA_CR_3608_DERIVED_BASIC_F18_BETA_MIDPOINT_RESIDUAL,BETA_PLUS10_BETA_MINUS10_AND_BETA0,Basic F-18 zero-controls beta midpoint consistency residual,40,-0.20,,0.012000,-0.110000,0.020500,-0.016500,-0.000050,-0.006750,0.5*(C(+10deg)+C(-10deg))-C(0deg),DERIVED_MATCHED_GRID_FROM_PAGE_IMAGE_CROSSCHECKED_SOURCE_TABLES
NASA_CR_3608_DERIVED_BASIC_F18_BETA_MIDPOINT_RESIDUAL,BETA_PLUS10_BETA_MINUS10_AND_BETA0,Basic F-18 zero-controls beta midpoint consistency residual,40,-0.10,,0.014000,-0.110000,0.009000,-0.018000,-0.002550,0.010000,0.5*(C(+10deg)+C(-10deg))-C(0deg),DERIVED_MATCHED_GRID_FROM_PAGE_IMAGE_CROSSCHECKED_SOURCE_TABLES
NASA_CR_3608_DERIVED_BASIC_F18_BETA_MIDPOINT_RESIDUAL,BETA_PLUS10_BETA_MINUS10_AND_BETA0,Basic F-18 zero-controls beta midpoint consistency residual,40,-0.05,,0.014000,-0.110000,-0.007000,-0.024000,-0.002550,0.014100,0.5*(C(+10deg)+C(-10deg))-C(0deg),DERIVED_MATCHED_GRID_FROM_PAGE_IMAGE_CROSSCHECKED_SOURCE_TABLES
NASA_CR_3608_DERIVED_BASIC_F18_BETA_MIDPOINT_RESIDUAL,BETA_PLUS10_BETA_MINUS10_AND_BETA0,Basic F-18 zero-controls beta midpoint consistency residual,40,-0.03,,0.016500,-0.095000,-0.023500,-0.037500,-0.000650,0.009900,0.5*(C(+10deg)+C(-10deg))-C(0deg),DERIVED_MATCHED_GRID_FROM_PAGE_IMAGE_CROSSCHECKED_SOURCE_TABLES
NASA_CR_3608_DERIVED_BASIC_F18_BETA_MIDPOINT_RESIDUAL,BETA_PLUS10_BETA_MINUS10_AND_BETA0,Basic F-18 zero-controls beta midpoint consistency residual,40,0.00,1,0.010000,-0.075000,-0.032500,-0.013000,0.000850,0.007450,0.5*(C(+10deg)+C(-10deg))-C(0deg),DERIVED_MATCHED_GRID_FROM_PAGE_IMAGE_CROSSCHECKED_SOURCE_TABLES
NASA_CR_3608_DERIVED_BASIC_F18_BETA_MIDPOINT_RESIDUAL,BETA_PLUS10_BETA_MINUS10_AND_BETA0,Basic F-18 zero-controls beta midpoint consistency residual,40,0.00,2,-0.003000,-0.065000,-0.026000,-0.001000,-0.000300,0.006550,0.5*(C(+10deg)+C(-10deg))-C(0deg),DERIVED_MATCHED_GRID_FROM_PAGE_IMAGE_CROSSCHECKED_SOURCE_TABLES
NASA_CR_3608_DERIVED_BASIC_F18_BETA_MIDPOINT_RESIDUAL,BETA_PLUS10_BETA_MINUS10_AND_BETA0,Basic F-18 zero-controls beta midpoint consistency residual,40,0.03,,0.022500,-0.135000,-0.042500,-0.022500,0.002300,-0.001200,0.5*(C(+10deg)+C(-10deg))-C(0deg),DERIVED_MATCHED_GRID_FROM_PAGE_IMAGE_CROSSCHECKED_SOURCE_TABLES
NASA_CR_3608_DERIVED_BASIC_F18_BETA_MIDPOINT_RESIDUAL,BETA_PLUS10_BETA_MINUS10_AND_BETA0,Basic F-18 zero-controls beta midpoint consistency residual,40,0.05,,0.021000,-0.125000,-0.034000,0.005000,0.002100,-0.007150,0.5*(C(+10deg)+C(-10deg))-C(0deg),DERIVED_MATCHED_GRID_FROM_PAGE_IMAGE_CROSSCHECKED_SOURCE_TABLES
NASA_CR_3608_DERIVED_BASIC_F18_BETA_MIDPOINT_RESIDUAL,BETA_PLUS10_BETA_MINUS10_AND_BETA0,Basic F-18 zero-controls beta midpoint consistency residual,40,0.10,,0.019500,-0.125000,-0.012500,-0.006500,0.007250,-0.014800,0.5*(C(+10deg)+C(-10deg))-C(0deg),DERIVED_MATCHED_GRID_FROM_PAGE_IMAGE_CROSSCHECKED_SOURCE_TABLES
NASA_CR_3608_DERIVED_BASIC_F18_BETA_MIDPOINT_RESIDUAL,BETA_PLUS10_BETA_MINUS10_AND_BETA0,Basic F-18 zero-controls beta midpoint consistency residual,40,0.20,,0.018000,-0.150000,0.025000,-0.056500,0.005300,0.000300,0.5*(C(+10deg)+C(-10deg))-C(0deg),DERIVED_MATCHED_GRID_FROM_PAGE_IMAGE_CROSSCHECKED_SOURCE_TABLES
NASA_CR_3608_DERIVED_BASIC_F18_BETA_MIDPOINT_RESIDUAL,BETA_PLUS10_BETA_MINUS10_AND_BETA0,Basic F-18 zero-controls beta midpoint consistency residual,40,0.30,,0.018500,-0.120000,0.021500,-0.017500,0.003050,0.014750,0.5*(C(+10deg)+C(-10deg))-C(0deg),DERIVED_MATCHED_GRID_FROM_PAGE_IMAGE_CROSSCHECKED_SOURCE_TABLES
NASA_CR_3608_DERIVED_BASIC_F18_BETA_MIDPOINT_RESIDUAL,BETA_PLUS10_BETA_MINUS10_AND_BETA0,Basic F-18 zero-controls beta midpoint consistency residual,40,0.40,,0.019500,-0.140000,0.001000,-0.037500,0.002550,0.021800,0.5*(C(+10deg)+C(-10deg))-C(0deg),DERIVED_MATCHED_GRID_FROM_PAGE_IMAGE_CROSSCHECKED_SOURCE_TABLES
NASA_CR_3608_DERIVED_BASIC_F18_BETA_MIDPOINT_RESIDUAL,BETA_PLUS10_BETA_MINUS10_AND_BETA0,Basic F-18 zero-controls beta midpoint consistency residual,45,-0.40,,0.013000,-0.130000,-0.001000,-0.077000,-0.003350,-0.016400,0.5*(C(+10deg)+C(-10deg))-C(0deg),DERIVED_MATCHED_GRID_FROM_PAGE_IMAGE_CROSSCHECKED_SOURCE_TABLES
NASA_CR_3608_DERIVED_BASIC_F18_BETA_MIDPOINT_RESIDUAL,BETA_PLUS10_BETA_MINUS10_AND_BETA0,Basic F-18 zero-controls beta midpoint consistency residual,45,-0.30,,0.020500,-0.120000,-0.001000,-0.038500,0.000400,-0.015800,0.5*(C(+10deg)+C(-10deg))-C(0deg),DERIVED_MATCHED_GRID_FROM_PAGE_IMAGE_CROSSCHECKED_SOURCE_TABLES
NASA_CR_3608_DERIVED_BASIC_F18_BETA_MIDPOINT_RESIDUAL,BETA_PLUS10_BETA_MINUS10_AND_BETA0,Basic F-18 zero-controls beta midpoint consistency residual,45,-0.20,,0.023500,-0.160000,0.006000,0.022500,0.001350,-0.005400,0.5*(C(+10deg)+C(-10deg))-C(0deg),DERIVED_MATCHED_GRID_FROM_PAGE_IMAGE_CROSSCHECKED_SOURCE_TABLES
NASA_CR_3608_DERIVED_BASIC_F18_BETA_MIDPOINT_RESIDUAL,BETA_PLUS10_BETA_MINUS10_AND_BETA0,Basic F-18 zero-controls beta midpoint consistency residual,45,-0.10,,0.029500,-0.190000,0.039500,0.024500,0.001100,0.015650,0.5*(C(+10deg)+C(-10deg))-C(0deg),DERIVED_MATCHED_GRID_FROM_PAGE_IMAGE_CROSSCHECKED_SOURCE_TABLES
NASA_CR_3608_DERIVED_BASIC_F18_BETA_MIDPOINT_RESIDUAL,BETA_PLUS10_BETA_MINUS10_AND_BETA0,Basic F-18 zero-controls beta midpoint consistency residual,45,-0.05,,0.030500,-0.145000,0.024000,-0.015500,0.003450,0.011300,0.5*(C(+10deg)+C(-10deg))-C(0deg),DERIVED_MATCHED_GRID_FROM_PAGE_IMAGE_CROSSCHECKED_SOURCE_TABLES
NASA_CR_3608_DERIVED_BASIC_F18_BETA_MIDPOINT_RESIDUAL,BETA_PLUS10_BETA_MINUS10_AND_BETA0,Basic F-18 zero-controls beta midpoint consistency residual,45,-0.03,,0.031500,-0.160000,0.017000,-0.024500,0.003700,0.009350,0.5*(C(+10deg)+C(-10deg))-C(0deg),DERIVED_MATCHED_GRID_FROM_PAGE_IMAGE_CROSSCHECKED_SOURCE_TABLES
NASA_CR_3608_DERIVED_BASIC_F18_BETA_MIDPOINT_RESIDUAL,BETA_PLUS10_BETA_MINUS10_AND_BETA0,Basic F-18 zero-controls beta midpoint consistency residual,45,0.00,1,0.009000,-0.105000,0.003000,-0.005500,0.002100,0.007750,0.5*(C(+10deg)+C(-10deg))-C(0deg),DERIVED_MATCHED_GRID_FROM_PAGE_IMAGE_CROSSCHECKED_SOURCE_TABLES
NASA_CR_3608_DERIVED_BASIC_F18_BETA_MIDPOINT_RESIDUAL,BETA_PLUS10_BETA_MINUS10_AND_BETA0,Basic F-18 zero-controls beta midpoint consistency residual,45,0.00,2,0.008000,-0.105000,-0.016000,-0.006500,0.004350,0.007100,0.5*(C(+10deg)+C(-10deg))-C(0deg),DERIVED_MATCHED_GRID_FROM_PAGE_IMAGE_CROSSCHECKED_SOURCE_TABLES
NASA_CR_3608_DERIVED_BASIC_F18_BETA_MIDPOINT_RESIDUAL,BETA_PLUS10_BETA_MINUS10_AND_BETA0,Basic F-18 zero-controls beta midpoint consistency residual,45,0.03,,0.027000,-0.170000,-0.026500,-0.004000,0.003200,0.001350,0.5*(C(+10deg)+C(-10deg))-C(0deg),DERIVED_MATCHED_GRID_FROM_PAGE_IMAGE_CROSSCHECKED_SOURCE_TABLES
NASA_CR_3608_DERIVED_BASIC_F18_BETA_MIDPOINT_RESIDUAL,BETA_PLUS10_BETA_MINUS10_AND_BETA0,Basic F-18 zero-controls beta midpoint consistency residual,45,0.05,,0.030000,-0.190000,-0.034000,-0.009500,0.001050,-0.000450,0.5*(C(+10deg)+C(-10deg))-C(0deg),DERIVED_MATCHED_GRID_FROM_PAGE_IMAGE_CROSSCHECKED_SOURCE_TABLES
NASA_CR_3608_DERIVED_BASIC_F18_BETA_MIDPOINT_RESIDUAL,BETA_PLUS10_BETA_MINUS10_AND_BETA0,Basic F-18 zero-controls beta midpoint consistency residual,45,0.10,,0.028500,-0.210000,-0.010000,0.007000,-0.002400,-0.014150,0.5*(C(+10deg)+C(-10deg))-C(0deg),DERIVED_MATCHED_GRID_FROM_PAGE_IMAGE_CROSSCHECKED_SOURCE_TABLES
NASA_CR_3608_DERIVED_BASIC_F18_BETA_MIDPOINT_RESIDUAL,BETA_PLUS10_BETA_MINUS10_AND_BETA0,Basic F-18 zero-controls beta midpoint consistency residual,45,0.20,,0.028000,-0.220000,0.026500,-0.056000,0.000250,-0.022000,0.5*(C(+10deg)+C(-10deg))-C(0deg),DERIVED_MATCHED_GRID_FROM_PAGE_IMAGE_CROSSCHECKED_SOURCE_TABLES
NASA_CR_3608_DERIVED_BASIC_F18_BETA_MIDPOINT_RESIDUAL,BETA_PLUS10_BETA_MINUS10_AND_BETA0,Basic F-18 zero-controls beta midpoint consistency residual,45,0.30,,0.028500,-0.200000,-0.014500,-0.052000,0.000250,0.014000,0.5*(C(+10deg)+C(-10deg))-C(0deg),DERIVED_MATCHED_GRID_FROM_PAGE_IMAGE_CROSSCHECKED_SOURCE_TABLES
NASA_CR_3608_DERIVED_BASIC_F18_BETA_MIDPOINT_RESIDUAL,BETA_PLUS10_BETA_MINUS10_AND_BETA0,Basic F-18 zero-controls beta midpoint consistency residual,45,0.40,,0.023000,-0.175000,-0.031000,-0.051000,0.006650,0.020400,0.5*(C(+10deg)+C(-10deg))-C(0deg),DERIVED_MATCHED_GRID_FROM_PAGE_IMAGE_CROSSCHECKED_SOURCE_TABLES
NASA_CR_3608_DERIVED_BASIC_F18_BETA_MIDPOINT_RESIDUAL,BETA_PLUS10_BETA_MINUS10_AND_BETA0,Basic F-18 zero-controls beta midpoint consistency residual,50,-0.40,,0.018500,-0.200000,-0.009000,-0.144000,0.015250,-0.017900,0.5*(C(+10deg)+C(-10deg))-C(0deg),DERIVED_MATCHED_GRID_FROM_PAGE_IMAGE_CROSSCHECKED_SOURCE_TABLES
NASA_CR_3608_DERIVED_BASIC_F18_BETA_MIDPOINT_RESIDUAL,BETA_PLUS10_BETA_MINUS10_AND_BETA0,Basic F-18 zero-controls beta midpoint consistency residual,50,-0.30,,0.021000,-0.155000,-0.021000,-0.082500,0.008800,-0.011300,0.5*(C(+10deg)+C(-10deg))-C(0deg),DERIVED_MATCHED_GRID_FROM_PAGE_IMAGE_CROSSCHECKED_SOURCE_TABLES
NASA_CR_3608_DERIVED_BASIC_F18_BETA_MIDPOINT_RESIDUAL,BETA_PLUS10_BETA_MINUS10_AND_BETA0,Basic F-18 zero-controls beta midpoint consistency residual,50,-0.20,,0.023500,-0.180000,-0.028500,-0.016000,0.003450,-0.003350,0.5*(C(+10deg)+C(-10deg))-C(0deg),DERIVED_MATCHED_GRID_FROM_PAGE_IMAGE_CROSSCHECKED_SOURCE_TABLES
NASA_CR_3608_DERIVED_BASIC_F18_BETA_MIDPOINT_RESIDUAL,BETA_PLUS10_BETA_MINUS10_AND_BETA0,Basic F-18 zero-controls beta midpoint consistency residual,50,-0.10,,0.024000,-0.210000,-0.030000,0.016500,0.001550,-0.003950,0.5*(C(+10deg)+C(-10deg))-C(0deg),DERIVED_MATCHED_GRID_FROM_PAGE_IMAGE_CROSSCHECKED_SOURCE_TABLES
NASA_CR_3608_DERIVED_BASIC_F18_BETA_MIDPOINT_RESIDUAL,BETA_PLUS10_BETA_MINUS10_AND_BETA0,Basic F-18 zero-controls beta midpoint consistency residual,50,-0.05,,0.025000,-0.155000,0.017000,0.034500,0.000250,0.008150,0.5*(C(+10deg)+C(-10deg))-C(0deg),DERIVED_MATCHED_GRID_FROM_PAGE_IMAGE_CROSSCHECKED_SOURCE_TABLES
NASA_CR_3608_DERIVED_BASIC_F18_BETA_MIDPOINT_RESIDUAL,BETA_PLUS10_BETA_MINUS10_AND_BETA0,Basic F-18 zero-controls beta midpoint consistency residual,50,-0.03,,0.025000,-0.155000,0.035000,0.027000,0.000750,0.011600,0.5*(C(+10deg)+C(-10deg))-C(0deg),DERIVED_MATCHED_GRID_FROM_PAGE_IMAGE_CROSSCHECKED_SOURCE_TABLES
NASA_CR_3608_DERIVED_BASIC_F18_BETA_MIDPOINT_RESIDUAL,BETA_PLUS10_BETA_MINUS10_AND_BETA0,Basic F-18 zero-controls beta midpoint consistency residual,50,0.00,1,0.010500,-0.090000,0.061500,0.021000,0.002600,0.018350,0.5*(C(+10deg)+C(-10deg))-C(0deg),DERIVED_MATCHED_GRID_FROM_PAGE_IMAGE_CROSSCHECKED_SOURCE_TABLES
NASA_CR_3608_DERIVED_BASIC_F18_BETA_MIDPOINT_RESIDUAL,BETA_PLUS10_BETA_MINUS10_AND_BETA0,Basic F-18 zero-controls beta midpoint consistency residual,50,0.00,2,0.018500,-0.060000,0.044500,0.015500,0.002700,0.015200,0.5*(C(+10deg)+C(-10deg))-C(0deg),DERIVED_MATCHED_GRID_FROM_PAGE_IMAGE_CROSSCHECKED_SOURCE_TABLES
NASA_CR_3608_DERIVED_BASIC_F18_BETA_MIDPOINT_RESIDUAL,BETA_PLUS10_BETA_MINUS10_AND_BETA0,Basic F-18 zero-controls beta midpoint consistency residual,50,0.03,,0.023500,-0.100000,0.041500,-0.000500,0.003900,0.009700,0.5*(C(+10deg)+C(-10deg))-C(0deg),DERIVED_MATCHED_GRID_FROM_PAGE_IMAGE_CROSSCHECKED_SOURCE_TABLES
NASA_CR_3608_DERIVED_BASIC_F18_BETA_MIDPOINT_RESIDUAL,BETA_PLUS10_BETA_MINUS10_AND_BETA0,Basic F-18 zero-controls beta midpoint consistency residual,50,0.05,,0.024500,-0.205000,0.021000,0.004000,-0.001050,0.010300,0.5*(C(+10deg)+C(-10deg))-C(0deg),DERIVED_MATCHED_GRID_FROM_PAGE_IMAGE_CROSSCHECKED_SOURCE_TABLES
NASA_CR_3608_DERIVED_BASIC_F18_BETA_MIDPOINT_RESIDUAL,BETA_PLUS10_BETA_MINUS10_AND_BETA0,Basic F-18 zero-controls beta midpoint consistency residual,50,0.10,,0.024000,-0.215000,0.005000,-0.009000,-0.002950,-0.013300,0.5*(C(+10deg)+C(-10deg))-C(0deg),DERIVED_MATCHED_GRID_FROM_PAGE_IMAGE_CROSSCHECKED_SOURCE_TABLES
NASA_CR_3608_DERIVED_BASIC_F18_BETA_MIDPOINT_RESIDUAL,BETA_PLUS10_BETA_MINUS10_AND_BETA0,Basic F-18 zero-controls beta midpoint consistency residual,50,0.20,,0.018000,-0.200000,-0.028500,-0.064000,-0.008600,-0.022950,0.5*(C(+10deg)+C(-10deg))-C(0deg),DERIVED_MATCHED_GRID_FROM_PAGE_IMAGE_CROSSCHECKED_SOURCE_TABLES
NASA_CR_3608_DERIVED_BASIC_F18_BETA_MIDPOINT_RESIDUAL,BETA_PLUS10_BETA_MINUS10_AND_BETA0,Basic F-18 zero-controls beta midpoint consistency residual,50,0.30,,0.030000,-0.210000,-0.045000,-0.000500,0.001100,0.021100,0.5*(C(+10deg)+C(-10deg))-C(0deg),DERIVED_MATCHED_GRID_FROM_PAGE_IMAGE_CROSSCHECKED_SOURCE_TABLES
NASA_CR_3608_DERIVED_BASIC_F18_BETA_MIDPOINT_RESIDUAL,BETA_PLUS10_BETA_MINUS10_AND_BETA0,Basic F-18 zero-controls beta midpoint consistency residual,50,0.40,,0.020500,-0.240000,-0.015500,-0.014500,-0.010550,0.016850,0.5*(C(+10deg)+C(-10deg))-C(0deg),DERIVED_MATCHED_GRID_FROM_PAGE_IMAGE_CROSSCHECKED_SOURCE_TABLES
NASA_CR_3608_DERIVED_BASIC_F18_BETA_MIDPOINT_RESIDUAL,BETA_PLUS10_BETA_MINUS10_AND_BETA0,Basic F-18 zero-controls beta midpoint consistency residual,55,-0.40,,0.022500,-0.155000,0.008500,-0.084500,-0.001200,-0.003450,0.5*(C(+10deg)+C(-10deg))-C(0deg),DERIVED_MATCHED_GRID_FROM_PAGE_IMAGE_CROSSCHECKED_SOURCE_TABLES
NASA_CR_3608_DERIVED_BASIC_F18_BETA_MIDPOINT_RESIDUAL,BETA_PLUS10_BETA_MINUS10_AND_BETA0,Basic F-18 zero-controls beta midpoint consistency residual,55,-0.30,,0.024000,-0.135000,-0.006000,-0.066000,0.000900,-0.011750,0.5*(C(+10deg)+C(-10deg))-C(0deg),DERIVED_MATCHED_GRID_FROM_PAGE_IMAGE_CROSSCHECKED_SOURCE_TABLES
NASA_CR_3608_DERIVED_BASIC_F18_BETA_MIDPOINT_RESIDUAL,BETA_PLUS10_BETA_MINUS10_AND_BETA0,Basic F-18 zero-controls beta midpoint consistency residual,55,-0.20,,0.029500,-0.130000,-0.024000,-0.037000,0.002450,-0.004900,0.5*(C(+10deg)+C(-10deg))-C(0deg),DERIVED_MATCHED_GRID_FROM_PAGE_IMAGE_CROSSCHECKED_SOURCE_TABLES
NASA_CR_3608_DERIVED_BASIC_F18_BETA_MIDPOINT_RESIDUAL,BETA_PLUS10_BETA_MINUS10_AND_BETA0,Basic F-18 zero-controls beta midpoint consistency residual,55,-0.10,,0.029000,-0.120000,0.007000,-0.030500,0.000750,-0.006850,0.5*(C(+10deg)+C(-10deg))-C(0deg),DERIVED_MATCHED_GRID_FROM_PAGE_IMAGE_CROSSCHECKED_SOURCE_TABLES
NASA_CR_3608_DERIVED_BASIC_F18_BETA_MIDPOINT_RESIDUAL,BETA_PLUS10_BETA_MINUS10_AND_BETA0,Basic F-18 zero-controls beta midpoint consistency residual,55,-0.05,,0.026000,-0.115000,0.041500,-0.006500,0.000450,0.002450,0.5*(C(+10deg)+C(-10deg))-C(0deg),DERIVED_MATCHED_GRID_FROM_PAGE_IMAGE_CROSSCHECKED_SOURCE_TABLES
NASA_CR_3608_DERIVED_BASIC_F18_BETA_MIDPOINT_RESIDUAL,BETA_PLUS10_BETA_MINUS10_AND_BETA0,Basic F-18 zero-controls beta midpoint consistency residual,55,-0.03,,0.023500,-0.110000,0.043000,-0.006000,0.002300,0.005300,0.5*(C(+10deg)+C(-10deg))-C(0deg),DERIVED_MATCHED_GRID_FROM_PAGE_IMAGE_CROSSCHECKED_SOURCE_TABLES
NASA_CR_3608_DERIVED_BASIC_F18_BETA_MIDPOINT_RESIDUAL,BETA_PLUS10_BETA_MINUS10_AND_BETA0,Basic F-18 zero-controls beta midpoint consistency residual,55,0.00,1,0.005000,-0.035000,0.064000,0.003500,0.002300,-0.004450,0.5*(C(+10deg)+C(-10deg))-C(0deg),DERIVED_MATCHED_GRID_FROM_PAGE_IMAGE_CROSSCHECKED_SOURCE_TABLES
NASA_CR_3608_DERIVED_BASIC_F18_BETA_MIDPOINT_RESIDUAL,BETA_PLUS10_BETA_MINUS10_AND_BETA0,Basic F-18 zero-controls beta midpoint consistency residual,55,0.00,2,0.003500,-0.020000,0.054000,0.008500,0.003900,-0.002850,0.5*(C(+10deg)+C(-10deg))-C(0deg),DERIVED_MATCHED_GRID_FROM_PAGE_IMAGE_CROSSCHECKED_SOURCE_TABLES
NASA_CR_3608_DERIVED_BASIC_F18_BETA_MIDPOINT_RESIDUAL,BETA_PLUS10_BETA_MINUS10_AND_BETA0,Basic F-18 zero-controls beta midpoint consistency residual,55,0.03,,0.028000,-0.075000,0.021500,0.009500,0.001100,-0.011000,0.5*(C(+10deg)+C(-10deg))-C(0deg),DERIVED_MATCHED_GRID_FROM_PAGE_IMAGE_CROSSCHECKED_SOURCE_TABLES
NASA_CR_3608_DERIVED_BASIC_F18_BETA_MIDPOINT_RESIDUAL,BETA_PLUS10_BETA_MINUS10_AND_BETA0,Basic F-18 zero-controls beta midpoint consistency residual,55,0.05,,0.027500,-0.130000,-0.018500,0.013000,-0.000850,-0.007600,0.5*(C(+10deg)+C(-10deg))-C(0deg),DERIVED_MATCHED_GRID_FROM_PAGE_IMAGE_CROSSCHECKED_SOURCE_TABLES
NASA_CR_3608_DERIVED_BASIC_F18_BETA_MIDPOINT_RESIDUAL,BETA_PLUS10_BETA_MINUS10_AND_BETA0,Basic F-18 zero-controls beta midpoint consistency residual,55,0.10,,0.033000,-0.160000,-0.043500,-0.004000,-0.004950,-0.010100,0.5*(C(+10deg)+C(-10deg))-C(0deg),DERIVED_MATCHED_GRID_FROM_PAGE_IMAGE_CROSSCHECKED_SOURCE_TABLES
NASA_CR_3608_DERIVED_BASIC_F18_BETA_MIDPOINT_RESIDUAL,BETA_PLUS10_BETA_MINUS10_AND_BETA0,Basic F-18 zero-controls beta midpoint consistency residual,55,0.20,,0.031500,-0.145000,-0.056500,-0.016000,-0.001050,0.002100,0.5*(C(+10deg)+C(-10deg))-C(0deg),DERIVED_MATCHED_GRID_FROM_PAGE_IMAGE_CROSSCHECKED_SOURCE_TABLES
NASA_CR_3608_DERIVED_BASIC_F18_BETA_MIDPOINT_RESIDUAL,BETA_PLUS10_BETA_MINUS10_AND_BETA0,Basic F-18 zero-controls beta midpoint consistency residual,55,0.30,,0.031500,-0.160000,-0.014500,-0.017500,-0.006500,0.001100,0.5*(C(+10deg)+C(-10deg))-C(0deg),DERIVED_MATCHED_GRID_FROM_PAGE_IMAGE_CROSSCHECKED_SOURCE_TABLES
NASA_CR_3608_DERIVED_BASIC_F18_BETA_MIDPOINT_RESIDUAL,BETA_PLUS10_BETA_MINUS10_AND_BETA0,Basic F-18 zero-controls beta midpoint consistency residual,55,0.40,,0.028500,-0.150000,0.016000,-0.079500,-0.001700,-0.007050,0.5*(C(+10deg)+C(-10deg))-C(0deg),DERIVED_MATCHED_GRID_FROM_PAGE_IMAGE_CROSSCHECKED_SOURCE_TABLES
NASA_CR_3608_DERIVED_BASIC_F18_BETA_MIDPOINT_RESIDUAL,BETA_PLUS10_BETA_MINUS10_AND_BETA0,Basic F-18 zero-controls beta midpoint consistency residual,60,-0.40,,0.020000,-0.130000,0.006500,-0.068500,-0.002350,0.001600,0.5*(C(+10deg)+C(-10deg))-C(0deg),DERIVED_MATCHED_GRID_FROM_PAGE_IMAGE_CROSSCHECKED_SOURCE_TABLES
NASA_CR_3608_DERIVED_BASIC_F18_BETA_MIDPOINT_RESIDUAL,BETA_PLUS10_BETA_MINUS10_AND_BETA0,Basic F-18 zero-controls beta midpoint consistency residual,60,-0.30,,0.022000,-0.120000,0.004500,-0.036500,-0.001000,0.002150,0.5*(C(+10deg)+C(-10deg))-C(0deg),DERIVED_MATCHED_GRID_FROM_PAGE_IMAGE_CROSSCHECKED_SOURCE_TABLES
NASA_CR_3608_DERIVED_BASIC_F18_BETA_MIDPOINT_RESIDUAL,BETA_PLUS10_BETA_MINUS10_AND_BETA0,Basic F-18 zero-controls beta midpoint consistency residual,60,-0.20,,0.024500,-0.110000,0.006000,-0.025500,-0.000600,-0.005250,0.5*(C(+10deg)+C(-10deg))-C(0deg),DERIVED_MATCHED_GRID_FROM_PAGE_IMAGE_CROSSCHECKED_SOURCE_TABLES
NASA_CR_3608_DERIVED_BASIC_F18_BETA_MIDPOINT_RESIDUAL,BETA_PLUS10_BETA_MINUS10_AND_BETA0,Basic F-18 zero-controls beta midpoint consistency residual,60,-0.10,,0.024000,-0.065000,0.041500,0.022500,0.002050,0.005650,0.5*(C(+10deg)+C(-10deg))-C(0deg),DERIVED_MATCHED_GRID_FROM_PAGE_IMAGE_CROSSCHECKED_SOURCE_TABLES
NASA_CR_3608_DERIVED_BASIC_F18_BETA_MIDPOINT_RESIDUAL,BETA_PLUS10_BETA_MINUS10_AND_BETA0,Basic F-18 zero-controls beta midpoint consistency residual,60,-0.05,,0.028000,-0.030000,0.049000,0.019000,0.003400,-0.007300,0.5*(C(+10deg)+C(-10deg))-C(0deg),DERIVED_MATCHED_GRID_FROM_PAGE_IMAGE_CROSSCHECKED_SOURCE_TABLES
NASA_CR_3608_DERIVED_BASIC_F18_BETA_MIDPOINT_RESIDUAL,BETA_PLUS10_BETA_MINUS10_AND_BETA0,Basic F-18 zero-controls beta midpoint consistency residual,60,-0.03,,0.030000,-0.065000,0.034500,-0.009000,0.000850,-0.018150,0.5*(C(+10deg)+C(-10deg))-C(0deg),DERIVED_MATCHED_GRID_FROM_PAGE_IMAGE_CROSSCHECKED_SOURCE_TABLES
NASA_CR_3608_DERIVED_BASIC_F18_BETA_MIDPOINT_RESIDUAL,BETA_PLUS10_BETA_MINUS10_AND_BETA0,Basic F-18 zero-controls beta midpoint consistency residual,60,0.00,1,0.016000,-0.030000,0.035000,0.002000,-0.000150,-0.004400,0.5*(C(+10deg)+C(-10deg))-C(0deg),DERIVED_MATCHED_GRID_FROM_PAGE_IMAGE_CROSSCHECKED_SOURCE_TABLES
NASA_CR_3608_DERIVED_BASIC_F18_BETA_MIDPOINT_RESIDUAL,BETA_PLUS10_BETA_MINUS10_AND_BETA0,Basic F-18 zero-controls beta midpoint consistency residual,60,0.00,2,0.018000,-0.035000,0.030000,0.021500,-0.000450,-0.004950,0.5*(C(+10deg)+C(-10deg))-C(0deg),DERIVED_MATCHED_GRID_FROM_PAGE_IMAGE_CROSSCHECKED_SOURCE_TABLES
NASA_CR_3608_DERIVED_BASIC_F18_BETA_MIDPOINT_RESIDUAL,BETA_PLUS10_BETA_MINUS10_AND_BETA0,Basic F-18 zero-controls beta midpoint consistency residual,60,0.03,,0.037000,-0.095000,0.015500,-0.013500,-0.000150,-0.004150,0.5*(C(+10deg)+C(-10deg))-C(0deg),DERIVED_MATCHED_GRID_FROM_PAGE_IMAGE_CROSSCHECKED_SOURCE_TABLES
NASA_CR_3608_DERIVED_BASIC_F18_BETA_MIDPOINT_RESIDUAL,BETA_PLUS10_BETA_MINUS10_AND_BETA0,Basic F-18 zero-controls beta midpoint consistency residual,60,0.05,,0.036000,-0.150000,-0.018500,-0.007000,0.001200,-0.005350,0.5*(C(+10deg)+C(-10deg))-C(0deg),DERIVED_MATCHED_GRID_FROM_PAGE_IMAGE_CROSSCHECKED_SOURCE_TABLES
NASA_CR_3608_DERIVED_BASIC_F18_BETA_MIDPOINT_RESIDUAL,BETA_PLUS10_BETA_MINUS10_AND_BETA0,Basic F-18 zero-controls beta midpoint consistency residual,60,0.10,,0.037500,-0.255000,-0.067500,-0.053500,0.006950,-0.043750,0.5*(C(+10deg)+C(-10deg))-C(0deg),DERIVED_MATCHED_GRID_FROM_PAGE_IMAGE_CROSSCHECKED_SOURCE_TABLES
NASA_CR_3608_DERIVED_BASIC_F18_BETA_MIDPOINT_RESIDUAL,BETA_PLUS10_BETA_MINUS10_AND_BETA0,Basic F-18 zero-controls beta midpoint consistency residual,60,0.20,,0.040500,-0.205000,-0.038000,0.069500,0.005750,0.019900,0.5*(C(+10deg)+C(-10deg))-C(0deg),DERIVED_MATCHED_GRID_FROM_PAGE_IMAGE_CROSSCHECKED_SOURCE_TABLES
NASA_CR_3608_DERIVED_BASIC_F18_BETA_MIDPOINT_RESIDUAL,BETA_PLUS10_BETA_MINUS10_AND_BETA0,Basic F-18 zero-controls beta midpoint consistency residual,60,0.30,,0.035000,-0.210000,0.018000,-0.033500,0.007750,-0.006400,0.5*(C(+10deg)+C(-10deg))-C(0deg),DERIVED_MATCHED_GRID_FROM_PAGE_IMAGE_CROSSCHECKED_SOURCE_TABLES
NASA_CR_3608_DERIVED_BASIC_F18_BETA_MIDPOINT_RESIDUAL,BETA_PLUS10_BETA_MINUS10_AND_BETA0,Basic F-18 zero-controls beta midpoint consistency residual,60,0.40,,0.035000,-0.195000,-0.022000,-0.073500,0.000900,-0.004500,0.5*(C(+10deg)+C(-10deg))-C(0deg),DERIVED_MATCHED_GRID_FROM_PAGE_IMAGE_CROSSCHECKED_SOURCE_TABLES
NASA_CR_3608_DERIVED_BASIC_F18_BETA_MIDPOINT_RESIDUAL,BETA_PLUS10_BETA_MINUS10_AND_BETA0,Basic F-18 zero-controls beta midpoint consistency residual,65,-0.40,,0.004000,-0.085000,-0.009000,-0.042000,-0.006650,-0.003400,0.5*(C(+10deg)+C(-10deg))-C(0deg),DERIVED_MATCHED_GRID_FROM_PAGE_IMAGE_CROSSCHECKED_SOURCE_TABLES
NASA_CR_3608_DERIVED_BASIC_F18_BETA_MIDPOINT_RESIDUAL,BETA_PLUS10_BETA_MINUS10_AND_BETA0,Basic F-18 zero-controls beta midpoint consistency residual,65,-0.30,,0.009500,-0.075000,-0.003500,-0.013500,-0.003600,-0.001100,0.5*(C(+10deg)+C(-10deg))-C(0deg),DERIVED_MATCHED_GRID_FROM_PAGE_IMAGE_CROSSCHECKED_SOURCE_TABLES
NASA_CR_3608_DERIVED_BASIC_F18_BETA_MIDPOINT_RESIDUAL,BETA_PLUS10_BETA_MINUS10_AND_BETA0,Basic F-18 zero-controls beta midpoint consistency residual,65,-0.20,,0.012500,-0.065000,0.019000,0.004500,-0.002300,0.001300,0.5*(C(+10deg)+C(-10deg))-C(0deg),DERIVED_MATCHED_GRID_FROM_PAGE_IMAGE_CROSSCHECKED_SOURCE_TABLES
NASA_CR_3608_DERIVED_BASIC_F18_BETA_MIDPOINT_RESIDUAL,BETA_PLUS10_BETA_MINUS10_AND_BETA0,Basic F-18 zero-controls beta midpoint consistency residual,65,-0.10,,0.019500,-0.030000,0.021000,0.018000,-0.001200,-0.002900,0.5*(C(+10deg)+C(-10deg))-C(0deg),DERIVED_MATCHED_GRID_FROM_PAGE_IMAGE_CROSSCHECKED_SOURCE_TABLES
NASA_CR_3608_DERIVED_BASIC_F18_BETA_MIDPOINT_RESIDUAL,BETA_PLUS10_BETA_MINUS10_AND_BETA0,Basic F-18 zero-controls beta midpoint consistency residual,65,-0.05,,0.022500,0.000000,0.036500,0.043500,0.001300,-0.008100,0.5*(C(+10deg)+C(-10deg))-C(0deg),DERIVED_MATCHED_GRID_FROM_PAGE_IMAGE_CROSSCHECKED_SOURCE_TABLES
NASA_CR_3608_DERIVED_BASIC_F18_BETA_MIDPOINT_RESIDUAL,BETA_PLUS10_BETA_MINUS10_AND_BETA0,Basic F-18 zero-controls beta midpoint consistency residual,65,-0.03,,0.023000,-0.030000,0.033500,0.036000,0.000550,-0.003750,0.5*(C(+10deg)+C(-10deg))-C(0deg),DERIVED_MATCHED_GRID_FROM_PAGE_IMAGE_CROSSCHECKED_SOURCE_TABLES
NASA_CR_3608_DERIVED_BASIC_F18_BETA_MIDPOINT_RESIDUAL,BETA_PLUS10_BETA_MINUS10_AND_BETA0,Basic F-18 zero-controls beta midpoint consistency residual,65,0.00,1,0.010000,-0.040000,0.005000,0.016000,-0.000600,-0.003250,0.5*(C(+10deg)+C(-10deg))-C(0deg),DERIVED_MATCHED_GRID_FROM_PAGE_IMAGE_CROSSCHECKED_SOURCE_TABLES
NASA_CR_3608_DERIVED_BASIC_F18_BETA_MIDPOINT_RESIDUAL,BETA_PLUS10_BETA_MINUS10_AND_BETA0,Basic F-18 zero-controls beta midpoint consistency residual,65,0.00,2,0.009000,-0.040000,0.003000,0.024000,-0.001850,-0.002050,0.5*(C(+10deg)+C(-10deg))-C(0deg),DERIVED_MATCHED_GRID_FROM_PAGE_IMAGE_CROSSCHECKED_SOURCE_TABLES
NASA_CR_3608_DERIVED_BASIC_F18_BETA_MIDPOINT_RESIDUAL,BETA_PLUS10_BETA_MINUS10_AND_BETA0,Basic F-18 zero-controls beta midpoint consistency residual,65,0.03,,0.022500,-0.030000,0.023500,0.037500,-0.000550,-0.003650,0.5*(C(+10deg)+C(-10deg))-C(0deg),DERIVED_MATCHED_GRID_FROM_PAGE_IMAGE_CROSSCHECKED_SOURCE_TABLES
NASA_CR_3608_DERIVED_BASIC_F18_BETA_MIDPOINT_RESIDUAL,BETA_PLUS10_BETA_MINUS10_AND_BETA0,Basic F-18 zero-controls beta midpoint consistency residual,65,0.05,,0.020500,-0.050000,0.029000,0.032500,0.000000,-0.003000,0.5*(C(+10deg)+C(-10deg))-C(0deg),DERIVED_MATCHED_GRID_FROM_PAGE_IMAGE_CROSSCHECKED_SOURCE_TABLES
NASA_CR_3608_DERIVED_BASIC_F18_BETA_MIDPOINT_RESIDUAL,BETA_PLUS10_BETA_MINUS10_AND_BETA0,Basic F-18 zero-controls beta midpoint consistency residual,65,0.10,,0.021000,-0.150000,0.000500,0.034000,0.007100,-0.020950,0.5*(C(+10deg)+C(-10deg))-C(0deg),DERIVED_MATCHED_GRID_FROM_PAGE_IMAGE_CROSSCHECKED_SOURCE_TABLES
NASA_CR_3608_DERIVED_BASIC_F18_BETA_MIDPOINT_RESIDUAL,BETA_PLUS10_BETA_MINUS10_AND_BETA0,Basic F-18 zero-controls beta midpoint consistency residual,65,0.20,,0.024500,-0.215000,-0.063000,0.018000,0.003150,-0.027000,0.5*(C(+10deg)+C(-10deg))-C(0deg),DERIVED_MATCHED_GRID_FROM_PAGE_IMAGE_CROSSCHECKED_SOURCE_TABLES
NASA_CR_3608_DERIVED_BASIC_F18_BETA_MIDPOINT_RESIDUAL,BETA_PLUS10_BETA_MINUS10_AND_BETA0,Basic F-18 zero-controls beta midpoint consistency residual,65,0.30,,0.015000,-0.155000,0.026000,0.012000,0.011100,0.013200,0.5*(C(+10deg)+C(-10deg))-C(0deg),DERIVED_MATCHED_GRID_FROM_PAGE_IMAGE_CROSSCHECKED_SOURCE_TABLES
NASA_CR_3608_DERIVED_BASIC_F18_BETA_MIDPOINT_RESIDUAL,BETA_PLUS10_BETA_MINUS10_AND_BETA0,Basic F-18 zero-controls beta midpoint consistency residual,65,0.40,,0.017000,-0.145000,-0.026500,-0.021000,-0.000100,-0.001100,0.5*(C(+10deg)+C(-10deg))-C(0deg),DERIVED_MATCHED_GRID_FROM_PAGE_IMAGE_CROSSCHECKED_SOURCE_TABLES
NASA_CR_3608_DERIVED_BASIC_F18_BETA_MIDPOINT_RESIDUAL,BETA_PLUS10_BETA_MINUS10_AND_BETA0,Basic F-18 zero-controls beta midpoint consistency residual,70,-0.40,,0.028500,-0.105000,-0.012000,-0.065500,-0.007000,-0.009700,0.5*(C(+10deg)+C(-10deg))-C(0deg),DERIVED_MATCHED_GRID_FROM_PAGE_IMAGE_CROSSCHECKED_SOURCE_TABLES
NASA_CR_3608_DERIVED_BASIC_F18_BETA_MIDPOINT_RESIDUAL,BETA_PLUS10_BETA_MINUS10_AND_BETA0,Basic F-18 zero-controls beta midpoint consistency residual,70,-0.30,,0.023500,-0.040000,-0.003500,-0.019500,-0.002550,-0.004400,0.5*(C(+10deg)+C(-10deg))-C(0deg),DERIVED_MATCHED_GRID_FROM_PAGE_IMAGE_CROSSCHECKED_SOURCE_TABLES
NASA_CR_3608_DERIVED_BASIC_F18_BETA_MIDPOINT_RESIDUAL,BETA_PLUS10_BETA_MINUS10_AND_BETA0,Basic F-18 zero-controls beta midpoint consistency residual,70,-0.20,,0.023000,-0.055000,0.005000,0.001000,-0.001500,-0.001300,0.5*(C(+10deg)+C(-10deg))-C(0deg),DERIVED_MATCHED_GRID_FROM_PAGE_IMAGE_CROSSCHECKED_SOURCE_TABLES
NASA_CR_3608_DERIVED_BASIC_F18_BETA_MIDPOINT_RESIDUAL,BETA_PLUS10_BETA_MINUS10_AND_BETA0,Basic F-18 zero-controls beta midpoint consistency residual,70,-0.10,,0.024500,-0.055000,-0.007500,-0.009000,-0.004300,-0.001450,0.5*(C(+10deg)+C(-10deg))-C(0deg),DERIVED_MATCHED_GRID_FROM_PAGE_IMAGE_CROSSCHECKED_SOURCE_TABLES
NASA_CR_3608_DERIVED_BASIC_F18_BETA_MIDPOINT_RESIDUAL,BETA_PLUS10_BETA_MINUS10_AND_BETA0,Basic F-18 zero-controls beta midpoint consistency residual,70,-0.05,,0.024500,-0.005000,0.019500,0.002500,0.002500,0.000850,0.5*(C(+10deg)+C(-10deg))-C(0deg),DERIVED_MATCHED_GRID_FROM_PAGE_IMAGE_CROSSCHECKED_SOURCE_TABLES
NASA_CR_3608_DERIVED_BASIC_F18_BETA_MIDPOINT_RESIDUAL,BETA_PLUS10_BETA_MINUS10_AND_BETA0,Basic F-18 zero-controls beta midpoint consistency residual,70,-0.03,,0.024000,-0.025000,0.026000,0.014500,0.001700,0.002600,0.5*(C(+10deg)+C(-10deg))-C(0deg),DERIVED_MATCHED_GRID_FROM_PAGE_IMAGE_CROSSCHECKED_SOURCE_TABLES
NASA_CR_3608_DERIVED_BASIC_F18_BETA_MIDPOINT_RESIDUAL,BETA_PLUS10_BETA_MINUS10_AND_BETA0,Basic F-18 zero-controls beta midpoint consistency residual,70,0.00,1,0.006500,0.005000,0.013500,0.029500,-0.002550,0.000400,0.5*(C(+10deg)+C(-10deg))-C(0deg),DERIVED_MATCHED_GRID_FROM_PAGE_IMAGE_CROSSCHECKED_SOURCE_TABLES
NASA_CR_3608_DERIVED_BASIC_F18_BETA_MIDPOINT_RESIDUAL,BETA_PLUS10_BETA_MINUS10_AND_BETA0,Basic F-18 zero-controls beta midpoint consistency residual,70,0.00,2,0.023500,-0.005000,0.035500,0.016000,0.001050,0.006800,0.5*(C(+10deg)+C(-10deg))-C(0deg),DERIVED_MATCHED_GRID_FROM_PAGE_IMAGE_CROSSCHECKED_SOURCE_TABLES
NASA_CR_3608_DERIVED_BASIC_F18_BETA_MIDPOINT_RESIDUAL,BETA_PLUS10_BETA_MINUS10_AND_BETA0,Basic F-18 zero-controls beta midpoint consistency residual,70,0.03,,0.025000,-0.015000,0.032000,0.027500,-0.001350,0.000550,0.5*(C(+10deg)+C(-10deg))-C(0deg),DERIVED_MATCHED_GRID_FROM_PAGE_IMAGE_CROSSCHECKED_SOURCE_TABLES
NASA_CR_3608_DERIVED_BASIC_F18_BETA_MIDPOINT_RESIDUAL,BETA_PLUS10_BETA_MINUS10_AND_BETA0,Basic F-18 zero-controls beta midpoint consistency residual,70,0.05,,0.024000,-0.025000,0.027000,0.026500,-0.000750,0.003000,0.5*(C(+10deg)+C(-10deg))-C(0deg),DERIVED_MATCHED_GRID_FROM_PAGE_IMAGE_CROSSCHECKED_SOURCE_TABLES
NASA_CR_3608_DERIVED_BASIC_F18_BETA_MIDPOINT_RESIDUAL,BETA_PLUS10_BETA_MINUS10_AND_BETA0,Basic F-18 zero-controls beta midpoint consistency residual,70,0.10,,0.026000,-0.055000,0.002500,0.004500,0.005250,-0.017650,0.5*(C(+10deg)+C(-10deg))-C(0deg),DERIVED_MATCHED_GRID_FROM_PAGE_IMAGE_CROSSCHECKED_SOURCE_TABLES
NASA_CR_3608_DERIVED_BASIC_F18_BETA_MIDPOINT_RESIDUAL,BETA_PLUS10_BETA_MINUS10_AND_BETA0,Basic F-18 zero-controls beta midpoint consistency residual,70,0.20,,0.024500,-0.085000,-0.004000,0.035000,0.004950,-0.005000,0.5*(C(+10deg)+C(-10deg))-C(0deg),DERIVED_MATCHED_GRID_FROM_PAGE_IMAGE_CROSSCHECKED_SOURCE_TABLES
NASA_CR_3608_DERIVED_BASIC_F18_BETA_MIDPOINT_RESIDUAL,BETA_PLUS10_BETA_MINUS10_AND_BETA0,Basic F-18 zero-controls beta midpoint consistency residual,70,0.30,,0.029000,-0.095000,-0.004000,-0.019500,0.004900,0.002950,0.5*(C(+10deg)+C(-10deg))-C(0deg),DERIVED_MATCHED_GRID_FROM_PAGE_IMAGE_CROSSCHECKED_SOURCE_TABLES
NASA_CR_3608_DERIVED_BASIC_F18_BETA_MIDPOINT_RESIDUAL,BETA_PLUS10_BETA_MINUS10_AND_BETA0,Basic F-18 zero-controls beta midpoint consistency residual,70,0.40,,0.032500,-0.120000,0.002500,-0.063500,0.006450,-0.003700,0.5*(C(+10deg)+C(-10deg))-C(0deg),DERIVED_MATCHED_GRID_FROM_PAGE_IMAGE_CROSSCHECKED_SOURCE_TABLES
NASA_CR_3608_DERIVED_BASIC_F18_BETA_MIDPOINT_RESIDUAL,BETA_PLUS10_BETA_MINUS10_AND_BETA0,Basic F-18 zero-controls beta midpoint consistency residual,75,-0.40,,0.003000,-0.095000,0.015000,-0.041000,-0.003000,-0.007050,0.5*(C(+10deg)+C(-10deg))-C(0deg),DERIVED_MATCHED_GRID_FROM_PAGE_IMAGE_CROSSCHECKED_SOURCE_TABLES
NASA_CR_3608_DERIVED_BASIC_F18_BETA_MIDPOINT_RESIDUAL,BETA_PLUS10_BETA_MINUS10_AND_BETA0,Basic F-18 zero-controls beta midpoint consistency residual,75,-0.30,,-0.004000,-0.060000,0.004500,0.003500,-0.006150,-0.004200,0.5*(C(+10deg)+C(-10deg))-C(0deg),DERIVED_MATCHED_GRID_FROM_PAGE_IMAGE_CROSSCHECKED_SOURCE_TABLES
NASA_CR_3608_DERIVED_BASIC_F18_BETA_MIDPOINT_RESIDUAL,BETA_PLUS10_BETA_MINUS10_AND_BETA0,Basic F-18 zero-controls beta midpoint consistency residual,75,-0.20,,-0.006500,-0.050000,0.000000,0.010000,-0.006450,-0.004850,0.5*(C(+10deg)+C(-10deg))-C(0deg),DERIVED_MATCHED_GRID_FROM_PAGE_IMAGE_CROSSCHECKED_SOURCE_TABLES
NASA_CR_3608_DERIVED_BASIC_F18_BETA_MIDPOINT_RESIDUAL,BETA_PLUS10_BETA_MINUS10_AND_BETA0,Basic F-18 zero-controls beta midpoint consistency residual,75,-0.10,,-0.006500,-0.010000,0.010500,0.043000,-0.003000,-0.006750,0.5*(C(+10deg)+C(-10deg))-C(0deg),DERIVED_MATCHED_GRID_FROM_PAGE_IMAGE_CROSSCHECKED_SOURCE_TABLES
NASA_CR_3608_DERIVED_BASIC_F18_BETA_MIDPOINT_RESIDUAL,BETA_PLUS10_BETA_MINUS10_AND_BETA0,Basic F-18 zero-controls beta midpoint consistency residual,75,-0.05,,-0.010500,-0.005000,0.021000,0.039500,0.000000,-0.003250,0.5*(C(+10deg)+C(-10deg))-C(0deg),DERIVED_MATCHED_GRID_FROM_PAGE_IMAGE_CROSSCHECKED_SOURCE_TABLES
NASA_CR_3608_DERIVED_BASIC_F18_BETA_MIDPOINT_RESIDUAL,BETA_PLUS10_BETA_MINUS10_AND_BETA0,Basic F-18 zero-controls beta midpoint consistency residual,75,-0.03,,-0.009500,-0.015000,0.013500,0.030000,-0.001400,-0.001900,0.5*(C(+10deg)+C(-10deg))-C(0deg),DERIVED_MATCHED_GRID_FROM_PAGE_IMAGE_CROSSCHECKED_SOURCE_TABLES
NASA_CR_3608_DERIVED_BASIC_F18_BETA_MIDPOINT_RESIDUAL,BETA_PLUS10_BETA_MINUS10_AND_BETA0,Basic F-18 zero-controls beta midpoint consistency residual,75,0.00,1,-0.022000,-0.020000,0.008000,0.037000,-0.006100,-0.005800,0.5*(C(+10deg)+C(-10deg))-C(0deg),DERIVED_MATCHED_GRID_FROM_PAGE_IMAGE_CROSSCHECKED_SOURCE_TABLES
NASA_CR_3608_DERIVED_BASIC_F18_BETA_MIDPOINT_RESIDUAL,BETA_PLUS10_BETA_MINUS10_AND_BETA0,Basic F-18 zero-controls beta midpoint consistency residual,75,0.00,2,-0.025500,-0.020000,0.030500,0.032500,-0.004850,-0.005150,0.5*(C(+10deg)+C(-10deg))-C(0deg),DERIVED_MATCHED_GRID_FROM_PAGE_IMAGE_CROSSCHECKED_SOURCE_TABLES
NASA_CR_3608_DERIVED_BASIC_F18_BETA_MIDPOINT_RESIDUAL,BETA_PLUS10_BETA_MINUS10_AND_BETA0,Basic F-18 zero-controls beta midpoint consistency residual,75,0.03,,-0.012500,0.020000,0.024000,0.037000,-0.002200,-0.000450,0.5*(C(+10deg)+C(-10deg))-C(0deg),DERIVED_MATCHED_GRID_FROM_PAGE_IMAGE_CROSSCHECKED_SOURCE_TABLES
NASA_CR_3608_DERIVED_BASIC_F18_BETA_MIDPOINT_RESIDUAL,BETA_PLUS10_BETA_MINUS10_AND_BETA0,Basic F-18 zero-controls beta midpoint consistency residual,75,0.05,,-0.013500,0.010000,0.023000,0.029500,-0.001850,0.000900,0.5*(C(+10deg)+C(-10deg))-C(0deg),DERIVED_MATCHED_GRID_FROM_PAGE_IMAGE_CROSSCHECKED_SOURCE_TABLES
NASA_CR_3608_DERIVED_BASIC_F18_BETA_MIDPOINT_RESIDUAL,BETA_PLUS10_BETA_MINUS10_AND_BETA0,Basic F-18 zero-controls beta midpoint consistency residual,75,0.10,,-0.007500,0.010000,0.025500,0.025000,0.001000,0.005800,0.5*(C(+10deg)+C(-10deg))-C(0deg),DERIVED_MATCHED_GRID_FROM_PAGE_IMAGE_CROSSCHECKED_SOURCE_TABLES
NASA_CR_3608_DERIVED_BASIC_F18_BETA_MIDPOINT_RESIDUAL,BETA_PLUS10_BETA_MINUS10_AND_BETA0,Basic F-18 zero-controls beta midpoint consistency residual,75,0.20,,-0.005500,-0.025000,-0.001500,0.028500,0.004750,-0.000850,0.5*(C(+10deg)+C(-10deg))-C(0deg),DERIVED_MATCHED_GRID_FROM_PAGE_IMAGE_CROSSCHECKED_SOURCE_TABLES
NASA_CR_3608_DERIVED_BASIC_F18_BETA_MIDPOINT_RESIDUAL,BETA_PLUS10_BETA_MINUS10_AND_BETA0,Basic F-18 zero-controls beta midpoint consistency residual,75,0.30,,-0.003500,-0.050000,-0.004000,0.012000,0.001500,-0.000400,0.5*(C(+10deg)+C(-10deg))-C(0deg),DERIVED_MATCHED_GRID_FROM_PAGE_IMAGE_CROSSCHECKED_SOURCE_TABLES
NASA_CR_3608_DERIVED_BASIC_F18_BETA_MIDPOINT_RESIDUAL,BETA_PLUS10_BETA_MINUS10_AND_BETA0,Basic F-18 zero-controls beta midpoint consistency residual,75,0.40,,0.004500,-0.085000,-0.004000,-0.006500,-0.002800,0.002500,0.5*(C(+10deg)+C(-10deg))-C(0deg),DERIVED_MATCHED_GRID_FROM_PAGE_IMAGE_CROSSCHECKED_SOURCE_TABLES
NASA_CR_3608_DERIVED_BASIC_F18_BETA_MIDPOINT_RESIDUAL,BETA_PLUS10_BETA_MINUS10_AND_BETA0,Basic F-18 zero-controls beta midpoint consistency residual,80,-0.40,,0.030500,-0.070000,0.001500,-0.014000,-0.001250,-0.008200,0.5*(C(+10deg)+C(-10deg))-C(0deg),DERIVED_MATCHED_GRID_FROM_PAGE_IMAGE_CROSSCHECKED_SOURCE_TABLES
NASA_CR_3608_DERIVED_BASIC_F18_BETA_MIDPOINT_RESIDUAL,BETA_PLUS10_BETA_MINUS10_AND_BETA0,Basic F-18 zero-controls beta midpoint consistency residual,80,-0.30,,0.014000,-0.075000,-0.008000,-0.005500,-0.006350,-0.003500,0.5*(C(+10deg)+C(-10deg))-C(0deg),DERIVED_MATCHED_GRID_FROM_PAGE_IMAGE_CROSSCHECKED_SOURCE_TABLES
NASA_CR_3608_DERIVED_BASIC_F18_BETA_MIDPOINT_RESIDUAL,BETA_PLUS10_BETA_MINUS10_AND_BETA0,Basic F-18 zero-controls beta midpoint consistency residual,80,-0.20,,0.016500,-0.060000,-0.004500,-0.010500,-0.009450,-0.001400,0.5*(C(+10deg)+C(-10deg))-C(0deg),DERIVED_MATCHED_GRID_FROM_PAGE_IMAGE_CROSSCHECKED_SOURCE_TABLES
NASA_CR_3608_DERIVED_BASIC_F18_BETA_MIDPOINT_RESIDUAL,BETA_PLUS10_BETA_MINUS10_AND_BETA0,Basic F-18 zero-controls beta midpoint consistency residual,80,-0.10,,0.018000,-0.020000,0.005500,0.028500,-0.002800,-0.010050,0.5*(C(+10deg)+C(-10deg))-C(0deg),DERIVED_MATCHED_GRID_FROM_PAGE_IMAGE_CROSSCHECKED_SOURCE_TABLES
NASA_CR_3608_DERIVED_BASIC_F18_BETA_MIDPOINT_RESIDUAL,BETA_PLUS10_BETA_MINUS10_AND_BETA0,Basic F-18 zero-controls beta midpoint consistency residual,80,-0.05,,0.019500,-0.005000,0.000000,0.014000,-0.000550,-0.004800,0.5*(C(+10deg)+C(-10deg))-C(0deg),DERIVED_MATCHED_GRID_FROM_PAGE_IMAGE_CROSSCHECKED_SOURCE_TABLES
NASA_CR_3608_DERIVED_BASIC_F18_BETA_MIDPOINT_RESIDUAL,BETA_PLUS10_BETA_MINUS10_AND_BETA0,Basic F-18 zero-controls beta midpoint consistency residual,80,-0.03,,0.021000,-0.000000,-0.005000,0.019000,0.000500,-0.002450,0.5*(C(+10deg)+C(-10deg))-C(0deg),DERIVED_MATCHED_GRID_FROM_PAGE_IMAGE_CROSSCHECKED_SOURCE_TABLES
NASA_CR_3608_DERIVED_BASIC_F18_BETA_MIDPOINT_RESIDUAL,BETA_PLUS10_BETA_MINUS10_AND_BETA0,Basic F-18 zero-controls beta midpoint consistency residual,80,0.00,1,0.007500,-0.020000,0.030000,0.003500,-0.001450,-0.001250,0.5*(C(+10deg)+C(-10deg))-C(0deg),DERIVED_MATCHED_GRID_FROM_PAGE_IMAGE_CROSSCHECKED_SOURCE_TABLES
NASA_CR_3608_DERIVED_BASIC_F18_BETA_MIDPOINT_RESIDUAL,BETA_PLUS10_BETA_MINUS10_AND_BETA0,Basic F-18 zero-controls beta midpoint consistency residual,80,0.00,2,0.025000,0.000000,0.003500,0.001000,-0.000450,-0.001650,0.5*(C(+10deg)+C(-10deg))-C(0deg),DERIVED_MATCHED_GRID_FROM_PAGE_IMAGE_CROSSCHECKED_SOURCE_TABLES
NASA_CR_3608_DERIVED_BASIC_F18_BETA_MIDPOINT_RESIDUAL,BETA_PLUS10_BETA_MINUS10_AND_BETA0,Basic F-18 zero-controls beta midpoint consistency residual,80,0.03,,0.021500,-0.020000,0.005500,0.011500,-0.001050,0.000450,0.5*(C(+10deg)+C(-10deg))-C(0deg),DERIVED_MATCHED_GRID_FROM_PAGE_IMAGE_CROSSCHECKED_SOURCE_TABLES
NASA_CR_3608_DERIVED_BASIC_F18_BETA_MIDPOINT_RESIDUAL,BETA_PLUS10_BETA_MINUS10_AND_BETA0,Basic F-18 zero-controls beta midpoint consistency residual,80,0.05,,0.020500,-0.025000,0.002000,0.005000,-0.000300,0.003500,0.5*(C(+10deg)+C(-10deg))-C(0deg),DERIVED_MATCHED_GRID_FROM_PAGE_IMAGE_CROSSCHECKED_SOURCE_TABLES
NASA_CR_3608_DERIVED_BASIC_F18_BETA_MIDPOINT_RESIDUAL,BETA_PLUS10_BETA_MINUS10_AND_BETA0,Basic F-18 zero-controls beta midpoint consistency residual,80,0.10,,0.018000,-0.025000,0.005500,-0.010000,0.001550,0.009500,0.5*(C(+10deg)+C(-10deg))-C(0deg),DERIVED_MATCHED_GRID_FROM_PAGE_IMAGE_CROSSCHECKED_SOURCE_TABLES
NASA_CR_3608_DERIVED_BASIC_F18_BETA_MIDPOINT_RESIDUAL,BETA_PLUS10_BETA_MINUS10_AND_BETA0,Basic F-18 zero-controls beta midpoint consistency residual,80,0.20,,0.017500,-0.070000,-0.005000,0.010000,-0.012800,-0.000750,0.5*(C(+10deg)+C(-10deg))-C(0deg),DERIVED_MATCHED_GRID_FROM_PAGE_IMAGE_CROSSCHECKED_SOURCE_TABLES
NASA_CR_3608_DERIVED_BASIC_F18_BETA_MIDPOINT_RESIDUAL,BETA_PLUS10_BETA_MINUS10_AND_BETA0,Basic F-18 zero-controls beta midpoint consistency residual,80,0.30,,0.018000,-0.090000,-0.013500,-0.007500,-0.016750,0.000250,0.5*(C(+10deg)+C(-10deg))-C(0deg),DERIVED_MATCHED_GRID_FROM_PAGE_IMAGE_CROSSCHECKED_SOURCE_TABLES
NASA_CR_3608_DERIVED_BASIC_F18_BETA_MIDPOINT_RESIDUAL,BETA_PLUS10_BETA_MINUS10_AND_BETA0,Basic F-18 zero-controls beta midpoint consistency residual,80,0.40,,0.028000,-0.055000,-0.006500,-0.014000,-0.000550,0.002800,0.5*(C(+10deg)+C(-10deg))-C(0deg),DERIVED_MATCHED_GRID_FROM_PAGE_IMAGE_CROSSCHECKED_SOURCE_TABLES
NASA_CR_3608_DERIVED_BASIC_F18_BETA_MIDPOINT_RESIDUAL,BETA_PLUS10_BETA_MINUS10_AND_BETA0,Basic F-18 zero-controls beta midpoint consistency residual,85,-0.40,,0.008000,-0.135000,0.013000,-0.002000,-0.006350,-0.007900,0.5*(C(+10deg)+C(-10deg))-C(0deg),DERIVED_MATCHED_GRID_FROM_PAGE_IMAGE_CROSSCHECKED_SOURCE_TABLES
NASA_CR_3608_DERIVED_BASIC_F18_BETA_MIDPOINT_RESIDUAL,BETA_PLUS10_BETA_MINUS10_AND_BETA0,Basic F-18 zero-controls beta midpoint consistency residual,85,-0.30,,0.005500,-0.085000,-0.011000,0.020000,-0.015900,-0.003250,0.5*(C(+10deg)+C(-10deg))-C(0deg),DERIVED_MATCHED_GRID_FROM_PAGE_IMAGE_CROSSCHECKED_SOURCE_TABLES
NASA_CR_3608_DERIVED_BASIC_F18_BETA_MIDPOINT_RESIDUAL,BETA_PLUS10_BETA_MINUS10_AND_BETA0,Basic F-18 zero-controls beta midpoint consistency residual,85,-0.20,,-0.001000,-0.070000,-0.015500,0.017500,-0.017050,-0.001400,0.5*(C(+10deg)+C(-10deg))-C(0deg),DERIVED_MATCHED_GRID_FROM_PAGE_IMAGE_CROSSCHECKED_SOURCE_TABLES
NASA_CR_3608_DERIVED_BASIC_F18_BETA_MIDPOINT_RESIDUAL,BETA_PLUS10_BETA_MINUS10_AND_BETA0,Basic F-18 zero-controls beta midpoint consistency residual,85,-0.10,,-0.003000,0.005000,-0.003500,0.042000,-0.003050,-0.009350,0.5*(C(+10deg)+C(-10deg))-C(0deg),DERIVED_MATCHED_GRID_FROM_PAGE_IMAGE_CROSSCHECKED_SOURCE_TABLES
NASA_CR_3608_DERIVED_BASIC_F18_BETA_MIDPOINT_RESIDUAL,BETA_PLUS10_BETA_MINUS10_AND_BETA0,Basic F-18 zero-controls beta midpoint consistency residual,85,-0.05,,-0.004500,-0.005000,-0.005000,0.033500,-0.001400,-0.002700,0.5*(C(+10deg)+C(-10deg))-C(0deg),DERIVED_MATCHED_GRID_FROM_PAGE_IMAGE_CROSSCHECKED_SOURCE_TABLES
NASA_CR_3608_DERIVED_BASIC_F18_BETA_MIDPOINT_RESIDUAL,BETA_PLUS10_BETA_MINUS10_AND_BETA0,Basic F-18 zero-controls beta midpoint consistency residual,85,-0.03,,-0.007000,0.010000,0.004500,0.041500,-0.002200,-0.003500,0.5*(C(+10deg)+C(-10deg))-C(0deg),DERIVED_MATCHED_GRID_FROM_PAGE_IMAGE_CROSSCHECKED_SOURCE_TABLES
NASA_CR_3608_DERIVED_BASIC_F18_BETA_MIDPOINT_RESIDUAL,BETA_PLUS10_BETA_MINUS10_AND_BETA0,Basic F-18 zero-controls beta midpoint consistency residual,85,0.00,1,0.008500,-0.040000,0.001500,0.018500,-0.002650,-0.000750,0.5*(C(+10deg)+C(-10deg))-C(0deg),DERIVED_MATCHED_GRID_FROM_PAGE_IMAGE_CROSSCHECKED_SOURCE_TABLES
NASA_CR_3608_DERIVED_BASIC_F18_BETA_MIDPOINT_RESIDUAL,BETA_PLUS10_BETA_MINUS10_AND_BETA0,Basic F-18 zero-controls beta midpoint consistency residual,85,0.00,2,-0.005500,-0.055000,-0.011000,0.027500,-0.000250,-0.003000,0.5*(C(+10deg)+C(-10deg))-C(0deg),DERIVED_MATCHED_GRID_FROM_PAGE_IMAGE_CROSSCHECKED_SOURCE_TABLES
NASA_CR_3608_DERIVED_BASIC_F18_BETA_MIDPOINT_RESIDUAL,BETA_PLUS10_BETA_MINUS10_AND_BETA0,Basic F-18 zero-controls beta midpoint consistency residual,85,0.03,,-0.006500,0.015000,0.000500,0.044500,-0.002500,0.000200,0.5*(C(+10deg)+C(-10deg))-C(0deg),DERIVED_MATCHED_GRID_FROM_PAGE_IMAGE_CROSSCHECKED_SOURCE_TABLES
NASA_CR_3608_DERIVED_BASIC_F18_BETA_MIDPOINT_RESIDUAL,BETA_PLUS10_BETA_MINUS10_AND_BETA0,Basic F-18 zero-controls beta midpoint consistency residual,85,0.05,,-0.007500,0.005000,0.001500,0.030500,-0.000900,0.004600,0.5*(C(+10deg)+C(-10deg))-C(0deg),DERIVED_MATCHED_GRID_FROM_PAGE_IMAGE_CROSSCHECKED_SOURCE_TABLES
NASA_CR_3608_DERIVED_BASIC_F18_BETA_MIDPOINT_RESIDUAL,BETA_PLUS10_BETA_MINUS10_AND_BETA0,Basic F-18 zero-controls beta midpoint consistency residual,85,0.10,,-0.006500,0.025000,0.002000,0.021000,0.000300,0.009450,0.5*(C(+10deg)+C(-10deg))-C(0deg),DERIVED_MATCHED_GRID_FROM_PAGE_IMAGE_CROSSCHECKED_SOURCE_TABLES
NASA_CR_3608_DERIVED_BASIC_F18_BETA_MIDPOINT_RESIDUAL,BETA_PLUS10_BETA_MINUS10_AND_BETA0,Basic F-18 zero-controls beta midpoint consistency residual,85,0.20,,-0.003000,-0.050000,-0.009000,0.038500,0.008750,-0.001100,0.5*(C(+10deg)+C(-10deg))-C(0deg),DERIVED_MATCHED_GRID_FROM_PAGE_IMAGE_CROSSCHECKED_SOURCE_TABLES
NASA_CR_3608_DERIVED_BASIC_F18_BETA_MIDPOINT_RESIDUAL,BETA_PLUS10_BETA_MINUS10_AND_BETA0,Basic F-18 zero-controls beta midpoint consistency residual,85,0.30,,-0.000500,-0.035000,-0.007500,0.019000,0.000350,0.001300,0.5*(C(+10deg)+C(-10deg))-C(0deg),DERIVED_MATCHED_GRID_FROM_PAGE_IMAGE_CROSSCHECKED_SOURCE_TABLES
NASA_CR_3608_DERIVED_BASIC_F18_BETA_MIDPOINT_RESIDUAL,BETA_PLUS10_BETA_MINUS10_AND_BETA0,Basic F-18 zero-controls beta midpoint consistency residual,85,0.40,,0.005000,-0.050000,0.000000,0.007000,-0.000650,0.004750,0.5*(C(+10deg)+C(-10deg))-C(0deg),DERIVED_MATCHED_GRID_FROM_PAGE_IMAGE_CROSSCHECKED_SOURCE_TABLES
NASA_CR_3608_DERIVED_BASIC_F18_BETA_MIDPOINT_RESIDUAL,BETA_PLUS10_BETA_MINUS10_AND_BETA0,Basic F-18 zero-controls beta midpoint consistency residual,90,-0.40,,0.015500,-0.130000,-0.007500,-0.009000,-0.004100,-0.009600,0.5*(C(+10deg)+C(-10deg))-C(0deg),DERIVED_MATCHED_GRID_FROM_PAGE_IMAGE_CROSSCHECKED_SOURCE_TABLES
NASA_CR_3608_DERIVED_BASIC_F18_BETA_MIDPOINT_RESIDUAL,BETA_PLUS10_BETA_MINUS10_AND_BETA0,Basic F-18 zero-controls beta midpoint consistency residual,90,-0.30,,0.020000,-0.085000,-0.009000,0.015000,-0.014000,-0.004700,0.5*(C(+10deg)+C(-10deg))-C(0deg),DERIVED_MATCHED_GRID_FROM_PAGE_IMAGE_CROSSCHECKED_SOURCE_TABLES
NASA_CR_3608_DERIVED_BASIC_F18_BETA_MIDPOINT_RESIDUAL,BETA_PLUS10_BETA_MINUS10_AND_BETA0,Basic F-18 zero-controls beta midpoint consistency residual,90,-0.20,,0.018000,-0.055000,-0.030500,0.001500,-0.013650,-0.001300,0.5*(C(+10deg)+C(-10deg))-C(0deg),DERIVED_MATCHED_GRID_FROM_PAGE_IMAGE_CROSSCHECKED_SOURCE_TABLES
NASA_CR_3608_DERIVED_BASIC_F18_BETA_MIDPOINT_RESIDUAL,BETA_PLUS10_BETA_MINUS10_AND_BETA0,Basic F-18 zero-controls beta midpoint consistency residual,90,-0.10,,0.014000,-0.010000,-0.010000,0.033000,-0.003200,-0.010550,0.5*(C(+10deg)+C(-10deg))-C(0deg),DERIVED_MATCHED_GRID_FROM_PAGE_IMAGE_CROSSCHECKED_SOURCE_TABLES
NASA_CR_3608_DERIVED_BASIC_F18_BETA_MIDPOINT_RESIDUAL,BETA_PLUS10_BETA_MINUS10_AND_BETA0,Basic F-18 zero-controls beta midpoint consistency residual,90,-0.05,,0.011500,0.000000,-0.007000,0.027500,-0.001250,-0.004500,0.5*(C(+10deg)+C(-10deg))-C(0deg),DERIVED_MATCHED_GRID_FROM_PAGE_IMAGE_CROSSCHECKED_SOURCE_TABLES
NASA_CR_3608_DERIVED_BASIC_F18_BETA_MIDPOINT_RESIDUAL,BETA_PLUS10_BETA_MINUS10_AND_BETA0,Basic F-18 zero-controls beta midpoint consistency residual,90,-0.03,,0.012000,0.020000,-0.008500,0.026000,-0.001200,-0.001400,0.5*(C(+10deg)+C(-10deg))-C(0deg),DERIVED_MATCHED_GRID_FROM_PAGE_IMAGE_CROSSCHECKED_SOURCE_TABLES
NASA_CR_3608_DERIVED_BASIC_F18_BETA_MIDPOINT_RESIDUAL,BETA_PLUS10_BETA_MINUS10_AND_BETA0,Basic F-18 zero-controls beta midpoint consistency residual,90,0.00,1,0.010500,-0.015000,0.015500,0.018500,-0.002900,-0.000850,0.5*(C(+10deg)+C(-10deg))-C(0deg),DERIVED_MATCHED_GRID_FROM_PAGE_IMAGE_CROSSCHECKED_SOURCE_TABLES
NASA_CR_3608_DERIVED_BASIC_F18_BETA_MIDPOINT_RESIDUAL,BETA_PLUS10_BETA_MINUS10_AND_BETA0,Basic F-18 zero-controls beta midpoint consistency residual,90,0.00,2,0.005000,0.005000,-0.006000,0.027500,-0.003450,-0.002500,0.5*(C(+10deg)+C(-10deg))-C(0deg),DERIVED_MATCHED_GRID_FROM_PAGE_IMAGE_CROSSCHECKED_SOURCE_TABLES
NASA_CR_3608_DERIVED_BASIC_F18_BETA_MIDPOINT_RESIDUAL,BETA_PLUS10_BETA_MINUS10_AND_BETA0,Basic F-18 zero-controls beta midpoint consistency residual,90,0.03,,0.017000,-0.010000,-0.003500,0.015000,-0.000300,0.001600,0.5*(C(+10deg)+C(-10deg))-C(0deg),DERIVED_MATCHED_GRID_FROM_PAGE_IMAGE_CROSSCHECKED_SOURCE_TABLES
NASA_CR_3608_DERIVED_BASIC_F18_BETA_MIDPOINT_RESIDUAL,BETA_PLUS10_BETA_MINUS10_AND_BETA0,Basic F-18 zero-controls beta midpoint consistency residual,90,0.05,,0.015500,-0.015000,0.001000,0.016500,-0.000150,0.002950,0.5*(C(+10deg)+C(-10deg))-C(0deg),DERIVED_MATCHED_GRID_FROM_PAGE_IMAGE_CROSSCHECKED_SOURCE_TABLES
NASA_CR_3608_DERIVED_BASIC_F18_BETA_MIDPOINT_RESIDUAL,BETA_PLUS10_BETA_MINUS10_AND_BETA0,Basic F-18 zero-controls beta midpoint consistency residual,90,0.10,,0.017500,-0.020000,-0.009000,0.009000,-0.000000,0.004900,0.5*(C(+10deg)+C(-10deg))-C(0deg),DERIVED_MATCHED_GRID_FROM_PAGE_IMAGE_CROSSCHECKED_SOURCE_TABLES
NASA_CR_3608_DERIVED_BASIC_F18_BETA_MIDPOINT_RESIDUAL,BETA_PLUS10_BETA_MINUS10_AND_BETA0,Basic F-18 zero-controls beta midpoint consistency residual,90,0.20,,0.022000,-0.050000,-0.033500,0.020000,0.008750,-0.004950,0.5*(C(+10deg)+C(-10deg))-C(0deg),DERIVED_MATCHED_GRID_FROM_PAGE_IMAGE_CROSSCHECKED_SOURCE_TABLES
NASA_CR_3608_DERIVED_BASIC_F18_BETA_MIDPOINT_RESIDUAL,BETA_PLUS10_BETA_MINUS10_AND_BETA0,Basic F-18 zero-controls beta midpoint consistency residual,90,0.30,,0.028000,-0.070000,-0.026000,-0.021500,0.010100,0.001150,0.5*(C(+10deg)+C(-10deg))-C(0deg),DERIVED_MATCHED_GRID_FROM_PAGE_IMAGE_CROSSCHECKED_SOURCE_TABLES
NASA_CR_3608_DERIVED_BASIC_F18_BETA_MIDPOINT_RESIDUAL,BETA_PLUS10_BETA_MINUS10_AND_BETA0,Basic F-18 zero-controls beta midpoint consistency residual,90,0.40,,0.047000,-0.125000,-0.020000,-0.024500,0.000300,0.003750,0.5*(C(+10deg)+C(-10deg))-C(0deg),DERIVED_MATCHED_GRID_FROM_PAGE_IMAGE_CROSSCHECKED_SOURCE_TABLES
