source_id,configuration,beta_deg,horizontal_tail_deg,source_pdf_page,appendix_page,alpha_deg,omega_b_over_2V,zero_replicate,CA,CN,Cm,CY,Cl,Cn,qa_status
NASA_CR_3608,"F-18 Body, Wing, LEX, Horizontal",0,0,86,A23,0,-0.40,,0.024,0.16,0.015,-0.043,0.1361,0.0155,PAGE_IMAGE_CROSSCHECKED_NOT_DOUBLE_KEYED
NASA_CR_3608,"F-18 Body, Wing, LEX, Horizontal",0,0,86,A23,0,-0.30,,0.021,0.13,0.014,-0.049,0.1058,0.0119,PAGE_IMAGE_CROSSCHECKED_NOT_DOUBLE_KEYED
NASA_CR_3608,"F-18 Body, Wing, LEX, Horizontal",0,0,86,A23,0,-0.20,,0.015,0.16,0.023,-0.033,0.0668,0.0087,PAGE_IMAGE_CROSSCHECKED_NOT_DOUBLE_KEYED
NASA_CR_3608,"F-18 Body, Wing, LEX, Horizontal",0,0,86,A23,0,-0.10,,0.014,0.19,0.024,-0.025,0.0294,0.0053,PAGE_IMAGE_CROSSCHECKED_NOT_DOUBLE_KEYED
NASA_CR_3608,"F-18 Body, Wing, LEX, Horizontal",0,0,86,A23,0,-0.05,,0.017,0.18,0.021,-0.030,0.0125,0.0037,PAGE_IMAGE_CROSSCHECKED_NOT_DOUBLE_KEYED
NASA_CR_3608,"F-18 Body, Wing, LEX, Horizontal",0,0,86,A23,0,0.00,1,0.025,0.10,0.013,-0.040,-0.0028,0.0020,PAGE_IMAGE_CROSSCHECKED_NOT_DOUBLE_KEYED
NASA_CR_3608,"F-18 Body, Wing, LEX, Horizontal",0,0,86,A23,0,0.00,2,0.024,0.09,0.013,-0.046,-0.0029,0.0020,PAGE_IMAGE_CROSSCHECKED_NOT_DOUBLE_KEYED
NASA_CR_3608,"F-18 Body, Wing, LEX, Horizontal",0,0,86,A23,0,0.05,,0.022,0.14,0.020,-0.030,-0.0192,0.0016,PAGE_IMAGE_CROSSCHECKED_NOT_DOUBLE_KEYED
NASA_CR_3608,"F-18 Body, Wing, LEX, Horizontal",0,0,86,A23,0,0.10,,0.021,0.14,0.019,-0.028,-0.0365,0.0005,PAGE_IMAGE_CROSSCHECKED_NOT_DOUBLE_KEYED
NASA_CR_3608,"F-18 Body, Wing, LEX, Horizontal",0,0,86,A23,0,0.20,,0.019,0.11,0.018,-0.023,-0.0739,-0.0012,PAGE_IMAGE_CROSSCHECKED_NOT_DOUBLE_KEYED
NASA_CR_3608,"F-18 Body, Wing, LEX, Horizontal",0,0,86,A23,0,0.30,,0.019,0.12,0.014,-0.014,-0.1099,-0.0015,PAGE_IMAGE_CROSSCHECKED_NOT_DOUBLE_KEYED
NASA_CR_3608,"F-18 Body, Wing, LEX, Horizontal",0,0,86,A23,0,0.40,,0.018,0.13,0.016,-0.009,-0.1391,-0.0008,PAGE_IMAGE_CROSSCHECKED_NOT_DOUBLE_KEYED
NASA_CR_3608,"F-18 Body, Wing, LEX, Horizontal",0,0,86,A23,5,-0.40,,0.025,0.49,0.009,-0.021,0.1253,0.0161,PAGE_IMAGE_CROSSCHECKED_NOT_DOUBLE_KEYED
NASA_CR_3608,"F-18 Body, Wing, LEX, Horizontal",0,0,86,A23,5,-0.30,,0.025,0.45,0.000,-0.035,0.0931,0.0114,PAGE_IMAGE_CROSSCHECKED_NOT_DOUBLE_KEYED
NASA_CR_3608,"F-18 Body, Wing, LEX, Horizontal",0,0,86,A23,5,-0.20,,0.011,0.49,0.007,-0.033,0.0630,0.0088,PAGE_IMAGE_CROSSCHECKED_NOT_DOUBLE_KEYED
NASA_CR_3608,"F-18 Body, Wing, LEX, Horizontal",0,0,86,A23,5,-0.10,,0.003,0.52,0.019,-0.025,0.0307,0.0066,PAGE_IMAGE_CROSSCHECKED_NOT_DOUBLE_KEYED
NASA_CR_3608,"F-18 Body, Wing, LEX, Horizontal",0,0,86,A23,5,-0.05,,0.003,0.50,0.021,-0.028,0.0137,0.0048,PAGE_IMAGE_CROSSCHECKED_NOT_DOUBLE_KEYED
NASA_CR_3608,"F-18 Body, Wing, LEX, Horizontal",0,0,86,A23,5,0.00,1,0.014,0.38,0.008,-0.049,-0.0013,0.0015,PAGE_IMAGE_CROSSCHECKED_NOT_DOUBLE_KEYED
NASA_CR_3608,"F-18 Body, Wing, LEX, Horizontal",0,0,86,A23,5,0.00,2,0.016,0.38,0.007,-0.053,-0.0018,0.0013,PAGE_IMAGE_CROSSCHECKED_NOT_DOUBLE_KEYED
NASA_CR_3608,"F-18 Body, Wing, LEX, Horizontal",0,0,86,A23,5,0.05,,0.033,0.48,0.021,-0.024,-0.0185,0.0014,PAGE_IMAGE_CROSSCHECKED_NOT_DOUBLE_KEYED
NASA_CR_3608,"F-18 Body, Wing, LEX, Horizontal",0,0,86,A23,5,0.10,,0.031,0.50,0.019,-0.018,-0.0354,0.0007,PAGE_IMAGE_CROSSCHECKED_NOT_DOUBLE_KEYED
NASA_CR_3608,"F-18 Body, Wing, LEX, Horizontal",0,0,86,A23,5,0.20,,0.033,0.49,0.011,-0.009,-0.0647,0.0001,PAGE_IMAGE_CROSSCHECKED_NOT_DOUBLE_KEYED
NASA_CR_3608,"F-18 Body, Wing, LEX, Horizontal",0,0,86,A23,5,0.30,,0.035,0.46,0.009,-0.005,-0.0964,0.0000,PAGE_IMAGE_CROSSCHECKED_NOT_DOUBLE_KEYED
NASA_CR_3608,"F-18 Body, Wing, LEX, Horizontal",0,0,86,A23,5,0.40,,0.028,0.45,0.010,0.004,-0.1309,0.0004,PAGE_IMAGE_CROSSCHECKED_NOT_DOUBLE_KEYED
NASA_CR_3608,"F-18 Body, Wing, LEX, Horizontal",0,0,86,A23,10,-0.40,,0.027,0.87,-0.005,-0.019,0.1129,0.0171,PAGE_IMAGE_CROSSCHECKED_NOT_DOUBLE_KEYED
NASA_CR_3608,"F-18 Body, Wing, LEX, Horizontal",0,0,86,A23,10,-0.30,,0.018,0.80,0.007,-0.031,0.0768,0.0117,PAGE_IMAGE_CROSSCHECKED_NOT_DOUBLE_KEYED
NASA_CR_3608,"F-18 Body, Wing, LEX, Horizontal",0,0,86,A23,10,-0.20,,0.013,0.79,0.019,-0.035,0.0486,0.0078,PAGE_IMAGE_CROSSCHECKED_NOT_DOUBLE_KEYED
NASA_CR_3608,"F-18 Body, Wing, LEX, Horizontal",0,0,86,A23,10,-0.10,,0.005,0.82,0.024,-0.031,0.0246,0.0054,PAGE_IMAGE_CROSSCHECKED_NOT_DOUBLE_KEYED
NASA_CR_3608,"F-18 Body, Wing, LEX, Horizontal",0,0,86,A23,10,-0.05,,0.004,0.82,0.025,-0.033,0.0120,0.0043,PAGE_IMAGE_CROSSCHECKED_NOT_DOUBLE_KEYED
NASA_CR_3608,"F-18 Body, Wing, LEX, Horizontal",0,0,86,A23,10,0.00,1,0.011,0.75,0.010,-0.049,0.0002,0.0024,PAGE_IMAGE_CROSSCHECKED_NOT_DOUBLE_KEYED
NASA_CR_3608,"F-18 Body, Wing, LEX, Horizontal",0,0,86,A23,10,0.00,2,0.011,0.75,0.011,-0.045,-0.0001,0.0022,PAGE_IMAGE_CROSSCHECKED_NOT_DOUBLE_KEYED
NASA_CR_3608,"F-18 Body, Wing, LEX, Horizontal",0,0,86,A23,10,0.05,,0.028,0.85,0.026,-0.021,-0.0129,0.0030,PAGE_IMAGE_CROSSCHECKED_NOT_DOUBLE_KEYED
NASA_CR_3608,"F-18 Body, Wing, LEX, Horizontal",0,0,86,A23,10,0.10,,0.028,0.85,0.029,-0.015,-0.0255,0.0025,PAGE_IMAGE_CROSSCHECKED_NOT_DOUBLE_KEYED
NASA_CR_3608,"F-18 Body, Wing, LEX, Horizontal",0,0,86,A23,10,0.20,,0.033,0.83,0.024,-0.007,-0.0510,0.0017,PAGE_IMAGE_CROSSCHECKED_NOT_DOUBLE_KEYED
NASA_CR_3608,"F-18 Body, Wing, LEX, Horizontal",0,0,86,A23,10,0.30,,0.037,0.83,0.011,0.002,-0.0805,0.0009,PAGE_IMAGE_CROSSCHECKED_NOT_DOUBLE_KEYED
NASA_CR_3608,"F-18 Body, Wing, LEX, Horizontal",0,0,86,A23,10,0.40,,0.036,0.85,-0.004,0.013,-0.1160,0.0004,PAGE_IMAGE_CROSSCHECKED_NOT_DOUBLE_KEYED
NASA_CR_3608,"F-18 Body, Wing, LEX, Horizontal",0,0,86,A23,15,-0.40,,0.030,1.21,-0.007,-0.022,0.1093,0.0174,PAGE_IMAGE_CROSSCHECKED_NOT_DOUBLE_KEYED
NASA_CR_3608,"F-18 Body, Wing, LEX, Horizontal",0,0,86,A23,15,-0.30,,0.014,1.16,0.012,-0.033,0.0789,0.0114,PAGE_IMAGE_CROSSCHECKED_NOT_DOUBLE_KEYED
NASA_CR_3608,"F-18 Body, Wing, LEX, Horizontal",0,0,86,A23,15,-0.20,,0.009,1.09,0.021,-0.045,0.0500,0.0066,PAGE_IMAGE_CROSSCHECKED_NOT_DOUBLE_KEYED
NASA_CR_3608,"F-18 Body, Wing, LEX, Horizontal",0,0,86,A23,15,-0.10,,0.001,1.10,0.037,-0.034,0.0229,0.0049,PAGE_IMAGE_CROSSCHECKED_NOT_DOUBLE_KEYED
NASA_CR_3608,"F-18 Body, Wing, LEX, Horizontal",0,0,86,A23,15,-0.05,,0.001,1.08,0.040,-0.042,0.0103,0.0042,PAGE_IMAGE_CROSSCHECKED_NOT_DOUBLE_KEYED
NASA_CR_3608,"F-18 Body, Wing, LEX, Horizontal",0,0,86,A23,15,0.00,1,0.015,1.00,0.026,-0.053,0.0001,0.0027,PAGE_IMAGE_CROSSCHECKED_NOT_DOUBLE_KEYED
NASA_CR_3608,"F-18 Body, Wing, LEX, Horizontal",0,0,86,A23,15,0.00,2,0.016,1.02,0.028,-0.050,0.0002,0.0025,PAGE_IMAGE_CROSSCHECKED_NOT_DOUBLE_KEYED
NASA_CR_3608,"F-18 Body, Wing, LEX, Horizontal",0,0,86,A23,15,0.05,,-0.002,1.13,0.043,-0.023,-0.0120,0.0039,PAGE_IMAGE_CROSSCHECKED_NOT_DOUBLE_KEYED
NASA_CR_3608,"F-18 Body, Wing, LEX, Horizontal",0,0,86,A23,15,0.10,,-0.002,1.13,0.041,-0.019,-0.0249,0.0036,PAGE_IMAGE_CROSSCHECKED_NOT_DOUBLE_KEYED
NASA_CR_3608,"F-18 Body, Wing, LEX, Horizontal",0,0,86,A23,15,0.20,,0.003,1.14,0.031,-0.010,-0.0521,0.0030,PAGE_IMAGE_CROSSCHECKED_NOT_DOUBLE_KEYED
NASA_CR_3608,"F-18 Body, Wing, LEX, Horizontal",0,0,86,A23,15,0.30,,0.012,1.16,0.016,0.003,-0.0808,0.0016,PAGE_IMAGE_CROSSCHECKED_NOT_DOUBLE_KEYED
NASA_CR_3608,"F-18 Body, Wing, LEX, Horizontal",0,0,86,A23,15,0.40,,0.020,1.22,-0.003,0.017,-0.1129,0.0003,PAGE_IMAGE_CROSSCHECKED_NOT_DOUBLE_KEYED
NASA_CR_3608,"F-18 Body, Wing, LEX, Horizontal",0,0,87,A24,20,-0.40,,0.013,1.48,-0.047,-0.008,0.0683,0.0247,PAGE_IMAGE_CROSSCHECKED_NOT_DOUBLE_KEYED
NASA_CR_3608,"F-18 Body, Wing, LEX, Horizontal",0,0,87,A24,20,-0.30,,0.008,1.43,-0.014,-0.023,0.0483,0.0168,PAGE_IMAGE_CROSSCHECKED_NOT_DOUBLE_KEYED
NASA_CR_3608,"F-18 Body, Wing, LEX, Horizontal",0,0,87,A24,20,-0.20,,0.008,1.45,0.019,-0.039,0.0334,0.0108,PAGE_IMAGE_CROSSCHECKED_NOT_DOUBLE_KEYED
NASA_CR_3608,"F-18 Body, Wing, LEX, Horizontal",0,0,87,A24,20,-0.10,,0.001,1.51,0.040,-0.026,0.0181,0.0074,PAGE_IMAGE_CROSSCHECKED_NOT_DOUBLE_KEYED
NASA_CR_3608,"F-18 Body, Wing, LEX, Horizontal",0,0,87,A24,20,-0.05,,0.002,1.50,0.041,-0.029,0.0088,0.0057,PAGE_IMAGE_CROSSCHECKED_NOT_DOUBLE_KEYED
NASA_CR_3608,"F-18 Body, Wing, LEX, Horizontal",0,0,87,A24,20,0.00,1,0.016,1.40,0.029,-0.049,-0.0006,0.0027,PAGE_IMAGE_CROSSCHECKED_NOT_DOUBLE_KEYED
NASA_CR_3608,"F-18 Body, Wing, LEX, Horizontal",0,0,87,A24,20,0.00,2,0.018,1.39,0.028,-0.047,0.0011,0.0020,PAGE_IMAGE_CROSSCHECKED_NOT_DOUBLE_KEYED
NASA_CR_3608,"F-18 Body, Wing, LEX, Horizontal",0,0,87,A24,20,0.05,,-0.001,1.54,0.047,-0.010,-0.0108,0.0031,PAGE_IMAGE_CROSSCHECKED_NOT_DOUBLE_KEYED
NASA_CR_3608,"F-18 Body, Wing, LEX, Horizontal",0,0,87,A24,20,0.10,,-0.001,1.54,0.046,0.001,-0.0206,0.0020,PAGE_IMAGE_CROSSCHECKED_NOT_DOUBLE_KEYED
NASA_CR_3608,"F-18 Body, Wing, LEX, Horizontal",0,0,87,A24,20,0.20,,0.003,1.51,0.034,0.010,-0.0361,-0.0004,PAGE_IMAGE_CROSSCHECKED_NOT_DOUBLE_KEYED
NASA_CR_3608,"F-18 Body, Wing, LEX, Horizontal",0,0,87,A24,20,0.30,,0.009,1.49,0.000,0.017,-0.0510,-0.0028,PAGE_IMAGE_CROSSCHECKED_NOT_DOUBLE_KEYED
NASA_CR_3608,"F-18 Body, Wing, LEX, Horizontal",0,0,87,A24,20,0.40,,0.010,1.52,-0.035,0.024,-0.0712,-0.0061,PAGE_IMAGE_CROSSCHECKED_NOT_DOUBLE_KEYED
NASA_CR_3608,"F-18 Body, Wing, LEX, Horizontal",0,0,87,A24,25,-0.40,,0.023,1.75,-0.140,0.076,0.0241,0.0364,PAGE_IMAGE_CROSSCHECKED_NOT_DOUBLE_KEYED
NASA_CR_3608,"F-18 Body, Wing, LEX, Horizontal",0,0,87,A24,25,-0.30,,0.014,1.70,-0.091,0.043,0.0057,0.0268,PAGE_IMAGE_CROSSCHECKED_NOT_DOUBLE_KEYED
NASA_CR_3608,"F-18 Body, Wing, LEX, Horizontal",0,0,87,A24,25,-0.20,,0.008,1.71,-0.042,0.021,-0.0066,0.0190,PAGE_IMAGE_CROSSCHECKED_NOT_DOUBLE_KEYED
NASA_CR_3608,"F-18 Body, Wing, LEX, Horizontal",0,0,87,A24,25,-0.10,,0.001,1.78,0.006,0.005,-0.0045,0.0118,PAGE_IMAGE_CROSSCHECKED_NOT_DOUBLE_KEYED
NASA_CR_3608,"F-18 Body, Wing, LEX, Horizontal",0,0,87,A24,25,-0.05,,0.000,1.76,0.019,-0.012,0.0011,0.0081,PAGE_IMAGE_CROSSCHECKED_NOT_DOUBLE_KEYED
NASA_CR_3608,"F-18 Body, Wing, LEX, Horizontal",0,0,87,A24,25,0.00,1,0.011,1.69,0.016,-0.041,0.0002,0.0026,PAGE_IMAGE_CROSSCHECKED_NOT_DOUBLE_KEYED
NASA_CR_3608,"F-18 Body, Wing, LEX, Horizontal",0,0,87,A24,25,0.00,2,0.012,1.68,0.012,-0.029,-0.0010,0.0027,PAGE_IMAGE_CROSSCHECKED_NOT_DOUBLE_KEYED
NASA_CR_3608,"F-18 Body, Wing, LEX, Horizontal",0,0,87,A24,25,0.05,,0.002,1.77,0.017,-0.023,0.0016,0.0002,PAGE_IMAGE_CROSSCHECKED_NOT_DOUBLE_KEYED
NASA_CR_3608,"F-18 Body, Wing, LEX, Horizontal",0,0,87,A24,25,0.10,,-0.001,1.77,0.009,-0.024,0.0025,-0.0028,PAGE_IMAGE_CROSSCHECKED_NOT_DOUBLE_KEYED
NASA_CR_3608,"F-18 Body, Wing, LEX, Horizontal",0,0,87,A24,25,0.20,,0.005,1.72,-0.029,-0.027,0.0034,-0.0080,PAGE_IMAGE_CROSSCHECKED_NOT_DOUBLE_KEYED
NASA_CR_3608,"F-18 Body, Wing, LEX, Horizontal",0,0,87,A24,25,0.30,,0.009,1.71,-0.073,-0.032,-0.0069,-0.0139,PAGE_IMAGE_CROSSCHECKED_NOT_DOUBLE_KEYED
NASA_CR_3608,"F-18 Body, Wing, LEX, Horizontal",0,0,87,A24,25,0.40,,0.009,1.77,-0.120,-0.036,-0.0251,-0.0184,PAGE_IMAGE_CROSSCHECKED_NOT_DOUBLE_KEYED
NASA_CR_3608,"F-18 Body, Wing, LEX, Horizontal",0,0,87,A24,30,-0.40,,0.023,1.94,-0.179,0.191,0.0019,0.0590,PAGE_IMAGE_CROSSCHECKED_NOT_DOUBLE_KEYED
NASA_CR_3608,"F-18 Body, Wing, LEX, Horizontal",0,0,87,A24,30,-0.30,,0.018,1.86,-0.128,0.134,-0.0134,0.0453,PAGE_IMAGE_CROSSCHECKED_NOT_DOUBLE_KEYED
NASA_CR_3608,"F-18 Body, Wing, LEX, Horizontal",0,0,87,A24,30,-0.20,,0.017,1.80,-0.072,0.079,-0.0196,0.0325,PAGE_IMAGE_CROSSCHECKED_NOT_DOUBLE_KEYED
NASA_CR_3608,"F-18 Body, Wing, LEX, Horizontal",0,0,87,A24,30,-0.10,,0.015,1.79,-0.025,0.018,-0.0132,0.0189,PAGE_IMAGE_CROSSCHECKED_NOT_DOUBLE_KEYED
NASA_CR_3608,"F-18 Body, Wing, LEX, Horizontal",0,0,87,A24,30,-0.05,,0.017,1.77,-0.011,-0.025,0.0060,0.0123,PAGE_IMAGE_CROSSCHECKED_NOT_DOUBLE_KEYED
NASA_CR_3608,"F-18 Body, Wing, LEX, Horizontal",0,0,87,A24,30,0.00,1,0.027,1.74,-0.018,-0.048,-0.0011,0.0039,PAGE_IMAGE_CROSSCHECKED_NOT_DOUBLE_KEYED
NASA_CR_3608,"F-18 Body, Wing, LEX, Horizontal",0,0,87,A24,30,0.00,2,0.030,1.73,-0.017,-0.057,0.0011,0.0035,PAGE_IMAGE_CROSSCHECKED_NOT_DOUBLE_KEYED
NASA_CR_3608,"F-18 Body, Wing, LEX, Horizontal",0,0,87,A24,30,0.05,,0.007,1.84,-0.003,-0.041,0.0072,-0.0018,PAGE_IMAGE_CROSSCHECKED_NOT_DOUBLE_KEYED
NASA_CR_3608,"F-18 Body, Wing, LEX, Horizontal",0,0,87,A24,30,0.10,,0.006,1.85,-0.008,-0.063,0.0095,-0.0086,PAGE_IMAGE_CROSSCHECKED_NOT_DOUBLE_KEYED
NASA_CR_3608,"F-18 Body, Wing, LEX, Horizontal",0,0,87,A24,30,0.20,,0.012,1.84,-0.055,-0.101,0.0187,-0.0199,PAGE_IMAGE_CROSSCHECKED_NOT_DOUBLE_KEYED
NASA_CR_3608,"F-18 Body, Wing, LEX, Horizontal",0,0,87,A24,30,0.30,,0.015,1.87,-0.100,-0.136,0.0123,-0.0301,PAGE_IMAGE_CROSSCHECKED_NOT_DOUBLE_KEYED
NASA_CR_3608,"F-18 Body, Wing, LEX, Horizontal",0,0,87,A24,30,0.40,,0.015,1.93,-0.149,-0.162,-0.0026,-0.0407,PAGE_IMAGE_CROSSCHECKED_NOT_DOUBLE_KEYED
NASA_CR_3608,"F-18 Body, Wing, LEX, Horizontal",0,0,87,A24,35,-0.40,,0.020,2.21,-0.197,0.309,-0.0059,0.0911,PAGE_IMAGE_CROSSCHECKED_NOT_DOUBLE_KEYED
NASA_CR_3608,"F-18 Body, Wing, LEX, Horizontal",0,0,87,A24,35,-0.30,,0.022,2.08,-0.132,0.222,-0.0096,0.0714,PAGE_IMAGE_CROSSCHECKED_NOT_DOUBLE_KEYED
NASA_CR_3608,"F-18 Body, Wing, LEX, Horizontal",0,0,87,A24,35,-0.20,,0.026,1.99,-0.078,0.133,-0.0013,0.0472,PAGE_IMAGE_CROSSCHECKED_NOT_DOUBLE_KEYED
NASA_CR_3608,"F-18 Body, Wing, LEX, Horizontal",0,0,87,A24,35,-0.10,,0.025,1.97,-0.045,0.050,0.0049,0.0238,PAGE_IMAGE_CROSSCHECKED_NOT_DOUBLE_KEYED
NASA_CR_3608,"F-18 Body, Wing, LEX, Horizontal",0,0,87,A24,35,-0.05,,0.027,1.96,-0.040,0.006,0.0070,0.0146,PAGE_IMAGE_CROSSCHECKED_NOT_DOUBLE_KEYED
NASA_CR_3608,"F-18 Body, Wing, LEX, Horizontal",0,0,87,A24,35,0.00,1,0.037,1.87,-0.041,-0.047,0.0066,0.0045,PAGE_IMAGE_CROSSCHECKED_NOT_DOUBLE_KEYED
NASA_CR_3608,"F-18 Body, Wing, LEX, Horizontal",0,0,87,A24,35,0.00,2,0.037,1.88,-0.039,-0.047,0.0081,0.0049,PAGE_IMAGE_CROSSCHECKED_NOT_DOUBLE_KEYED
NASA_CR_3608,"F-18 Body, Wing, LEX, Horizontal",0,0,87,A24,35,0.05,,0.026,1.99,-0.032,-0.046,0.0024,-0.0047,PAGE_IMAGE_CROSSCHECKED_NOT_DOUBLE_KEYED
NASA_CR_3608,"F-18 Body, Wing, LEX, Horizontal",0,0,87,A24,35,0.10,,0.028,1.98,-0.035,-0.079,-0.0006,-0.0139,PAGE_IMAGE_CROSSCHECKED_NOT_DOUBLE_KEYED
NASA_CR_3608,"F-18 Body, Wing, LEX, Horizontal",0,0,87,A24,35,0.20,,0.029,2.01,-0.064,-0.140,0.0024,-0.0318,PAGE_IMAGE_CROSSCHECKED_NOT_DOUBLE_KEYED
NASA_CR_3608,"F-18 Body, Wing, LEX, Horizontal",0,0,87,A24,35,0.30,,0.027,2.08,-0.110,-0.211,0.0099,-0.0557,PAGE_IMAGE_CROSSCHECKED_NOT_DOUBLE_KEYED
NASA_CR_3608,"F-18 Body, Wing, LEX, Horizontal",0,0,87,A24,35,0.40,,0.019,2.18,-0.173,-0.244,0.0072,-0.0746,PAGE_IMAGE_CROSSCHECKED_NOT_DOUBLE_KEYED
NASA_CR_3608,"F-18 Body, Wing, LEX, Horizontal",0,0,88,A25,40,-0.40,,0.035,2.22,-0.257,0.365,0.0034,0.1288,PAGE_IMAGE_CROSSCHECKED_NOT_DOUBLE_KEYED
NASA_CR_3608,"F-18 Body, Wing, LEX, Horizontal",0,0,88,A25,40,-0.30,,0.038,2.11,-0.186,0.267,0.0004,0.0976,PAGE_IMAGE_CROSSCHECKED_NOT_DOUBLE_KEYED
NASA_CR_3608,"F-18 Body, Wing, LEX, Horizontal",0,0,88,A25,40,-0.20,,0.042,2.05,-0.130,0.140,0.0023,0.0609,PAGE_IMAGE_CROSSCHECKED_NOT_DOUBLE_KEYED
NASA_CR_3608,"F-18 Body, Wing, LEX, Horizontal",0,0,88,A25,40,-0.10,,0.044,2.02,-0.093,0.041,0.0029,0.0279,PAGE_IMAGE_CROSSCHECKED_NOT_DOUBLE_KEYED
NASA_CR_3608,"F-18 Body, Wing, LEX, Horizontal",0,0,88,A25,40,-0.05,,0.046,2.00,-0.089,0.002,0.0012,0.0157,PAGE_IMAGE_CROSSCHECKED_NOT_DOUBLE_KEYED
NASA_CR_3608,"F-18 Body, Wing, LEX, Horizontal",0,0,88,A25,40,0.00,1,0.050,1.97,-0.073,-0.031,0.0008,0.0063,PAGE_IMAGE_CROSSCHECKED_NOT_DOUBLE_KEYED
NASA_CR_3608,"F-18 Body, Wing, LEX, Horizontal",0,0,88,A25,40,0.00,2,0.046,2.00,-0.063,-0.017,-0.0004,0.0073,PAGE_IMAGE_CROSSCHECKED_NOT_DOUBLE_KEYED
NASA_CR_3608,"F-18 Body, Wing, LEX, Horizontal",0,0,88,A25,40,0.05,,0.035,2.04,-0.058,-0.045,0.0050,-0.0074,PAGE_IMAGE_CROSSCHECKED_NOT_DOUBLE_KEYED
NASA_CR_3608,"F-18 Body, Wing, LEX, Horizontal",0,0,88,A25,40,0.10,,0.036,2.07,-0.062,-0.081,0.0041,-0.0189,PAGE_IMAGE_CROSSCHECKED_NOT_DOUBLE_KEYED
NASA_CR_3608,"F-18 Body, Wing, LEX, Horizontal",0,0,88,A25,40,0.20,,0.038,2.10,-0.112,-0.148,0.0018,-0.0404,PAGE_IMAGE_CROSSCHECKED_NOT_DOUBLE_KEYED
NASA_CR_3608,"F-18 Body, Wing, LEX, Horizontal",0,0,88,A25,40,0.30,,0.033,2.17,-0.159,-0.243,0.0052,-0.0802,PAGE_IMAGE_CROSSCHECKED_NOT_DOUBLE_KEYED
NASA_CR_3608,"F-18 Body, Wing, LEX, Horizontal",0,0,88,A25,40,0.40,,0.023,2.29,-0.234,-0.324,0.0029,-0.1149,PAGE_IMAGE_CROSSCHECKED_NOT_DOUBLE_KEYED
NASA_CR_3608,"F-18 Body, Wing, LEX, Horizontal",0,0,88,A25,45,-0.40,,0.046,2.24,-0.295,0.432,0.0137,0.1669,PAGE_IMAGE_CROSSCHECKED_NOT_DOUBLE_KEYED
NASA_CR_3608,"F-18 Body, Wing, LEX, Horizontal",0,0,88,A25,45,-0.30,,0.050,2.12,-0.205,0.295,0.0076,0.1242,PAGE_IMAGE_CROSSCHECKED_NOT_DOUBLE_KEYED
NASA_CR_3608,"F-18 Body, Wing, LEX, Horizontal",0,0,88,A25,45,-0.20,,0.052,2.06,-0.169,0.153,0.0051,0.0771,PAGE_IMAGE_CROSSCHECKED_NOT_DOUBLE_KEYED
NASA_CR_3608,"F-18 Body, Wing, LEX, Horizontal",0,0,88,A25,45,-0.10,,0.046,2.07,-0.167,0.031,0.0011,0.0245,PAGE_IMAGE_CROSSCHECKED_NOT_DOUBLE_KEYED
NASA_CR_3608,"F-18 Body, Wing, LEX, Horizontal",0,0,88,A25,45,-0.05,,0.052,2.01,-0.164,-0.004,-0.0017,0.0136,PAGE_IMAGE_CROSSCHECKED_NOT_DOUBLE_KEYED
NASA_CR_3608,"F-18 Body, Wing, LEX, Horizontal",0,0,88,A25,45,0.00,1,0.056,2.00,-0.144,-0.043,-0.0033,0.0045,PAGE_IMAGE_CROSSCHECKED_NOT_DOUBLE_KEYED
NASA_CR_3608,"F-18 Body, Wing, LEX, Horizontal",0,0,88,A25,45,0.00,2,0.057,2.01,-0.144,-0.045,-0.0023,0.0044,PAGE_IMAGE_CROSSCHECKED_NOT_DOUBLE_KEYED
NASA_CR_3608,"F-18 Body, Wing, LEX, Horizontal",0,0,88,A25,45,0.05,,0.047,2.08,-0.118,-0.055,0.0012,-0.0033,PAGE_IMAGE_CROSSCHECKED_NOT_DOUBLE_KEYED
NASA_CR_3608,"F-18 Body, Wing, LEX, Horizontal",0,0,88,A25,45,0.10,,0.045,2.08,-0.127,-0.075,0.0038,-0.0137,PAGE_IMAGE_CROSSCHECKED_NOT_DOUBLE_KEYED
NASA_CR_3608,"F-18 Body, Wing, LEX, Horizontal",0,0,88,A25,45,0.20,,0.044,2.11,-0.182,-0.131,0.0017,-0.0384,PAGE_IMAGE_CROSSCHECKED_NOT_DOUBLE_KEYED
NASA_CR_3608,"F-18 Body, Wing, LEX, Horizontal",0,0,88,A25,45,0.30,,0.041,2.16,-0.203,-0.257,-0.0052,-0.1024,PAGE_IMAGE_CROSSCHECKED_NOT_DOUBLE_KEYED
NASA_CR_3608,"F-18 Body, Wing, LEX, Horizontal",0,0,88,A25,45,0.40,,0.022,2.27,-0.297,-0.372,-0.0109,-0.1552,PAGE_IMAGE_CROSSCHECKED_NOT_DOUBLE_KEYED
NASA_CR_3608,"F-18 Body, Wing, LEX, Horizontal",0,0,88,A25,50,-0.40,,0.027,2.29,-0.363,0.452,0.0213,0.1816,PAGE_IMAGE_CROSSCHECKED_NOT_DOUBLE_KEYED
NASA_CR_3608,"F-18 Body, Wing, LEX, Horizontal",0,0,88,A25,50,-0.30,,0.028,2.19,-0.262,0.349,0.0150,0.1495,PAGE_IMAGE_CROSSCHECKED_NOT_DOUBLE_KEYED
NASA_CR_3608,"F-18 Body, Wing, LEX, Horizontal",0,0,88,A25,50,-0.20,,0.034,2.12,-0.188,0.222,0.0119,0.1069,PAGE_IMAGE_CROSSCHECKED_NOT_DOUBLE_KEYED
NASA_CR_3608,"F-18 Body, Wing, LEX, Horizontal",0,0,88,A25,50,-0.10,,0.033,2.10,-0.165,0.091,0.0080,0.0641,PAGE_IMAGE_CROSSCHECKED_NOT_DOUBLE_KEYED
NASA_CR_3608,"F-18 Body, Wing, LEX, Horizontal",0,0,88,A25,50,-0.05,,0.035,2.06,-0.179,0.025,0.0064,0.0415,PAGE_IMAGE_CROSSCHECKED_NOT_DOUBLE_KEYED
NASA_CR_3608,"F-18 Body, Wing, LEX, Horizontal",0,0,88,A25,50,0.00,1,0.041,2.00,-0.200,-0.033,0.0034,0.0071,PAGE_IMAGE_CROSSCHECKED_NOT_DOUBLE_KEYED
NASA_CR_3608,"F-18 Body, Wing, LEX, Horizontal",0,0,88,A25,50,0.00,2,0.038,1.97,-0.194,-0.038,0.0016,0.0088,PAGE_IMAGE_CROSSCHECKED_NOT_DOUBLE_KEYED
NASA_CR_3608,"F-18 Body, Wing, LEX, Horizontal",0,0,88,A25,50,0.05,,0.026,2.07,-0.195,-0.046,-0.0019,0.0019,PAGE_IMAGE_CROSSCHECKED_NOT_DOUBLE_KEYED
NASA_CR_3608,"F-18 Body, Wing, LEX, Horizontal",0,0,88,A25,50,0.10,,0.026,2.11,-0.186,-0.070,0.0019,-0.0078,PAGE_IMAGE_CROSSCHECKED_NOT_DOUBLE_KEYED
NASA_CR_3608,"F-18 Body, Wing, LEX, Horizontal",0,0,88,A25,50,0.20,,0.032,2.15,-0.191,-0.135,0.0003,-0.0431,PAGE_IMAGE_CROSSCHECKED_NOT_DOUBLE_KEYED
NASA_CR_3608,"F-18 Body, Wing, LEX, Horizontal",0,0,88,A25,50,0.30,,0.024,2.20,-0.240,-0.300,-0.0118,-0.1190,PAGE_IMAGE_CROSSCHECKED_NOT_DOUBLE_KEYED
NASA_CR_3608,"F-18 Body, Wing, LEX, Horizontal",0,0,88,A25,55,-0.40,,0.022,2.41,-0.474,0.337,0.0303,0.1421,PAGE_IMAGE_CROSSCHECKED_NOT_DOUBLE_KEYED
NASA_CR_3608,"F-18 Body, Wing, LEX, Horizontal",0,0,88,A25,55,-0.30,,0.029,2.27,-0.394,0.283,0.0285,0.1312,PAGE_IMAGE_CROSSCHECKED_NOT_DOUBLE_KEYED
NASA_CR_3608,"F-18 Body, Wing, LEX, Horizontal",0,0,88,A25,55,-0.20,,0.036,2.17,-0.300,0.205,0.0220,0.1013,PAGE_IMAGE_CROSSCHECKED_NOT_DOUBLE_KEYED
NASA_CR_3608,"F-18 Body, Wing, LEX, Horizontal",0,0,88,A25,55,-0.10,,0.038,2.09,-0.228,0.133,0.0123,0.0729,PAGE_IMAGE_CROSSCHECKED_NOT_DOUBLE_KEYED
NASA_CR_3608,"F-18 Body, Wing, LEX, Horizontal",0,0,88,A25,55,-0.05,,0.038,2.06,-0.226,0.094,0.0084,0.0511,PAGE_IMAGE_CROSSCHECKED_NOT_DOUBLE_KEYED
NASA_CR_3608,"F-18 Body, Wing, LEX, Horizontal",0,0,88,A25,55,0.00,1,0.043,1.99,-0.257,0.040,0.0032,0.0341,PAGE_IMAGE_CROSSCHECKED_NOT_DOUBLE_KEYED
NASA_CR_3608,"F-18 Body, Wing, LEX, Horizontal",0,0,88,A25,55,0.00,2,0.044,2.00,-0.224,0.039,0.0054,0.0330,PAGE_IMAGE_CROSSCHECKED_NOT_DOUBLE_KEYED
NASA_CR_3608,"F-18 Body, Wing, LEX, Horizontal",0,0,88,A25,55,0.05,,0.035,2.03,-0.176,-0.015,0.0043,0.0307,PAGE_IMAGE_CROSSCHECKED_NOT_DOUBLE_KEYED
NASA_CR_3608,"F-18 Body, Wing, LEX, Horizontal",0,0,88,A25,55,0.10,,0.035,2.03,-0.209,-0.071,0.0012,0.0021,PAGE_IMAGE_CROSSCHECKED_NOT_DOUBLE_KEYED
NASA_CR_3608,"F-18 Body, Wing, LEX, Horizontal",0,0,88,A25,55,0.20,,0.039,2.06,-0.238,-0.179,-0.0096,-0.0640,PAGE_IMAGE_CROSSCHECKED_NOT_DOUBLE_KEYED
NASA_CR_3608,"F-18 Body, Wing, LEX, Horizontal",0,0,88,A25,55,0.30,,0.039,2.19,-0.335,-0.246,-0.0191,-0.1049,PAGE_IMAGE_CROSSCHECKED_NOT_DOUBLE_KEYED
NASA_CR_3608,"F-18 Body, Wing, LEX, Horizontal",0,0,88,A25,55,0.40,,0.036,2.31,-0.418,-0.279,-0.0220,-0.1281,PAGE_IMAGE_CROSSCHECKED_NOT_DOUBLE_KEYED
NASA_CR_3608,"F-18 Body, Wing, LEX, Horizontal",0,0,89,A26,60,-0.40,,0.020,2.48,-0.475,0.315,0.0260,0.1349,PAGE_IMAGE_CROSSCHECKED_NOT_DOUBLE_KEYED
NASA_CR_3608,"F-18 Body, Wing, LEX, Horizontal",0,0,89,A26,60,-0.30,,0.031,2.35,-0.437,0.214,0.0290,0.1053,PAGE_IMAGE_CROSSCHECKED_NOT_DOUBLE_KEYED
NASA_CR_3608,"F-18 Body, Wing, LEX, Horizontal",0,0,89,A26,60,-0.20,,0.039,2.18,-0.384,0.151,0.0253,0.0857,PAGE_IMAGE_CROSSCHECKED_NOT_DOUBLE_KEYED
NASA_CR_3608,"F-18 Body, Wing, LEX, Horizontal",0,0,89,A26,60,-0.10,,0.043,2.10,-0.352,0.082,0.0158,0.0564,PAGE_IMAGE_CROSSCHECKED_NOT_DOUBLE_KEYED
NASA_CR_3608,"F-18 Body, Wing, LEX, Horizontal",0,0,89,A26,60,-0.05,,0.043,2.06,-0.335,0.076,0.0099,0.0548,PAGE_IMAGE_CROSSCHECKED_NOT_DOUBLE_KEYED
NASA_CR_3608,"F-18 Body, Wing, LEX, Horizontal",0,0,89,A26,60,0.00,1,0.040,2.09,-0.285,0.046,0.0072,0.0463,PAGE_IMAGE_CROSSCHECKED_NOT_DOUBLE_KEYED
NASA_CR_3608,"F-18 Body, Wing, LEX, Horizontal",0,0,89,A26,60,0.00,2,0.035,2.04,-0.324,0.038,0.0053,0.0447,PAGE_IMAGE_CROSSCHECKED_NOT_DOUBLE_KEYED
NASA_CR_3608,"F-18 Body, Wing, LEX, Horizontal",0,0,89,A26,60,0.05,,0.031,2.16,-0.239,0.031,0.0018,0.0394,PAGE_IMAGE_CROSSCHECKED_NOT_DOUBLE_KEYED
NASA_CR_3608,"F-18 Body, Wing, LEX, Horizontal",0,0,89,A26,60,0.10,,0.033,2.22,-0.202,0.003,-0.0028,0.0195,PAGE_IMAGE_CROSSCHECKED_NOT_DOUBLE_KEYED
NASA_CR_3608,"F-18 Body, Wing, LEX, Horizontal",0,0,89,A26,60,0.20,,0.030,2.25,-0.298,-0.165,-0.0176,-0.0708,PAGE_IMAGE_CROSSCHECKED_NOT_DOUBLE_KEYED
NASA_CR_3608,"F-18 Body, Wing, LEX, Horizontal",0,0,89,A26,60,0.30,,0.025,2.39,-0.408,-0.180,-0.0267,-0.0971,PAGE_IMAGE_CROSSCHECKED_NOT_DOUBLE_KEYED
NASA_CR_3608,"F-18 Body, Wing, LEX, Horizontal",0,0,89,A26,60,0.40,,0.014,2.53,-0.442,-0.224,-0.0231,-0.1242,PAGE_IMAGE_CROSSCHECKED_NOT_DOUBLE_KEYED
NASA_CR_3608,"F-18 Body, Wing, LEX, Horizontal",0,0,89,A26,65,-0.40,,0.025,2.52,-0.484,0.292,0.0254,0.1380,PAGE_IMAGE_CROSSCHECKED_NOT_DOUBLE_KEYED
NASA_CR_3608,"F-18 Body, Wing, LEX, Horizontal",0,0,89,A26,65,-0.30,,0.032,2.35,-0.452,0.189,0.0331,0.1052,PAGE_IMAGE_CROSSCHECKED_NOT_DOUBLE_KEYED
NASA_CR_3608,"F-18 Body, Wing, LEX, Horizontal",0,0,89,A26,65,-0.20,,0.036,2.18,-0.418,0.123,0.0267,0.0790,PAGE_IMAGE_CROSSCHECKED_NOT_DOUBLE_KEYED
NASA_CR_3608,"F-18 Body, Wing, LEX, Horizontal",0,0,89,A26,65,-0.10,,0.038,2.12,-0.395,0.074,0.0152,0.0510,PAGE_IMAGE_CROSSCHECKED_NOT_DOUBLE_KEYED
NASA_CR_3608,"F-18 Body, Wing, LEX, Horizontal",0,0,89,A26,65,-0.05,,0.038,2.10,-0.379,0.049,0.0092,0.0375,PAGE_IMAGE_CROSSCHECKED_NOT_DOUBLE_KEYED
NASA_CR_3608,"F-18 Body, Wing, LEX, Horizontal",0,0,89,A26,65,0.00,1,0.049,2.02,-0.373,0.012,0.0002,0.0323,PAGE_IMAGE_CROSSCHECKED_NOT_DOUBLE_KEYED
NASA_CR_3608,"F-18 Body, Wing, LEX, Horizontal",0,0,89,A26,65,0.00,2,0.044,2.09,-0.368,0.026,0.0054,0.0263,PAGE_IMAGE_CROSSCHECKED_NOT_DOUBLE_KEYED
NASA_CR_3608,"F-18 Body, Wing, LEX, Horizontal",0,0,89,A26,65,0.05,,0.036,2.18,-0.326,0.006,0.0007,0.0246,PAGE_IMAGE_CROSSCHECKED_NOT_DOUBLE_KEYED
NASA_CR_3608,"F-18 Body, Wing, LEX, Horizontal",0,0,89,A26,65,0.10,,0.037,2.18,-0.341,-0.024,-0.0083,0.0177,PAGE_IMAGE_CROSSCHECKED_NOT_DOUBLE_KEYED
NASA_CR_3608,"F-18 Body, Wing, LEX, Horizontal",0,0,89,A26,65,0.20,,0.031,2.32,-0.308,-0.085,-0.0128,-0.0219,PAGE_IMAGE_CROSSCHECKED_NOT_DOUBLE_KEYED
NASA_CR_3608,"F-18 Body, Wing, LEX, Horizontal",0,0,89,A26,65,0.30,,0.028,2.43,-0.422,-0.154,-0.0244,-0.0830,PAGE_IMAGE_CROSSCHECKED_NOT_DOUBLE_KEYED
NASA_CR_3608,"F-18 Body, Wing, LEX, Horizontal",0,0,89,A26,65,0.40,,0.018,2.58,-0.435,-0.216,-0.0120,-0.1161,PAGE_IMAGE_CROSSCHECKED_NOT_DOUBLE_KEYED
NASA_CR_3608,"F-18 Body, Wing, LEX, Horizontal",0,0,89,A26,70,-0.40,,0.019,2.60,-0.517,0.246,0.0226,0.1191,PAGE_IMAGE_CROSSCHECKED_NOT_DOUBLE_KEYED
NASA_CR_3608,"F-18 Body, Wing, LEX, Horizontal",0,0,89,A26,70,-0.30,,0.026,2.42,-0.496,0.141,0.0333,0.0849,PAGE_IMAGE_CROSSCHECKED_NOT_DOUBLE_KEYED
NASA_CR_3608,"F-18 Body, Wing, LEX, Horizontal",0,0,89,A26,70,-0.20,,0.031,2.20,-0.463,0.090,0.0247,0.0610,PAGE_IMAGE_CROSSCHECKED_NOT_DOUBLE_KEYED
NASA_CR_3608,"F-18 Body, Wing, LEX, Horizontal",0,0,89,A26,70,-0.10,,0.032,2.10,-0.417,0.048,0.0128,0.0361,PAGE_IMAGE_CROSSCHECKED_NOT_DOUBLE_KEYED
NASA_CR_3608,"F-18 Body, Wing, LEX, Horizontal",0,0,89,A26,70,-0.05,,0.029,2.04,-0.416,0.002,0.0044,0.0174,PAGE_IMAGE_CROSSCHECKED_NOT_DOUBLE_KEYED
NASA_CR_3608,"F-18 Body, Wing, LEX, Horizontal",0,0,89,A26,70,0.00,1,0.026,2.14,-0.361,0.034,0.0016,0.0027,PAGE_IMAGE_CROSSCHECKED_NOT_DOUBLE_KEYED
NASA_CR_3608,"F-18 Body, Wing, LEX, Horizontal",0,0,89,A26,70,0.00,2,0.023,2.06,-0.415,0.027,0.0025,0.0070,PAGE_IMAGE_CROSSCHECKED_NOT_DOUBLE_KEYED
NASA_CR_3608,"F-18 Body, Wing, LEX, Horizontal",0,0,89,A26,70,0.05,,0.043,2.09,-0.397,0.050,0.0018,0.0032,PAGE_IMAGE_CROSSCHECKED_NOT_DOUBLE_KEYED
NASA_CR_3608,"F-18 Body, Wing, LEX, Horizontal",0,0,89,A26,70,0.10,,0.042,2.14,-0.394,0.059,0.0076,-0.0050,PAGE_IMAGE_CROSSCHECKED_NOT_DOUBLE_KEYED
NASA_CR_3608,"F-18 Body, Wing, LEX, Horizontal",0,0,89,A26,70,0.20,,0.036,2.26,-0.436,0.106,0.0174,-0.0451,PAGE_IMAGE_CROSSCHECKED_NOT_DOUBLE_KEYED
NASA_CR_3608,"F-18 Body, Wing, LEX, Horizontal",0,0,89,A26,70,0.30,,0.030,2.44,-0.469,0.121,0.0231,-0.0705,PAGE_IMAGE_CROSSCHECKED_NOT_DOUBLE_KEYED
NASA_CR_3608,"F-18 Body, Wing, LEX, Horizontal",0,0,89,A26,70,0.40,,0.024,2.66,-0.497,0.161,0.0127,-0.1016,PAGE_IMAGE_CROSSCHECKED_NOT_DOUBLE_KEYED
NASA_CR_3608,"F-18 Body, Wing, LEX, Horizontal",0,0,89,A26,75,-0.40,,0.041,2.63,-0.660,0.189,0.0197,0.0913,PAGE_IMAGE_CROSSCHECKED_NOT_DOUBLE_KEYED
NASA_CR_3608,"F-18 Body, Wing, LEX, Horizontal",0,0,89,A26,75,-0.30,,0.050,2.38,-0.581,0.104,0.0260,0.0649,PAGE_IMAGE_CROSSCHECKED_NOT_DOUBLE_KEYED
NASA_CR_3608,"F-18 Body, Wing, LEX, Horizontal",0,0,89,A26,75,-0.20,,0.048,2.22,-0.519,0.067,0.0180,0.0512,PAGE_IMAGE_CROSSCHECKED_NOT_DOUBLE_KEYED
NASA_CR_3608,"F-18 Body, Wing, LEX, Horizontal",0,0,89,A26,75,-0.10,,0.054,2.06,-0.497,0.016,0.0046,0.0240,PAGE_IMAGE_CROSSCHECKED_NOT_DOUBLE_KEYED
NASA_CR_3608,"F-18 Body, Wing, LEX, Horizontal",0,0,89,A26,75,-0.05,,0.049,2.02,-0.522,-0.004,0.0015,0.0132,PAGE_IMAGE_CROSSCHECKED_NOT_DOUBLE_KEYED
NASA_CR_3608,"F-18 Body, Wing, LEX, Horizontal",0,0,89,A26,75,0.00,1,0.042,2.00,-0.523,-0.023,0.0033,0.0019,PAGE_IMAGE_CROSSCHECKED_NOT_DOUBLE_KEYED
NASA_CR_3608,"F-18 Body, Wing, LEX, Horizontal",0,0,89,A26,75,0.00,2,0.042,2.00,-0.535,-0.030,0.0052,0.0019,PAGE_IMAGE_CROSSCHECKED_NOT_DOUBLE_KEYED
NASA_CR_3608,"F-18 Body, Wing, LEX, Horizontal",0,0,89,A26,75,0.05,,0.071,1.96,-0.523,-0.054,0.0036,-0.0083,PAGE_IMAGE_CROSSCHECKED_NOT_DOUBLE_KEYED
NASA_CR_3608,"F-18 Body, Wing, LEX, Horizontal",0,0,89,A26,75,0.10,,0.067,1.99,-0.497,-0.071,0.0002,-0.0186,PAGE_IMAGE_CROSSCHECKED_NOT_DOUBLE_KEYED
NASA_CR_3608,"F-18 Body, Wing, LEX, Horizontal",0,0,89,A26,75,0.20,,0.060,2.16,-0.505,-0.103,-0.0112,-0.0403,PAGE_IMAGE_CROSSCHECKED_NOT_DOUBLE_KEYED
NASA_CR_3608,"F-18 Body, Wing, LEX, Horizontal",0,0,89,A26,75,0.30,,0.056,2.39,-0.562,-0.104,-0.0166,-0.0585,PAGE_IMAGE_CROSSCHECKED_NOT_DOUBLE_KEYED
NASA_CR_3608,"F-18 Body, Wing, LEX, Horizontal",0,0,89,A26,75,0.40,,0.048,2.63,-0.626,-0.127,-0.0052,-0.0823,PAGE_IMAGE_CROSSCHECKED_NOT_DOUBLE_KEYED
NASA_CR_3608,"F-18 Body, Wing, LEX, Horizontal",0,0,90,A27,80,-0.40,,0.026,2.63,-0.689,0.167,0.0062,0.0884,PAGE_IMAGE_CROSSCHECKED_NOT_DOUBLE_KEYED
NASA_CR_3608,"F-18 Body, Wing, LEX, Horizontal",0,0,90,A27,80,-0.30,,0.040,2.36,-0.613,0.087,0.0137,0.0615,PAGE_IMAGE_CROSSCHECKED_NOT_DOUBLE_KEYED
NASA_CR_3608,"F-18 Body, Wing, LEX, Horizontal",0,0,90,A27,80,-0.20,,0.048,2.13,-0.564,0.048,0.0087,0.0402,PAGE_IMAGE_CROSSCHECKED_NOT_DOUBLE_KEYED
NASA_CR_3608,"F-18 Body, Wing, LEX, Horizontal",0,0,90,A27,80,-0.10,,0.054,2.00,-0.562,0.001,0.0040,0.0242,PAGE_IMAGE_CROSSCHECKED_NOT_DOUBLE_KEYED
NASA_CR_3608,"F-18 Body, Wing, LEX, Horizontal",0,0,90,A27,80,-0.05,,0.055,1.97,-0.590,-0.018,0.0016,0.0136,PAGE_IMAGE_CROSSCHECKED_NOT_DOUBLE_KEYED
NASA_CR_3608,"F-18 Body, Wing, LEX, Horizontal",0,0,90,A27,80,0.00,1,0.044,1.98,-0.588,-0.030,0.0036,0.0024,PAGE_IMAGE_CROSSCHECKED_NOT_DOUBLE_KEYED
NASA_CR_3608,"F-18 Body, Wing, LEX, Horizontal",0,0,90,A27,80,0.00,2,0.043,1.99,-0.607,-0.030,0.0037,0.0022,PAGE_IMAGE_CROSSCHECKED_NOT_DOUBLE_KEYED
NASA_CR_3608,"F-18 Body, Wing, LEX, Horizontal",0,0,90,A27,80,0.05,,0.066,2.03,-0.604,-0.037,0.0036,-0.0090,PAGE_IMAGE_CROSSCHECKED_NOT_DOUBLE_KEYED
NASA_CR_3608,"F-18 Body, Wing, LEX, Horizontal",0,0,90,A27,80,0.10,,0.061,2.05,-0.569,-0.050,0.0040,-0.0198,PAGE_IMAGE_CROSSCHECKED_NOT_DOUBLE_KEYED
NASA_CR_3608,"F-18 Body, Wing, LEX, Horizontal",0,0,90,A27,80,0.20,,0.056,2.20,-0.564,-0.078,-0.0036,-0.0364,PAGE_IMAGE_CROSSCHECKED_NOT_DOUBLE_KEYED
NASA_CR_3608,"F-18 Body, Wing, LEX, Horizontal",0,0,90,A27,80,0.30,,0.047,2.38,-0.605,-0.089,-0.0050,-0.0557,PAGE_IMAGE_CROSSCHECKED_NOT_DOUBLE_KEYED
NASA_CR_3608,"F-18 Body, Wing, LEX, Horizontal",0,0,90,A27,80,0.40,,0.043,2.58,-0.661,-0.125,0.0043,-0.0808,PAGE_IMAGE_CROSSCHECKED_NOT_DOUBLE_KEYED
NASA_CR_3608,"F-18 Body, Wing, LEX, Horizontal",0,0,90,A27,85,-0.40,,0.030,2.60,-0.708,0.132,-0.0026,0.0852,PAGE_IMAGE_CROSSCHECKED_NOT_DOUBLE_KEYED
NASA_CR_3608,"F-18 Body, Wing, LEX, Horizontal",0,0,90,A27,85,-0.30,,0.020,2.38,-0.647,0.085,0.0018,0.0582,PAGE_IMAGE_CROSSCHECKED_NOT_DOUBLE_KEYED
NASA_CR_3608,"F-18 Body, Wing, LEX, Horizontal",0,0,90,A27,85,-0.20,,0.033,2.21,-0.605,0.062,0.0028,0.0384,PAGE_IMAGE_CROSSCHECKED_NOT_DOUBLE_KEYED
NASA_CR_3608,"F-18 Body, Wing, LEX, Horizontal",0,0,90,A27,85,-0.10,,0.045,2.10,-0.626,0.026,0.0036,0.0248,PAGE_IMAGE_CROSSCHECKED_NOT_DOUBLE_KEYED
NASA_CR_3608,"F-18 Body, Wing, LEX, Horizontal",0,0,90,A27,85,-0.05,,0.049,2.08,-0.656,0.009,0.0021,0.0135,PAGE_IMAGE_CROSSCHECKED_NOT_DOUBLE_KEYED
NASA_CR_3608,"F-18 Body, Wing, LEX, Horizontal",0,0,90,A27,85,0.00,1,0.033,2.05,-0.648,-0.015,0.0035,0.0020,PAGE_IMAGE_CROSSCHECKED_NOT_DOUBLE_KEYED
NASA_CR_3608,"F-18 Body, Wing, LEX, Horizontal",0,0,90,A27,85,0.00,2,0.032,2.05,-0.644,-0.031,0.0038,0.0030,PAGE_IMAGE_CROSSCHECKED_NOT_DOUBLE_KEYED
NASA_CR_3608,"F-18 Body, Wing, LEX, Horizontal",0,0,90,A27,85,0.05,,0.063,2.12,-0.656,-0.009,0.0028,-0.0084,PAGE_IMAGE_CROSSCHECKED_NOT_DOUBLE_KEYED
NASA_CR_3608,"F-18 Body, Wing, LEX, Horizontal",0,0,90,A27,85,0.10,,0.060,2.10,-0.638,-0.030,0.0022,-0.0200,PAGE_IMAGE_CROSSCHECKED_NOT_DOUBLE_KEYED
NASA_CR_3608,"F-18 Body, Wing, LEX, Horizontal",0,0,90,A27,85,0.20,,0.047,2.25,-0.607,-0.058,0.0038,-0.0339,PAGE_IMAGE_CROSSCHECKED_NOT_DOUBLE_KEYED
NASA_CR_3608,"F-18 Body, Wing, LEX, Horizontal",0,0,90,A27,85,0.30,,0.031,2.39,-0.638,-0.067,0.0050,-0.0516,PAGE_IMAGE_CROSSCHECKED_NOT_DOUBLE_KEYED
NASA_CR_3608,"F-18 Body, Wing, LEX, Horizontal",0,0,90,A27,85,0.40,,0.032,2.63,-0.673,-0.105,0.0127,-0.0756,PAGE_IMAGE_CROSSCHECKED_NOT_DOUBLE_KEYED
NASA_CR_3608,"F-18 Body, Wing, LEX, Horizontal",0,0,90,A27,90,-0.40,,0.022,2.56,-0.719,0.107,-0.0103,0.0773,PAGE_IMAGE_CROSSCHECKED_NOT_DOUBLE_KEYED
NASA_CR_3608,"F-18 Body, Wing, LEX, Horizontal",0,0,90,A27,90,-0.30,,0.016,2.30,-0.690,0.063,-0.0057,0.0551,PAGE_IMAGE_CROSSCHECKED_NOT_DOUBLE_KEYED
NASA_CR_3608,"F-18 Body, Wing, LEX, Horizontal",0,0,90,A27,90,-0.20,,0.026,2.16,-0.649,0.043,0.0001,0.0364,PAGE_IMAGE_CROSSCHECKED_NOT_DOUBLE_KEYED
NASA_CR_3608,"F-18 Body, Wing, LEX, Horizontal",0,0,90,A27,90,-0.10,,0.042,2.09,-0.690,0.014,0.0041,0.0235,PAGE_IMAGE_CROSSCHECKED_NOT_DOUBLE_KEYED
NASA_CR_3608,"F-18 Body, Wing, LEX, Horizontal",0,0,90,A27,90,-0.05,,0.047,2.09,-0.716,0.002,0.0029,0.0130,PAGE_IMAGE_CROSSCHECKED_NOT_DOUBLE_KEYED
NASA_CR_3608,"F-18 Body, Wing, LEX, Horizontal",0,0,90,A27,90,0.00,1,0.019,2.06,-0.739,-0.023,0.0036,0.0021,PAGE_IMAGE_CROSSCHECKED_NOT_DOUBLE_KEYED
NASA_CR_3608,"F-18 Body, Wing, LEX, Horizontal",0,0,90,A27,90,0.00,2,0.019,2.06,-0.727,-0.027,0.0030,0.0034,PAGE_IMAGE_CROSSCHECKED_NOT_DOUBLE_KEYED
NASA_CR_3608,"F-18 Body, Wing, LEX, Horizontal",0,0,90,A27,90,0.05,,0.041,2.10,-0.707,-0.024,0.0023,-0.0066,PAGE_IMAGE_CROSSCHECKED_NOT_DOUBLE_KEYED
NASA_CR_3608,"F-18 Body, Wing, LEX, Horizontal",0,0,90,A27,90,0.10,,0.037,2.09,-0.688,-0.038,0.0027,-0.0173,PAGE_IMAGE_CROSSCHECKED_NOT_DOUBLE_KEYED
NASA_CR_3608,"F-18 Body, Wing, LEX, Horizontal",0,0,90,A27,90,0.20,,0.024,2.18,-0.644,-0.060,0.0108,-0.0298,PAGE_IMAGE_CROSSCHECKED_NOT_DOUBLE_KEYED
NASA_CR_3608,"F-18 Body, Wing, LEX, Horizontal",0,0,90,A27,90,0.30,,0.012,2.33,-0.674,-0.066,0.0135,-0.0469,PAGE_IMAGE_CROSSCHECKED_NOT_DOUBLE_KEYED
NASA_CR_3608,"F-18 Body, Wing, LEX, Horizontal",0,0,90,A27,90,0.40,,0.026,2.60,-0.679,-0.087,0.0196,-0.0695,PAGE_IMAGE_CROSSCHECKED_NOT_DOUBLE_KEYED
