source_id,derived_from,configuration,alpha_deg,omega_b_over_2V,zero_replicate,dCA_dBeta_per_rad,dCN_dBeta_per_rad,dCm_dBeta_per_rad,dCY_dBeta_per_rad,dCl_dBeta_per_rad,dCn_dBeta_per_rad,delta_beta_deg,derivation,qa_status
NASA_CR_3608_DERIVED_BASIC_F18_BETA_CENTERED_SLOPE,BETA_PLUS10_MINUS_BETA_MINUS10,Basic F-18 zero-controls centered beta finite difference,0,-0.40,,-0.017189,-1.174563,0.415394,-0.962569,-0.067323,0.052712,20,[C(+10deg)-C(-10deg)]/(20deg in radians),DERIVED_MATCHED_GRID_FROM_PAGE_IMAGE_CROSSCHECKED_SOURCE_TABLES
NASA_CR_3608_DERIVED_BASIC_F18_BETA_CENTERED_SLOPE,BETA_PLUS10_MINUS_BETA_MINUS10,Basic F-18 zero-controls centered beta finite difference,0,-0.30,,0.000000,-0.888085,0.289344,-0.905273,-0.072193,0.054717,20,[C(+10deg)-C(-10deg)]/(20deg in radians),DERIVED_MATCHED_GRID_FROM_PAGE_IMAGE_CROSSCHECKED_SOURCE_TABLES
NASA_CR_3608_DERIVED_BASIC_F18_BETA_CENTERED_SLOPE,BETA_PLUS10_MINUS_BETA_MINUS10,Basic F-18 zero-controls centered beta finite difference,0,-0.20,,0.005730,-0.630254,0.183346,-0.833654,-0.054717,0.056150,20,[C(+10deg)-C(-10deg)]/(20deg in radians),DERIVED_MATCHED_GRID_FROM_PAGE_IMAGE_CROSSCHECKED_SOURCE_TABLES
NASA_CR_3608_DERIVED_BASIC_F18_BETA_CENTERED_SLOPE,BETA_PLUS10_MINUS_BETA_MINUS10,Basic F-18 zero-controls centered beta finite difference,0,-0.10,,0.002865,-0.372423,0.088808,-0.796411,-0.054431,0.056436,20,[C(+10deg)-C(-10deg)]/(20deg in radians),DERIVED_MATCHED_GRID_FROM_PAGE_IMAGE_CROSSCHECKED_SOURCE_TABLES
NASA_CR_3608_DERIVED_BASIC_F18_BETA_CENTERED_SLOPE,BETA_PLUS10_MINUS_BETA_MINUS10,Basic F-18 zero-controls centered beta finite difference,0,-0.05,,0.000000,-0.229183,0.042972,-0.773493,-0.055863,0.057296,20,[C(+10deg)-C(-10deg)]/(20deg in radians),DERIVED_MATCHED_GRID_FROM_PAGE_IMAGE_CROSSCHECKED_SOURCE_TABLES
NASA_CR_3608_DERIVED_BASIC_F18_BETA_CENTERED_SLOPE,BETA_PLUS10_MINUS_BETA_MINUS10,Basic F-18 zero-controls centered beta finite difference,0,-0.03,,-0.002865,-0.171887,0.020054,-0.773493,-0.056436,0.057296,20,[C(+10deg)-C(-10deg)]/(20deg in radians),DERIVED_MATCHED_GRID_FROM_PAGE_IMAGE_CROSSCHECKED_SOURCE_TABLES
NASA_CR_3608_DERIVED_BASIC_F18_BETA_CENTERED_SLOPE,BETA_PLUS10_MINUS_BETA_MINUS10,Basic F-18 zero-controls centered beta finite difference,0,0.00,1,-0.005730,-0.114592,-0.005730,-0.805006,-0.056436,0.058728,20,[C(+10deg)-C(-10deg)]/(20deg in radians),DERIVED_MATCHED_GRID_FROM_PAGE_IMAGE_CROSSCHECKED_SOURCE_TABLES
NASA_CR_3608_DERIVED_BASIC_F18_BETA_CENTERED_SLOPE,BETA_PLUS10_MINUS_BETA_MINUS10,Basic F-18 zero-controls centered beta finite difference,0,0.00,2,-0.008594,-0.143239,0.002865,-0.813600,-0.056150,0.059301,20,[C(+10deg)-C(-10deg)]/(20deg in radians),DERIVED_MATCHED_GRID_FROM_PAGE_IMAGE_CROSSCHECKED_SOURCE_TABLES
NASA_CR_3608_DERIVED_BASIC_F18_BETA_CENTERED_SLOPE,BETA_PLUS10_MINUS_BETA_MINUS10,Basic F-18 zero-controls centered beta finite difference,0,0.03,,-0.011459,-0.057296,-0.014324,-0.750575,-0.056150,0.057009,20,[C(+10deg)-C(-10deg)]/(20deg in radians),DERIVED_MATCHED_GRID_FROM_PAGE_IMAGE_CROSSCHECKED_SOURCE_TABLES
NASA_CR_3608_DERIVED_BASIC_F18_BETA_CENTERED_SLOPE,BETA_PLUS10_MINUS_BETA_MINUS10,Basic F-18 zero-controls centered beta finite difference,0,0.05,,-0.002865,-0.028648,-0.011459,-0.747710,-0.057009,0.057582,20,[C(+10deg)-C(-10deg)]/(20deg in radians),DERIVED_MATCHED_GRID_FROM_PAGE_IMAGE_CROSSCHECKED_SOURCE_TABLES
NASA_CR_3608_DERIVED_BASIC_F18_BETA_CENTERED_SLOPE,BETA_PLUS10_MINUS_BETA_MINUS10,Basic F-18 zero-controls centered beta finite difference,0,0.10,,-0.005730,0.114592,0.000000,-0.747710,-0.059015,0.058155,20,[C(+10deg)-C(-10deg)]/(20deg in radians),DERIVED_MATCHED_GRID_FROM_PAGE_IMAGE_CROSSCHECKED_SOURCE_TABLES
NASA_CR_3608_DERIVED_BASIC_F18_BETA_CENTERED_SLOPE,BETA_PLUS10_MINUS_BETA_MINUS10,Basic F-18 zero-controls centered beta finite difference,0,0.20,,-0.037242,0.429718,0.014324,-0.764899,-0.055290,0.058442,20,[C(+10deg)-C(-10deg)]/(20deg in radians),DERIVED_MATCHED_GRID_FROM_PAGE_IMAGE_CROSSCHECKED_SOURCE_TABLES
NASA_CR_3608_DERIVED_BASIC_F18_BETA_CENTERED_SLOPE,BETA_PLUS10_MINUS_BETA_MINUS10,Basic F-18 zero-controls centered beta finite difference,0,0.30,,-0.054431,0.630254,0.054431,-0.822194,-0.074485,0.058728,20,[C(+10deg)-C(-10deg)]/(20deg in radians),DERIVED_MATCHED_GRID_FROM_PAGE_IMAGE_CROSSCHECKED_SOURCE_TABLES
NASA_CR_3608_DERIVED_BASIC_F18_BETA_CENTERED_SLOPE,BETA_PLUS10_MINUS_BETA_MINUS10,Basic F-18 zero-controls centered beta finite difference,0,0.40,,-0.071620,0.802141,0.074485,-0.853707,-0.080501,0.056150,20,[C(+10deg)-C(-10deg)]/(20deg in radians),DERIVED_MATCHED_GRID_FROM_PAGE_IMAGE_CROSSCHECKED_SOURCE_TABLES
NASA_CR_3608_DERIVED_BASIC_F18_BETA_CENTERED_SLOPE,BETA_PLUS10_MINUS_BETA_MINUS10,Basic F-18 zero-controls centered beta finite difference,5,-0.40,,-0.034377,-0.830789,0.524256,-0.996947,-0.028361,0.042972,20,[C(+10deg)-C(-10deg)]/(20deg in radians),DERIVED_MATCHED_GRID_FROM_PAGE_IMAGE_CROSSCHECKED_SOURCE_TABLES
NASA_CR_3608_DERIVED_BASIC_F18_BETA_CENTERED_SLOPE,BETA_PLUS10_MINUS_BETA_MINUS10,Basic F-18 zero-controls centered beta finite difference,5,-0.30,,-0.020054,-0.601606,0.366693,-0.948245,-0.046123,0.055004,20,[C(+10deg)-C(-10deg)]/(20deg in radians),DERIVED_MATCHED_GRID_FROM_PAGE_IMAGE_CROSSCHECKED_SOURCE_TABLES
NASA_CR_3608_DERIVED_BASIC_F18_BETA_CENTERED_SLOPE,BETA_PLUS10_MINUS_BETA_MINUS10,Basic F-18 zero-controls centered beta finite difference,5,-0.20,,-0.017189,-0.429718,0.237777,-0.847978,-0.086517,0.060447,20,[C(+10deg)-C(-10deg)]/(20deg in radians),DERIVED_MATCHED_GRID_FROM_PAGE_IMAGE_CROSSCHECKED_SOURCE_TABLES
NASA_CR_3608_DERIVED_BASIC_F18_BETA_CENTERED_SLOPE,BETA_PLUS10_MINUS_BETA_MINUS10,Basic F-18 zero-controls centered beta finite difference,5,-0.10,,-0.002865,-0.200535,0.094538,-0.807870,-0.096257,0.064458,20,[C(+10deg)-C(-10deg)]/(20deg in radians),DERIVED_MATCHED_GRID_FROM_PAGE_IMAGE_CROSSCHECKED_SOURCE_TABLES
NASA_CR_3608_DERIVED_BASIC_F18_BETA_CENTERED_SLOPE,BETA_PLUS10_MINUS_BETA_MINUS10,Basic F-18 zero-controls centered beta finite difference,5,-0.05,,-0.002865,-0.114592,0.040107,-0.796411,-0.087090,0.066463,20,[C(+10deg)-C(-10deg)]/(20deg in radians),DERIVED_MATCHED_GRID_FROM_PAGE_IMAGE_CROSSCHECKED_SOURCE_TABLES
NASA_CR_3608_DERIVED_BASIC_F18_BETA_CENTERED_SLOPE,BETA_PLUS10_MINUS_BETA_MINUS10,Basic F-18 zero-controls centered beta finite difference,5,-0.03,,0.000000,-0.085944,0.020054,-0.807870,-0.037529,0.066463,20,[C(+10deg)-C(-10deg)]/(20deg in radians),DERIVED_MATCHED_GRID_FROM_PAGE_IMAGE_CROSSCHECKED_SOURCE_TABLES
NASA_CR_3608_DERIVED_BASIC_F18_BETA_CENTERED_SLOPE,BETA_PLUS10_MINUS_BETA_MINUS10,Basic F-18 zero-controls centered beta finite difference,5,0.00,1,0.005730,-0.114592,0.051566,-0.859437,0.006875,0.067323,20,[C(+10deg)-C(-10deg)]/(20deg in radians),DERIVED_MATCHED_GRID_FROM_PAGE_IMAGE_CROSSCHECKED_SOURCE_TABLES
NASA_CR_3608_DERIVED_BASIC_F18_BETA_CENTERED_SLOPE,BETA_PLUS10_MINUS_BETA_MINUS10,Basic F-18 zero-controls centered beta finite difference,5,0.00,2,0.000000,-0.085944,0.051566,-0.850842,0.006589,0.067895,20,[C(+10deg)-C(-10deg)]/(20deg in radians),DERIVED_MATCHED_GRID_FROM_PAGE_IMAGE_CROSSCHECKED_SOURCE_TABLES
NASA_CR_3608_DERIVED_BASIC_F18_BETA_CENTERED_SLOPE,BETA_PLUS10_MINUS_BETA_MINUS10,Basic F-18 zero-controls centered beta finite difference,5,0.03,,-0.008594,-0.085944,0.025783,-0.816465,0.051280,0.065031,20,[C(+10deg)-C(-10deg)]/(20deg in radians),DERIVED_MATCHED_GRID_FROM_PAGE_IMAGE_CROSSCHECKED_SOURCE_TABLES
NASA_CR_3608_DERIVED_BASIC_F18_BETA_CENTERED_SLOPE,BETA_PLUS10_MINUS_BETA_MINUS10,Basic F-18 zero-controls centered beta finite difference,5,0.05,,-0.005730,0.000000,0.031513,-0.825059,0.100268,0.064458,20,[C(+10deg)-C(-10deg)]/(20deg in radians),DERIVED_MATCHED_GRID_FROM_PAGE_IMAGE_CROSSCHECKED_SOURCE_TABLES
NASA_CR_3608_DERIVED_BASIC_F18_BETA_CENTERED_SLOPE,BETA_PLUS10_MINUS_BETA_MINUS10,Basic F-18 zero-controls centered beta finite difference,5,0.10,,-0.011459,0.057296,0.060161,-0.802141,0.196238,0.061593,20,[C(+10deg)-C(-10deg)]/(20deg in radians),DERIVED_MATCHED_GRID_FROM_PAGE_IMAGE_CROSSCHECKED_SOURCE_TABLES
NASA_CR_3608_DERIVED_BASIC_F18_BETA_CENTERED_SLOPE,BETA_PLUS10_MINUS_BETA_MINUS10,Basic F-18 zero-controls centered beta finite difference,5,0.20,,-0.011459,0.315127,0.120321,-0.833654,0.381017,0.059301,20,[C(+10deg)-C(-10deg)]/(20deg in radians),DERIVED_MATCHED_GRID_FROM_PAGE_IMAGE_CROSSCHECKED_SOURCE_TABLES
NASA_CR_3608_DERIVED_BASIC_F18_BETA_CENTERED_SLOPE,BETA_PLUS10_MINUS_BETA_MINUS10,Basic F-18 zero-controls centered beta finite difference,5,0.30,,-0.008594,0.544310,0.146104,-0.885220,0.554337,0.055863,20,[C(+10deg)-C(-10deg)]/(20deg in radians),DERIVED_MATCHED_GRID_FROM_PAGE_IMAGE_CROSSCHECKED_SOURCE_TABLES
NASA_CR_3608_DERIVED_BASIC_F18_BETA_CENTERED_SLOPE,BETA_PLUS10_MINUS_BETA_MINUS10,Basic F-18 zero-controls centered beta finite difference,5,0.40,,0.000000,0.658901,0.154699,-0.959704,0.742840,0.042972,20,[C(+10deg)-C(-10deg)]/(20deg in radians),DERIVED_MATCHED_GRID_FROM_PAGE_IMAGE_CROSSCHECKED_SOURCE_TABLES
NASA_CR_3608_DERIVED_BASIC_F18_BETA_CENTERED_SLOPE,BETA_PLUS10_MINUS_BETA_MINUS10,Basic F-18 zero-controls centered beta finite difference,10,-0.40,,-0.008594,-0.401070,0.524256,-1.085755,-0.043831,0.009167,20,[C(+10deg)-C(-10deg)]/(20deg in radians),DERIVED_MATCHED_GRID_FROM_PAGE_IMAGE_CROSSCHECKED_SOURCE_TABLES
NASA_CR_3608_DERIVED_BASIC_F18_BETA_CENTERED_SLOPE,BETA_PLUS10_MINUS_BETA_MINUS10,Basic F-18 zero-controls centered beta finite difference,10,-0.30,,-0.074485,0.171887,0.401070,-0.979758,-0.069041,0.033232,20,[C(+10deg)-C(-10deg)]/(20deg in radians),DERIVED_MATCHED_GRID_FROM_PAGE_IMAGE_CROSSCHECKED_SOURCE_TABLES
NASA_CR_3608_DERIVED_BASIC_F18_BETA_CENTERED_SLOPE,BETA_PLUS10_MINUS_BETA_MINUS10,Basic F-18 zero-controls centered beta finite difference,10,-0.20,,-0.123186,0.458366,0.272155,-0.868031,-0.094252,0.050420,20,[C(+10deg)-C(-10deg)]/(20deg in radians),DERIVED_MATCHED_GRID_FROM_PAGE_IMAGE_CROSSCHECKED_SOURCE_TABLES
NASA_CR_3608_DERIVED_BASIC_F18_BETA_CENTERED_SLOPE,BETA_PLUS10_MINUS_BETA_MINUS10,Basic F-18 zero-controls centered beta finite difference,10,-0.10,,-0.157563,0.716197,0.114592,-0.773493,-0.120321,0.055577,20,[C(+10deg)-C(-10deg)]/(20deg in radians),DERIVED_MATCHED_GRID_FROM_PAGE_IMAGE_CROSSCHECKED_SOURCE_TABLES
NASA_CR_3608_DERIVED_BASIC_F18_BETA_CENTERED_SLOPE,BETA_PLUS10_MINUS_BETA_MINUS10,Basic F-18 zero-controls centered beta finite difference,10,-0.05,,-0.157563,0.773493,0.034377,-0.736251,-0.073625,0.056150,20,[C(+10deg)-C(-10deg)]/(20deg in radians),DERIVED_MATCHED_GRID_FROM_PAGE_IMAGE_CROSSCHECKED_SOURCE_TABLES
NASA_CR_3608_DERIVED_BASIC_F18_BETA_CENTERED_SLOPE,BETA_PLUS10_MINUS_BETA_MINUS10,Basic F-18 zero-controls centered beta finite difference,10,-0.03,,-0.160428,0.802141,-0.002865,-0.741980,-0.035523,0.056150,20,[C(+10deg)-C(-10deg)]/(20deg in radians),DERIVED_MATCHED_GRID_FROM_PAGE_IMAGE_CROSSCHECKED_SOURCE_TABLES
NASA_CR_3608_DERIVED_BASIC_F18_BETA_CENTERED_SLOPE,BETA_PLUS10_MINUS_BETA_MINUS10,Basic F-18 zero-controls centered beta finite difference,10,0.00,1,-0.140375,0.802141,-0.048701,-0.813600,-0.001432,0.057582,20,[C(+10deg)-C(-10deg)]/(20deg in radians),DERIVED_MATCHED_GRID_FROM_PAGE_IMAGE_CROSSCHECKED_SOURCE_TABLES
NASA_CR_3608_DERIVED_BASIC_F18_BETA_CENTERED_SLOPE,BETA_PLUS10_MINUS_BETA_MINUS10,Basic F-18 zero-controls centered beta finite difference,10,0.00,2,-0.140375,0.773493,-0.045837,-0.816465,-0.000573,0.055290,20,[C(+10deg)-C(-10deg)]/(20deg in radians),DERIVED_MATCHED_GRID_FROM_PAGE_IMAGE_CROSSCHECKED_SOURCE_TABLES
NASA_CR_3608_DERIVED_BASIC_F18_BETA_CENTERED_SLOPE,BETA_PLUS10_MINUS_BETA_MINUS10,Basic F-18 zero-controls centered beta finite difference,10,0.03,,-0.134645,0.802141,-0.077349,-0.759169,0.033805,0.054145,20,[C(+10deg)-C(-10deg)]/(20deg in radians),DERIVED_MATCHED_GRID_FROM_PAGE_IMAGE_CROSSCHECKED_SOURCE_TABLES
NASA_CR_3608_DERIVED_BASIC_F18_BETA_CENTERED_SLOPE,BETA_PLUS10_MINUS_BETA_MINUS10,Basic F-18 zero-controls centered beta finite difference,10,0.05,,-0.134645,0.773493,0.074485,-0.770628,0.071333,0.053858,20,[C(+10deg)-C(-10deg)]/(20deg in radians),DERIVED_MATCHED_GRID_FROM_PAGE_IMAGE_CROSSCHECKED_SOURCE_TABLES
NASA_CR_3608_DERIVED_BASIC_F18_BETA_CENTERED_SLOPE,BETA_PLUS10_MINUS_BETA_MINUS10,Basic F-18 zero-controls centered beta finite difference,10,0.10,,-0.123186,0.859437,-0.174752,-0.790682,0.147537,0.052426,20,[C(+10deg)-C(-10deg)]/(20deg in radians),DERIVED_MATCHED_GRID_FROM_PAGE_IMAGE_CROSSCHECKED_SOURCE_TABLES
NASA_CR_3608_DERIVED_BASIC_F18_BETA_CENTERED_SLOPE,BETA_PLUS10_MINUS_BETA_MINUS10,Basic F-18 zero-controls centered beta finite difference,10,0.20,,-0.105997,0.830789,0.183346,-0.868031,0.286192,0.046410,20,[C(+10deg)-C(-10deg)]/(20deg in radians),DERIVED_MATCHED_GRID_FROM_PAGE_IMAGE_CROSSCHECKED_SOURCE_TABLES
NASA_CR_3608_DERIVED_BASIC_F18_BETA_CENTERED_SLOPE,BETA_PLUS10_MINUS_BETA_MINUS10,Basic F-18 zero-controls centered beta finite difference,10,0.30,,-0.065890,0.802141,0.249237,-0.982623,0.438313,0.034664,20,[C(+10deg)-C(-10deg)]/(20deg in radians),DERIVED_MATCHED_GRID_FROM_PAGE_IMAGE_CROSSCHECKED_SOURCE_TABLES
NASA_CR_3608_DERIVED_BASIC_F18_BETA_CENTERED_SLOPE,BETA_PLUS10_MINUS_BETA_MINUS10,Basic F-18 zero-controls centered beta finite difference,10,0.40,,-0.005730,0.859437,-0.730521,-1.039918,0.627962,0.018335,20,[C(+10deg)-C(-10deg)]/(20deg in radians),DERIVED_MATCHED_GRID_FROM_PAGE_IMAGE_CROSSCHECKED_SOURCE_TABLES
NASA_CR_3608_DERIVED_BASIC_F18_BETA_CENTERED_SLOPE,BETA_PLUS10_MINUS_BETA_MINUS10,Basic F-18 zero-controls centered beta finite difference,15,-0.30,,-0.011459,-0.171887,0.572958,-0.839383,-0.045550,-0.020054,20,[C(+10deg)-C(-10deg)]/(20deg in radians),DERIVED_MATCHED_GRID_FROM_PAGE_IMAGE_CROSSCHECKED_SOURCE_TABLES
NASA_CR_3608_DERIVED_BASIC_F18_BETA_CENTERED_SLOPE,BETA_PLUS10_MINUS_BETA_MINUS10,Basic F-18 zero-controls centered beta finite difference,15,-0.20,,-0.011459,-0.171887,0.395341,-0.759169,-0.087376,0.013751,20,[C(+10deg)-C(-10deg)]/(20deg in radians),DERIVED_MATCHED_GRID_FROM_PAGE_IMAGE_CROSSCHECKED_SOURCE_TABLES
NASA_CR_3608_DERIVED_BASIC_F18_BETA_CENTERED_SLOPE,BETA_PLUS10_MINUS_BETA_MINUS10,Basic F-18 zero-controls centered beta finite difference,15,-0.10,,-0.014324,-0.057296,0.200535,-0.676090,-0.115165,0.033232,20,[C(+10deg)-C(-10deg)]/(20deg in radians),DERIVED_MATCHED_GRID_FROM_PAGE_IMAGE_CROSSCHECKED_SOURCE_TABLES
NASA_CR_3608_DERIVED_BASIC_F18_BETA_CENTERED_SLOPE,BETA_PLUS10_MINUS_BETA_MINUS10,Basic F-18 zero-controls centered beta finite difference,15,-0.05,,-0.011459,-0.114592,0.128916,-0.696144,-0.122899,0.039821,20,[C(+10deg)-C(-10deg)]/(20deg in radians),DERIVED_MATCHED_GRID_FROM_PAGE_IMAGE_CROSSCHECKED_SOURCE_TABLES
NASA_CR_3608_DERIVED_BASIC_F18_BETA_CENTERED_SLOPE,BETA_PLUS10_MINUS_BETA_MINUS10,Basic F-18 zero-controls centered beta finite difference,15,-0.03,,-0.011459,-0.114592,0.134645,-0.693279,-0.125478,0.042112,20,[C(+10deg)-C(-10deg)]/(20deg in radians),DERIVED_MATCHED_GRID_FROM_PAGE_IMAGE_CROSSCHECKED_SOURCE_TABLES
NASA_CR_3608_DERIVED_BASIC_F18_BETA_CENTERED_SLOPE,BETA_PLUS10_MINUS_BETA_MINUS10,Basic F-18 zero-controls centered beta finite difference,15,0.00,1,-0.005730,-0.143239,0.174752,-0.759169,-0.128629,0.044118,20,[C(+10deg)-C(-10deg)]/(20deg in radians),DERIVED_MATCHED_GRID_FROM_PAGE_IMAGE_CROSSCHECKED_SOURCE_TABLES
NASA_CR_3608_DERIVED_BASIC_F18_BETA_CENTERED_SLOPE,BETA_PLUS10_MINUS_BETA_MINUS10,Basic F-18 zero-controls centered beta finite difference,15,0.00,2,-0.008594,-0.114592,0.169023,-0.744845,-0.128056,0.041826,20,[C(+10deg)-C(-10deg)]/(20deg in radians),DERIVED_MATCHED_GRID_FROM_PAGE_IMAGE_CROSSCHECKED_SOURCE_TABLES
NASA_CR_3608_DERIVED_BASIC_F18_BETA_CENTERED_SLOPE,BETA_PLUS10_MINUS_BETA_MINUS10,Basic F-18 zero-controls centered beta finite difference,15,0.03,,0.000000,-0.114592,0.126051,-0.713332,-0.125764,0.042685,20,[C(+10deg)-C(-10deg)]/(20deg in radians),DERIVED_MATCHED_GRID_FROM_PAGE_IMAGE_CROSSCHECKED_SOURCE_TABLES
NASA_CR_3608_DERIVED_BASIC_F18_BETA_CENTERED_SLOPE,BETA_PLUS10_MINUS_BETA_MINUS10,Basic F-18 zero-controls centered beta finite difference,15,0.05,,0.002865,-0.085944,0.137510,-0.716197,-0.124332,0.042112,20,[C(+10deg)-C(-10deg)]/(20deg in radians),DERIVED_MATCHED_GRID_FROM_PAGE_IMAGE_CROSSCHECKED_SOURCE_TABLES
NASA_CR_3608_DERIVED_BASIC_F18_BETA_CENTERED_SLOPE,BETA_PLUS10_MINUS_BETA_MINUS10,Basic F-18 zero-controls centered beta finite difference,15,0.10,,0.002865,-0.057296,0.146104,-0.721927,-0.123472,0.036383,20,[C(+10deg)-C(-10deg)]/(20deg in radians),DERIVED_MATCHED_GRID_FROM_PAGE_IMAGE_CROSSCHECKED_SOURCE_TABLES
NASA_CR_3608_DERIVED_BASIC_F18_BETA_CENTERED_SLOPE,BETA_PLUS10_MINUS_BETA_MINUS10,Basic F-18 zero-controls centered beta finite difference,15,0.20,,-0.002865,-0.028648,0.186211,-0.799276,-0.105997,0.020054,20,[C(+10deg)-C(-10deg)]/(20deg in radians),DERIVED_MATCHED_GRID_FROM_PAGE_IMAGE_CROSSCHECKED_SOURCE_TABLES
NASA_CR_3608_DERIVED_BASIC_F18_BETA_CENTERED_SLOPE,BETA_PLUS10_MINUS_BETA_MINUS10,Basic F-18 zero-controls centered beta finite difference,15,0.30,,0.008594,0.028648,0.283614,-0.853707,-0.065031,-0.018048,20,[C(+10deg)-C(-10deg)]/(20deg in radians),DERIVED_MATCHED_GRID_FROM_PAGE_IMAGE_CROSSCHECKED_SOURCE_TABLES
NASA_CR_3608_DERIVED_BASIC_F18_BETA_CENTERED_SLOPE,BETA_PLUS10_MINUS_BETA_MINUS10,Basic F-18 zero-controls centered beta finite difference,15,0.40,,-0.005730,0.200535,0.392476,-0.856572,-0.025497,-0.052139,20,[C(+10deg)-C(-10deg)]/(20deg in radians),DERIVED_MATCHED_GRID_FROM_PAGE_IMAGE_CROSSCHECKED_SOURCE_TABLES
NASA_CR_3608_DERIVED_BASIC_F18_BETA_CENTERED_SLOPE,BETA_PLUS10_MINUS_BETA_MINUS10,Basic F-18 zero-controls centered beta finite difference,20,-0.30,,-0.034377,0.143239,0.653172,-0.813600,0.035810,-0.087663,20,[C(+10deg)-C(-10deg)]/(20deg in radians),DERIVED_MATCHED_GRID_FROM_PAGE_IMAGE_CROSSCHECKED_SOURCE_TABLES
NASA_CR_3608_DERIVED_BASIC_F18_BETA_CENTERED_SLOPE,BETA_PLUS10_MINUS_BETA_MINUS10,Basic F-18 zero-controls centered beta finite difference,20,-0.20,,-0.051566,0.200535,0.381017,-0.664631,0.001146,-0.050134,20,[C(+10deg)-C(-10deg)]/(20deg in radians),DERIVED_MATCHED_GRID_FROM_PAGE_IMAGE_CROSSCHECKED_SOURCE_TABLES
NASA_CR_3608_DERIVED_BASIC_F18_BETA_CENTERED_SLOPE,BETA_PLUS10_MINUS_BETA_MINUS10,Basic F-18 zero-controls centered beta finite difference,20,-0.10,,-0.057296,0.171887,0.174752,-0.564363,-0.028934,-0.020054,20,[C(+10deg)-C(-10deg)]/(20deg in radians),DERIVED_MATCHED_GRID_FROM_PAGE_IMAGE_CROSSCHECKED_SOURCE_TABLES
NASA_CR_3608_DERIVED_BASIC_F18_BETA_CENTERED_SLOPE,BETA_PLUS10_MINUS_BETA_MINUS10,Basic F-18 zero-controls centered beta finite difference,20,-0.05,,-0.060161,0.114592,0.105997,-0.558634,-0.031226,-0.010027,20,[C(+10deg)-C(-10deg)]/(20deg in radians),DERIVED_MATCHED_GRID_FROM_PAGE_IMAGE_CROSSCHECKED_SOURCE_TABLES
NASA_CR_3608_DERIVED_BASIC_F18_BETA_CENTERED_SLOPE,BETA_PLUS10_MINUS_BETA_MINUS10,Basic F-18 zero-controls centered beta finite difference,20,-0.03,,-0.057296,0.057296,0.111727,-0.555769,-0.008308,-0.007735,20,[C(+10deg)-C(-10deg)]/(20deg in radians),DERIVED_MATCHED_GRID_FROM_PAGE_IMAGE_CROSSCHECKED_SOURCE_TABLES
NASA_CR_3608_DERIVED_BASIC_F18_BETA_CENTERED_SLOPE,BETA_PLUS10_MINUS_BETA_MINUS10,Basic F-18 zero-controls centered beta finite difference,20,0.00,1,-0.028648,-0.057296,0.143239,-0.644578,0.007448,-0.008308,20,[C(+10deg)-C(-10deg)]/(20deg in radians),DERIVED_MATCHED_GRID_FROM_PAGE_IMAGE_CROSSCHECKED_SOURCE_TABLES
NASA_CR_3608_DERIVED_BASIC_F18_BETA_CENTERED_SLOPE,BETA_PLUS10_MINUS_BETA_MINUS10,Basic F-18 zero-controls centered beta finite difference,20,0.00,2,-0.045837,0.028648,0.146104,-0.621659,0.010886,-0.012319,20,[C(+10deg)-C(-10deg)]/(20deg in radians),DERIVED_MATCHED_GRID_FROM_PAGE_IMAGE_CROSSCHECKED_SOURCE_TABLES
NASA_CR_3608_DERIVED_BASIC_F18_BETA_CENTERED_SLOPE,BETA_PLUS10_MINUS_BETA_MINUS10,Basic F-18 zero-controls centered beta finite difference,20,0.03,,-0.017189,-0.114592,0.111727,-0.587282,0.023205,-0.007735,20,[C(+10deg)-C(-10deg)]/(20deg in radians),DERIVED_MATCHED_GRID_FROM_PAGE_IMAGE_CROSSCHECKED_SOURCE_TABLES
NASA_CR_3608_DERIVED_BASIC_F18_BETA_CENTERED_SLOPE,BETA_PLUS10_MINUS_BETA_MINUS10,Basic F-18 zero-controls centered beta finite difference,20,0.05,,-0.011459,-0.171887,0.120321,-0.607335,0.043545,-0.008021,20,[C(+10deg)-C(-10deg)]/(20deg in radians),DERIVED_MATCHED_GRID_FROM_PAGE_IMAGE_CROSSCHECKED_SOURCE_TABLES
NASA_CR_3608_DERIVED_BASIC_F18_BETA_CENTERED_SLOPE,BETA_PLUS10_MINUS_BETA_MINUS10,Basic F-18 zero-controls centered beta finite difference,20,0.10,,0.000000,-0.315127,0.137510,-0.627389,0.086230,-0.014324,20,[C(+10deg)-C(-10deg)]/(20deg in radians),DERIVED_MATCHED_GRID_FROM_PAGE_IMAGE_CROSSCHECKED_SOURCE_TABLES
NASA_CR_3608_DERIVED_BASIC_F18_BETA_CENTERED_SLOPE,BETA_PLUS10_MINUS_BETA_MINUS10,Basic F-18 zero-controls centered beta finite difference,20,0.20,,0.017189,-0.487014,0.200535,-0.724792,0.172747,-0.034950,20,[C(+10deg)-C(-10deg)]/(20deg in radians),DERIVED_MATCHED_GRID_FROM_PAGE_IMAGE_CROSSCHECKED_SOURCE_TABLES
NASA_CR_3608_DERIVED_BASIC_F18_BETA_CENTERED_SLOPE,BETA_PLUS10_MINUS_BETA_MINUS10,Basic F-18 zero-controls centered beta finite difference,20,0.30,,0.040107,-0.487014,0.335180,-0.830789,0.259836,-0.063312,20,[C(+10deg)-C(-10deg)]/(20deg in radians),DERIVED_MATCHED_GRID_FROM_PAGE_IMAGE_CROSSCHECKED_SOURCE_TABLES
NASA_CR_3608_DERIVED_BASIC_F18_BETA_CENTERED_SLOPE,BETA_PLUS10_MINUS_BETA_MINUS10,Basic F-18 zero-controls centered beta finite difference,20,0.40,,0.054431,-0.372423,0.501338,-0.911003,0.371850,-0.094825,20,[C(+10deg)-C(-10deg)]/(20deg in radians),DERIVED_MATCHED_GRID_FROM_PAGE_IMAGE_CROSSCHECKED_SOURCE_TABLES
NASA_CR_3608_DERIVED_BASIC_F18_BETA_CENTERED_SLOPE,BETA_PLUS10_MINUS_BETA_MINUS10,Basic F-18 zero-controls centered beta finite difference,25,-0.30,,-0.020054,0.171887,0.767763,-0.847978,0.050707,-0.130061,20,[C(+10deg)-C(-10deg)]/(20deg in radians),DERIVED_MATCHED_GRID_FROM_PAGE_IMAGE_CROSSCHECKED_SOURCE_TABLES
NASA_CR_3608_DERIVED_BASIC_F18_BETA_CENTERED_SLOPE,BETA_PLUS10_MINUS_BETA_MINUS10,Basic F-18 zero-controls centered beta finite difference,25,-0.20,,-0.031513,0.229183,0.541445,-0.699009,0.031513,-0.116597,20,[C(+10deg)-C(-10deg)]/(20deg in radians),DERIVED_MATCHED_GRID_FROM_PAGE_IMAGE_CROSSCHECKED_SOURCE_TABLES
NASA_CR_3608_DERIVED_BASIC_F18_BETA_CENTERED_SLOPE,BETA_PLUS10_MINUS_BETA_MINUS10,Basic F-18 zero-controls centered beta finite difference,25,-0.10,,-0.037242,0.171887,0.335180,-0.572958,0.067036,-0.120035,20,[C(+10deg)-C(-10deg)]/(20deg in radians),DERIVED_MATCHED_GRID_FROM_PAGE_IMAGE_CROSSCHECKED_SOURCE_TABLES
NASA_CR_3608_DERIVED_BASIC_F18_BETA_CENTERED_SLOPE,BETA_PLUS10_MINUS_BETA_MINUS10,Basic F-18 zero-controls centered beta finite difference,25,-0.05,,-0.031513,0.085944,0.183346,-0.541445,0.097116,-0.120894,20,[C(+10deg)-C(-10deg)]/(20deg in radians),DERIVED_MATCHED_GRID_FROM_PAGE_IMAGE_CROSSCHECKED_SOURCE_TABLES
NASA_CR_3608_DERIVED_BASIC_F18_BETA_CENTERED_SLOPE,BETA_PLUS10_MINUS_BETA_MINUS10,Basic F-18 zero-controls centered beta finite difference,25,-0.03,,-0.034377,0.028648,0.105997,-0.521392,0.103705,-0.121467,20,[C(+10deg)-C(-10deg)]/(20deg in radians),DERIVED_MATCHED_GRID_FROM_PAGE_IMAGE_CROSSCHECKED_SOURCE_TABLES
NASA_CR_3608_DERIVED_BASIC_F18_BETA_CENTERED_SLOPE,BETA_PLUS10_MINUS_BETA_MINUS10,Basic F-18 zero-controls centered beta finite difference,25,0.00,1,-0.042972,0.057296,0.002865,-0.550039,0.105424,-0.131780,20,[C(+10deg)-C(-10deg)]/(20deg in radians),DERIVED_MATCHED_GRID_FROM_PAGE_IMAGE_CROSSCHECKED_SOURCE_TABLES
NASA_CR_3608_DERIVED_BASIC_F18_BETA_CENTERED_SLOPE,BETA_PLUS10_MINUS_BETA_MINUS10,Basic F-18 zero-controls centered beta finite difference,25,0.00,2,-0.037242,0.085944,0.014324,-0.558634,0.104565,-0.128343,20,[C(+10deg)-C(-10deg)]/(20deg in radians),DERIVED_MATCHED_GRID_FROM_PAGE_IMAGE_CROSSCHECKED_SOURCE_TABLES
NASA_CR_3608_DERIVED_BASIC_F18_BETA_CENTERED_SLOPE,BETA_PLUS10_MINUS_BETA_MINUS10,Basic F-18 zero-controls centered beta finite difference,25,0.03,,-0.042972,0.085944,-0.068755,-0.487014,0.106857,-0.125478,20,[C(+10deg)-C(-10deg)]/(20deg in radians),DERIVED_MATCHED_GRID_FROM_PAGE_IMAGE_CROSSCHECKED_SOURCE_TABLES
NASA_CR_3608_DERIVED_BASIC_F18_BETA_CENTERED_SLOPE,BETA_PLUS10_MINUS_BETA_MINUS10,Basic F-18 zero-controls centered beta finite difference,25,0.05,,-0.028648,0.000000,-0.160428,-0.524256,0.103705,-0.125478,20,[C(+10deg)-C(-10deg)]/(20deg in radians),DERIVED_MATCHED_GRID_FROM_PAGE_IMAGE_CROSSCHECKED_SOURCE_TABLES
NASA_CR_3608_DERIVED_BASIC_F18_BETA_CENTERED_SLOPE,BETA_PLUS10_MINUS_BETA_MINUS10,Basic F-18 zero-controls centered beta finite difference,25,0.10,,-0.014324,-0.171887,-0.340910,-0.547175,0.075344,-0.124045,20,[C(+10deg)-C(-10deg)]/(20deg in radians),DERIVED_MATCHED_GRID_FROM_PAGE_IMAGE_CROSSCHECKED_SOURCE_TABLES
NASA_CR_3608_DERIVED_BASIC_F18_BETA_CENTERED_SLOPE,BETA_PLUS10_MINUS_BETA_MINUS10,Basic F-18 zero-controls centered beta finite difference,25,0.20,,0.005730,-0.372423,-0.558634,-0.678955,0.013178,-0.111154,20,[C(+10deg)-C(-10deg)]/(20deg in radians),DERIVED_MATCHED_GRID_FROM_PAGE_IMAGE_CROSSCHECKED_SOURCE_TABLES
NASA_CR_3608_DERIVED_BASIC_F18_BETA_CENTERED_SLOPE,BETA_PLUS10_MINUS_BETA_MINUS10,Basic F-18 zero-controls centered beta finite difference,25,0.30,,0.000000,-0.286479,-0.822194,-0.767763,0.096257,-0.108862,20,[C(+10deg)-C(-10deg)]/(20deg in radians),DERIVED_MATCHED_GRID_FROM_PAGE_IMAGE_CROSSCHECKED_SOURCE_TABLES
NASA_CR_3608_DERIVED_BASIC_F18_BETA_CENTERED_SLOPE,BETA_PLUS10_MINUS_BETA_MINUS10,Basic F-18 zero-controls centered beta finite difference,25,0.40,,0.017189,-0.143239,-1.151645,-0.896679,0.201968,-0.131780,20,[C(+10deg)-C(-10deg)]/(20deg in radians),DERIVED_MATCHED_GRID_FROM_PAGE_IMAGE_CROSSCHECKED_SOURCE_TABLES
NASA_CR_3608_DERIVED_BASIC_F18_BETA_CENTERED_SLOPE,BETA_PLUS10_MINUS_BETA_MINUS10,Basic F-18 zero-controls centered beta finite difference,30,-0.30,,0.022918,0.343775,0.787817,-0.916732,0.107430,-0.195092,20,[C(+10deg)-C(-10deg)]/(20deg in radians),DERIVED_MATCHED_GRID_FROM_PAGE_IMAGE_CROSSCHECKED_SOURCE_TABLES
NASA_CR_3608_DERIVED_BASIC_F18_BETA_CENTERED_SLOPE,BETA_PLUS10_MINUS_BETA_MINUS10,Basic F-18 zero-controls centered beta finite difference,30,-0.20,,-0.014324,0.085944,0.552904,-0.833654,0.043831,-0.173606,20,[C(+10deg)-C(-10deg)]/(20deg in radians),DERIVED_MATCHED_GRID_FROM_PAGE_IMAGE_CROSSCHECKED_SOURCE_TABLES
NASA_CR_3608_DERIVED_BASIC_F18_BETA_CENTERED_SLOPE,BETA_PLUS10_MINUS_BETA_MINUS10,Basic F-18 zero-controls centered beta finite difference,30,-0.10,,-0.031513,0.085944,0.315127,-0.764899,0.020054,-0.188503,20,[C(+10deg)-C(-10deg)]/(20deg in radians),DERIVED_MATCHED_GRID_FROM_PAGE_IMAGE_CROSSCHECKED_SOURCE_TABLES
NASA_CR_3608_DERIVED_BASIC_F18_BETA_CENTERED_SLOPE,BETA_PLUS10_MINUS_BETA_MINUS10,Basic F-18 zero-controls centered beta finite difference,30,-0.05,,-0.034377,0.028648,0.297938,-0.759169,0.030080,-0.192514,20,[C(+10deg)-C(-10deg)]/(20deg in radians),DERIVED_MATCHED_GRID_FROM_PAGE_IMAGE_CROSSCHECKED_SOURCE_TABLES
NASA_CR_3608_DERIVED_BASIC_F18_BETA_CENTERED_SLOPE,BETA_PLUS10_MINUS_BETA_MINUS10,Basic F-18 zero-controls centered beta finite difference,30,-0.03,,-0.031513,0.057296,0.312262,-0.782087,0.032372,-0.192227,20,[C(+10deg)-C(-10deg)]/(20deg in radians),DERIVED_MATCHED_GRID_FROM_PAGE_IMAGE_CROSSCHECKED_SOURCE_TABLES
NASA_CR_3608_DERIVED_BASIC_F18_BETA_CENTERED_SLOPE,BETA_PLUS10_MINUS_BETA_MINUS10,Basic F-18 zero-controls centered beta finite difference,30,0.00,1,-0.017189,0.028648,0.335180,-0.816465,0.030367,-0.193373,20,[C(+10deg)-C(-10deg)]/(20deg in radians),DERIVED_MATCHED_GRID_FROM_PAGE_IMAGE_CROSSCHECKED_SOURCE_TABLES
NASA_CR_3608_DERIVED_BASIC_F18_BETA_CENTERED_SLOPE,BETA_PLUS10_MINUS_BETA_MINUS10,Basic F-18 zero-controls centered beta finite difference,30,0.00,2,-0.020054,0.000000,0.343775,-0.816465,0.032659,-0.200535,20,[C(+10deg)-C(-10deg)]/(20deg in radians),DERIVED_MATCHED_GRID_FROM_PAGE_IMAGE_CROSSCHECKED_SOURCE_TABLES
NASA_CR_3608_DERIVED_BASIC_F18_BETA_CENTERED_SLOPE,BETA_PLUS10_MINUS_BETA_MINUS10,Basic F-18 zero-controls centered beta finite difference,30,0.03,,-0.031513,0.257831,0.349504,-0.727656,0.029221,-0.194233,20,[C(+10deg)-C(-10deg)]/(20deg in radians),DERIVED_MATCHED_GRID_FROM_PAGE_IMAGE_CROSSCHECKED_SOURCE_TABLES
NASA_CR_3608_DERIVED_BASIC_F18_BETA_CENTERED_SLOPE,BETA_PLUS10_MINUS_BETA_MINUS10,Basic F-18 zero-controls centered beta finite difference,30,0.05,,-0.031513,0.257831,0.358099,-0.733386,0.030653,-0.192514,20,[C(+10deg)-C(-10deg)]/(20deg in radians),DERIVED_MATCHED_GRID_FROM_PAGE_IMAGE_CROSSCHECKED_SOURCE_TABLES
NASA_CR_3608_DERIVED_BASIC_F18_BETA_CENTERED_SLOPE,BETA_PLUS10_MINUS_BETA_MINUS10,Basic F-18 zero-controls centered beta finite difference,30,0.10,,-0.028648,0.143239,0.389611,-0.741980,0.018048,-0.195665,20,[C(+10deg)-C(-10deg)]/(20deg in radians),DERIVED_MATCHED_GRID_FROM_PAGE_IMAGE_CROSSCHECKED_SOURCE_TABLES
NASA_CR_3608_DERIVED_BASIC_F18_BETA_CENTERED_SLOPE,BETA_PLUS10_MINUS_BETA_MINUS10,Basic F-18 zero-controls centered beta finite difference,30,0.20,,-0.011459,0.114592,0.487014,-0.802141,0.006016,-0.189936,20,[C(+10deg)-C(-10deg)]/(20deg in radians),DERIVED_MATCHED_GRID_FROM_PAGE_IMAGE_CROSSCHECKED_SOURCE_TABLES
NASA_CR_3608_DERIVED_BASIC_F18_BETA_CENTERED_SLOPE,BETA_PLUS10_MINUS_BETA_MINUS10,Basic F-18 zero-controls centered beta finite difference,30,0.30,,-0.011459,0.000000,-0.805006,-0.879490,0.105138,-0.206838,20,[C(+10deg)-C(-10deg)]/(20deg in radians),DERIVED_MATCHED_GRID_FROM_PAGE_IMAGE_CROSSCHECKED_SOURCE_TABLES
NASA_CR_3608_DERIVED_BASIC_F18_BETA_CENTERED_SLOPE,BETA_PLUS10_MINUS_BETA_MINUS10,Basic F-18 zero-controls centered beta finite difference,30,0.40,,0.000000,0.028648,-1.100079,-0.899544,0.089095,-0.218870,20,[C(+10deg)-C(-10deg)]/(20deg in radians),DERIVED_MATCHED_GRID_FROM_PAGE_IMAGE_CROSSCHECKED_SOURCE_TABLES
NASA_CR_3608_DERIVED_BASIC_F18_BETA_CENTERED_SLOPE,BETA_PLUS10_MINUS_BETA_MINUS10,Basic F-18 zero-controls centered beta finite difference,35,-0.30,,-0.008594,0.458366,0.721927,-1.211806,0.034091,-0.201968,20,[C(+10deg)-C(-10deg)]/(20deg in radians),DERIVED_MATCHED_GRID_FROM_PAGE_IMAGE_CROSSCHECKED_SOURCE_TABLES
NASA_CR_3608_DERIVED_BASIC_F18_BETA_CENTERED_SLOPE,BETA_PLUS10_MINUS_BETA_MINUS10,Basic F-18 zero-controls centered beta finite difference,35,-0.20,,-0.017189,0.458366,0.492744,-1.037054,-0.016043,-0.199389,20,[C(+10deg)-C(-10deg)]/(20deg in radians),DERIVED_MATCHED_GRID_FROM_PAGE_IMAGE_CROSSCHECKED_SOURCE_TABLES
NASA_CR_3608_DERIVED_BASIC_F18_BETA_CENTERED_SLOPE,BETA_PLUS10_MINUS_BETA_MINUS10,Basic F-18 zero-controls centered beta finite difference,35,-0.10,,-0.042972,0.286479,0.246372,-0.876625,0.022632,-0.195379,20,[C(+10deg)-C(-10deg)]/(20deg in radians),DERIVED_MATCHED_GRID_FROM_PAGE_IMAGE_CROSSCHECKED_SOURCE_TABLES
NASA_CR_3608_DERIVED_BASIC_F18_BETA_CENTERED_SLOPE,BETA_PLUS10_MINUS_BETA_MINUS10,Basic F-18 zero-controls centered beta finite difference,35,-0.05,,-0.045837,0.200535,0.140375,-0.807870,0.008594,-0.205692,20,[C(+10deg)-C(-10deg)]/(20deg in radians),DERIVED_MATCHED_GRID_FROM_PAGE_IMAGE_CROSSCHECKED_SOURCE_TABLES
NASA_CR_3608_DERIVED_BASIC_F18_BETA_CENTERED_SLOPE,BETA_PLUS10_MINUS_BETA_MINUS10,Basic F-18 zero-controls centered beta finite difference,35,-0.03,,-0.045837,0.229183,0.074485,-0.713332,-0.001432,-0.209703,20,[C(+10deg)-C(-10deg)]/(20deg in radians),DERIVED_MATCHED_GRID_FROM_PAGE_IMAGE_CROSSCHECKED_SOURCE_TABLES
NASA_CR_3608_DERIVED_BASIC_F18_BETA_CENTERED_SLOPE,BETA_PLUS10_MINUS_BETA_MINUS10,Basic F-18 zero-controls centered beta finite difference,35,0.00,1,-0.031513,0.114592,-0.025783,-0.862301,-0.018908,-0.217724,20,[C(+10deg)-C(-10deg)]/(20deg in radians),DERIVED_MATCHED_GRID_FROM_PAGE_IMAGE_CROSSCHECKED_SOURCE_TABLES
NASA_CR_3608_DERIVED_BASIC_F18_BETA_CENTERED_SLOPE,BETA_PLUS10_MINUS_BETA_MINUS10,Basic F-18 zero-controls centered beta finite difference,35,0.00,2,-0.025783,0.028648,-0.031513,-0.885220,-0.010600,-0.225745,20,[C(+10deg)-C(-10deg)]/(20deg in radians),DERIVED_MATCHED_GRID_FROM_PAGE_IMAGE_CROSSCHECKED_SOURCE_TABLES
NASA_CR_3608_DERIVED_BASIC_F18_BETA_CENTERED_SLOPE,BETA_PLUS10_MINUS_BETA_MINUS10,Basic F-18 zero-controls centered beta finite difference,35,0.03,,-0.040107,0.143239,-0.083079,-0.807870,-0.032945,-0.219156,20,[C(+10deg)-C(-10deg)]/(20deg in radians),DERIVED_MATCHED_GRID_FROM_PAGE_IMAGE_CROSSCHECKED_SOURCE_TABLES
NASA_CR_3608_DERIVED_BASIC_F18_BETA_CENTERED_SLOPE,BETA_PLUS10_MINUS_BETA_MINUS10,Basic F-18 zero-controls centered beta finite difference,35,0.05,,-0.045837,0.200535,-0.134645,-0.816465,-0.039248,-0.209130,20,[C(+10deg)-C(-10deg)]/(20deg in radians),DERIVED_MATCHED_GRID_FROM_PAGE_IMAGE_CROSSCHECKED_SOURCE_TABLES
NASA_CR_3608_DERIVED_BASIC_F18_BETA_CENTERED_SLOPE,BETA_PLUS10_MINUS_BETA_MINUS10,Basic F-18 zero-controls centered beta finite difference,35,0.10,,-0.040107,0.143239,-0.260696,-0.865166,-0.071333,-0.205692,20,[C(+10deg)-C(-10deg)]/(20deg in radians),DERIVED_MATCHED_GRID_FROM_PAGE_IMAGE_CROSSCHECKED_SOURCE_TABLES
NASA_CR_3608_DERIVED_BASIC_F18_BETA_CENTERED_SLOPE,BETA_PLUS10_MINUS_BETA_MINUS10,Basic F-18 zero-controls centered beta finite difference,35,0.20,,-0.025783,-0.057296,-0.544310,-1.097214,-0.036096,-0.202827,20,[C(+10deg)-C(-10deg)]/(20deg in radians),DERIVED_MATCHED_GRID_FROM_PAGE_IMAGE_CROSSCHECKED_SOURCE_TABLES
NASA_CR_3608_DERIVED_BASIC_F18_BETA_CENTERED_SLOPE,BETA_PLUS10_MINUS_BETA_MINUS10,Basic F-18 zero-controls centered beta finite difference,35,0.30,,-0.031513,-0.114592,-0.756304,-1.217535,0.034091,-0.221162,20,[C(+10deg)-C(-10deg)]/(20deg in radians),DERIVED_MATCHED_GRID_FROM_PAGE_IMAGE_CROSSCHECKED_SOURCE_TABLES
NASA_CR_3608_DERIVED_BASIC_F18_BETA_CENTERED_SLOPE,BETA_PLUS10_MINUS_BETA_MINUS10,Basic F-18 zero-controls centered beta finite difference,35,0.40,,-0.037242,-0.028648,-0.994082,-1.160240,0.063025,-0.234053,20,[C(+10deg)-C(-10deg)]/(20deg in radians),DERIVED_MATCHED_GRID_FROM_PAGE_IMAGE_CROSSCHECKED_SOURCE_TABLES
NASA_CR_3608_DERIVED_BASIC_F18_BETA_CENTERED_SLOPE,BETA_PLUS10_MINUS_BETA_MINUS10,Basic F-18 zero-controls centered beta finite difference,40,-0.30,,-0.014324,0.716197,0.564363,-1.111538,-0.072193,-0.193087,20,[C(+10deg)-C(-10deg)]/(20deg in radians),DERIVED_MATCHED_GRID_FROM_PAGE_IMAGE_CROSSCHECKED_SOURCE_TABLES
NASA_CR_3608_DERIVED_BASIC_F18_BETA_CENTERED_SLOPE,BETA_PLUS10_MINUS_BETA_MINUS10,Basic F-18 zero-controls centered beta finite difference,40,-0.20,,-0.034377,0.572958,0.346639,-1.057107,-0.082219,-0.219729,20,[C(+10deg)-C(-10deg)]/(20deg in radians),DERIVED_MATCHED_GRID_FROM_PAGE_IMAGE_CROSSCHECKED_SOURCE_TABLES
NASA_CR_3608_DERIVED_BASIC_F18_BETA_CENTERED_SLOPE,BETA_PLUS10_MINUS_BETA_MINUS10,Basic F-18 zero-controls centered beta finite difference,40,-0.10,,-0.051566,0.458366,0.154699,-0.968299,-0.102273,-0.214286,20,[C(+10deg)-C(-10deg)]/(20deg in radians),DERIVED_MATCHED_GRID_FROM_PAGE_IMAGE_CROSSCHECKED_SOURCE_TABLES
NASA_CR_3608_DERIVED_BASIC_F18_BETA_CENTERED_SLOPE,BETA_PLUS10_MINUS_BETA_MINUS10,Basic F-18 zero-controls centered beta finite difference,40,-0.05,,-0.051566,0.343775,0.074485,-0.899544,-0.117743,-0.210276,20,[C(+10deg)-C(-10deg)]/(20deg in radians),DERIVED_MATCHED_GRID_FROM_PAGE_IMAGE_CROSSCHECKED_SOURCE_TABLES
NASA_CR_3608_DERIVED_BASIC_F18_BETA_CENTERED_SLOPE,BETA_PLUS10_MINUS_BETA_MINUS10,Basic F-18 zero-controls centered beta finite difference,40,-0.03,,-0.060161,0.257831,0.031513,-0.839383,-0.121181,-0.202827,20,[C(+10deg)-C(-10deg)]/(20deg in radians),DERIVED_MATCHED_GRID_FROM_PAGE_IMAGE_CROSSCHECKED_SOURCE_TABLES
NASA_CR_3608_DERIVED_BASIC_F18_BETA_CENTERED_SLOPE,BETA_PLUS10_MINUS_BETA_MINUS10,Basic F-18 zero-controls centered beta finite difference,40,0.00,1,-0.040107,0.200535,-0.048701,-0.956840,-0.126910,-0.215719,20,[C(+10deg)-C(-10deg)]/(20deg in radians),DERIVED_MATCHED_GRID_FROM_PAGE_IMAGE_CROSSCHECKED_SOURCE_TABLES
NASA_CR_3608_DERIVED_BASIC_F18_BETA_CENTERED_SLOPE,BETA_PLUS10_MINUS_BETA_MINUS10,Basic F-18 zero-controls centered beta finite difference,40,0.00,2,-0.022918,-0.028648,-0.051566,-0.974028,-0.119175,-0.210562,20,[C(+10deg)-C(-10deg)]/(20deg in radians),DERIVED_MATCHED_GRID_FROM_PAGE_IMAGE_CROSSCHECKED_SOURCE_TABLES
NASA_CR_3608_DERIVED_BASIC_F18_BETA_CENTERED_SLOPE,BETA_PLUS10_MINUS_BETA_MINUS10,Basic F-18 zero-controls centered beta finite difference,40,0.03,,-0.060161,0.372423,-0.031513,-0.747710,-0.123759,-0.202827,20,[C(+10deg)-C(-10deg)]/(20deg in radians),DERIVED_MATCHED_GRID_FROM_PAGE_IMAGE_CROSSCHECKED_SOURCE_TABLES
NASA_CR_3608_DERIVED_BASIC_F18_BETA_CENTERED_SLOPE,BETA_PLUS10_MINUS_BETA_MINUS10,Basic F-18 zero-controls centered beta finite difference,40,0.05,,-0.045837,0.200535,-0.097403,-0.825059,-0.120894,-0.208270,20,[C(+10deg)-C(-10deg)]/(20deg in radians),DERIVED_MATCHED_GRID_FROM_PAGE_IMAGE_CROSSCHECKED_SOURCE_TABLES
NASA_CR_3608_DERIVED_BASIC_F18_BETA_CENTERED_SLOPE,BETA_PLUS10_MINUS_BETA_MINUS10,Basic F-18 zero-controls centered beta finite difference,40,0.10,,-0.042972,0.143239,-0.151834,-0.948245,-0.120608,-0.225745,20,[C(+10deg)-C(-10deg)]/(20deg in radians),DERIVED_MATCHED_GRID_FROM_PAGE_IMAGE_CROSSCHECKED_SOURCE_TABLES
NASA_CR_3608_DERIVED_BASIC_F18_BETA_CENTERED_SLOPE,BETA_PLUS10_MINUS_BETA_MINUS10,Basic F-18 zero-controls centered beta finite difference,40,0.20,,-0.040107,-0.114592,-0.389611,-1.114403,-0.088808,-0.238350,20,[C(+10deg)-C(-10deg)]/(20deg in radians),DERIVED_MATCHED_GRID_FROM_PAGE_IMAGE_CROSSCHECKED_SOURCE_TABLES
NASA_CR_3608_DERIVED_BASIC_F18_BETA_CENTERED_SLOPE,BETA_PLUS10_MINUS_BETA_MINUS10,Basic F-18 zero-controls centered beta finite difference,40,0.30,,-0.048701,-0.229183,-0.581552,-1.240454,-0.059301,-0.252388,20,[C(+10deg)-C(-10deg)]/(20deg in radians),DERIVED_MATCHED_GRID_FROM_PAGE_IMAGE_CROSSCHECKED_SOURCE_TABLES
NASA_CR_3608_DERIVED_BASIC_F18_BETA_CENTERED_SLOPE,BETA_PLUS10_MINUS_BETA_MINUS10,Basic F-18 zero-controls centered beta finite difference,40,0.40,,-0.083079,-0.114592,-0.847978,-1.332127,-0.038675,-0.222308,20,[C(+10deg)-C(-10deg)]/(20deg in radians),DERIVED_MATCHED_GRID_FROM_PAGE_IMAGE_CROSSCHECKED_SOURCE_TABLES
NASA_CR_3608_DERIVED_BASIC_F18_BETA_CENTERED_SLOPE,BETA_PLUS10_MINUS_BETA_MINUS10,Basic F-18 zero-controls centered beta finite difference,45,-0.40,,0.034377,0.401070,0.922462,-1.019865,-0.091387,-0.156417,20,[C(+10deg)-C(-10deg)]/(20deg in radians),DERIVED_MATCHED_GRID_FROM_PAGE_IMAGE_CROSSCHECKED_SOURCE_TABLES
NASA_CR_3608_DERIVED_BASIC_F18_BETA_CENTERED_SLOPE,BETA_PLUS10_MINUS_BETA_MINUS10,Basic F-18 zero-controls centered beta finite difference,45,-0.30,,0.002865,0.572958,0.607335,-1.039918,-0.118029,-0.201108,20,[C(+10deg)-C(-10deg)]/(20deg in radians),DERIVED_MATCHED_GRID_FROM_PAGE_IMAGE_CROSSCHECKED_SOURCE_TABLES
NASA_CR_3608_DERIVED_BASIC_F18_BETA_CENTERED_SLOPE,BETA_PLUS10_MINUS_BETA_MINUS10,Basic F-18 zero-controls centered beta finite difference,45,-0.20,,-0.020054,0.630254,0.355234,-1.091485,-0.114878,-0.265852,20,[C(+10deg)-C(-10deg)]/(20deg in radians),DERIVED_MATCHED_GRID_FROM_PAGE_IMAGE_CROSSCHECKED_SOURCE_TABLES
NASA_CR_3608_DERIVED_BASIC_F18_BETA_CENTERED_SLOPE,BETA_PLUS10_MINUS_BETA_MINUS10,Basic F-18 zero-controls centered beta finite difference,45,-0.10,,-0.037242,0.401070,0.065890,-1.028459,-0.110008,-0.260409,20,[C(+10deg)-C(-10deg)]/(20deg in radians),DERIVED_MATCHED_GRID_FROM_PAGE_IMAGE_CROSSCHECKED_SOURCE_TABLES
NASA_CR_3608_DERIVED_BASIC_F18_BETA_CENTERED_SLOPE,BETA_PLUS10_MINUS_BETA_MINUS10,Basic F-18 zero-controls centered beta finite difference,45,-0.05,,-0.042972,0.315127,-0.017189,-0.953975,-0.102273,-0.210848,20,[C(+10deg)-C(-10deg)]/(20deg in radians),DERIVED_MATCHED_GRID_FROM_PAGE_IMAGE_CROSSCHECKED_SOURCE_TABLES
NASA_CR_3608_DERIVED_BASIC_F18_BETA_CENTERED_SLOPE,BETA_PLUS10_MINUS_BETA_MINUS10,Basic F-18 zero-controls centered beta finite difference,45,-0.03,,-0.042972,0.343775,-0.051566,-0.902409,-0.100268,-0.189363,20,[C(+10deg)-C(-10deg)]/(20deg in radians),DERIVED_MATCHED_GRID_FROM_PAGE_IMAGE_CROSSCHECKED_SOURCE_TABLES
NASA_CR_3608_DERIVED_BASIC_F18_BETA_CENTERED_SLOPE,BETA_PLUS10_MINUS_BETA_MINUS10,Basic F-18 zero-controls centered beta finite difference,45,0.00,1,-0.051566,0.315127,-0.131780,-0.953975,-0.105424,-0.174466,20,[C(+10deg)-C(-10deg)]/(20deg in radians),DERIVED_MATCHED_GRID_FROM_PAGE_IMAGE_CROSSCHECKED_SOURCE_TABLES
NASA_CR_3608_DERIVED_BASIC_F18_BETA_CENTERED_SLOPE,BETA_PLUS10_MINUS_BETA_MINUS10,Basic F-18 zero-controls centered beta finite difference,45,0.00,2,-0.057296,0.315127,-0.120321,-0.919597,-0.109148,-0.176471,20,[C(+10deg)-C(-10deg)]/(20deg in radians),DERIVED_MATCHED_GRID_FROM_PAGE_IMAGE_CROSSCHECKED_SOURCE_TABLES
NASA_CR_3608_DERIVED_BASIC_F18_BETA_CENTERED_SLOPE,BETA_PLUS10_MINUS_BETA_MINUS10,Basic F-18 zero-controls centered beta finite difference,45,0.03,,-0.045837,0.171887,-0.100268,-0.825059,-0.096830,-0.153839,20,[C(+10deg)-C(-10deg)]/(20deg in radians),DERIVED_MATCHED_GRID_FROM_PAGE_IMAGE_CROSSCHECKED_SOURCE_TABLES
NASA_CR_3608_DERIVED_BASIC_F18_BETA_CENTERED_SLOPE,BETA_PLUS10_MINUS_BETA_MINUS10,Basic F-18 zero-controls centered beta finite difference,45,0.05,,-0.040107,0.057296,-0.097403,-0.793547,-0.096543,-0.150974,20,[C(+10deg)-C(-10deg)]/(20deg in radians),DERIVED_MATCHED_GRID_FROM_PAGE_IMAGE_CROSSCHECKED_SOURCE_TABLES
NASA_CR_3608_DERIVED_BASIC_F18_BETA_CENTERED_SLOPE,BETA_PLUS10_MINUS_BETA_MINUS10,Basic F-18 zero-controls centered beta finite difference,45,0.10,,-0.037242,0.000000,-0.097403,-0.951110,-0.100841,-0.211135,20,[C(+10deg)-C(-10deg)]/(20deg in radians),DERIVED_MATCHED_GRID_FROM_PAGE_IMAGE_CROSSCHECKED_SOURCE_TABLES
NASA_CR_3608_DERIVED_BASIC_F18_BETA_CENTERED_SLOPE,BETA_PLUS10_MINUS_BETA_MINUS10,Basic F-18 zero-controls centered beta finite difference,45,0.20,,-0.074485,-0.286479,-0.426854,-1.117268,-0.119462,-0.296792,20,[C(+10deg)-C(-10deg)]/(20deg in radians),DERIVED_MATCHED_GRID_FROM_PAGE_IMAGE_CROSSCHECKED_SOURCE_TABLES
NASA_CR_3608_DERIVED_BASIC_F18_BETA_CENTERED_SLOPE,BETA_PLUS10_MINUS_BETA_MINUS10,Basic F-18 zero-controls centered beta finite difference,45,0.30,,-0.094538,-0.343775,-0.650307,-1.180293,-0.105138,-0.327159,20,[C(+10deg)-C(-10deg)]/(20deg in radians),DERIVED_MATCHED_GRID_FROM_PAGE_IMAGE_CROSSCHECKED_SOURCE_TABLES
NASA_CR_3608_DERIVED_BASIC_F18_BETA_CENTERED_SLOPE,BETA_PLUS10_MINUS_BETA_MINUS10,Basic F-18 zero-controls centered beta finite difference,45,0.40,,-0.143239,-0.257831,-0.916732,-1.180293,-0.087949,-0.253820,20,[C(+10deg)-C(-10deg)]/(20deg in radians),DERIVED_MATCHED_GRID_FROM_PAGE_IMAGE_CROSSCHECKED_SOURCE_TABLES
NASA_CR_3608_DERIVED_BASIC_F18_BETA_CENTERED_SLOPE,BETA_PLUS10_MINUS_BETA_MINUS10,Basic F-18 zero-controls centered beta finite difference,50,-0.40,,0.008594,0.286479,1.105809,-0.968299,-0.161288,-0.116310,20,[C(+10deg)-C(-10deg)]/(20deg in radians),DERIVED_MATCHED_GRID_FROM_PAGE_IMAGE_CROSSCHECKED_SOURCE_TABLES
NASA_CR_3608_DERIVED_BASIC_F18_BETA_CENTERED_SLOPE,BETA_PLUS10_MINUS_BETA_MINUS10,Basic F-18 zero-controls centered beta finite difference,50,-0.30,,-0.028648,0.429718,0.762034,-0.976893,-0.150688,-0.162147,20,[C(+10deg)-C(-10deg)]/(20deg in radians),DERIVED_MATCHED_GRID_FROM_PAGE_IMAGE_CROSSCHECKED_SOURCE_TABLES
NASA_CR_3608_DERIVED_BASIC_F18_BETA_CENTERED_SLOPE,BETA_PLUS10_MINUS_BETA_MINUS10,Basic F-18 zero-controls centered beta finite difference,50,-0.20,,-0.054431,0.572958,0.495608,-0.996947,-0.130921,-0.192227,20,[C(+10deg)-C(-10deg)]/(20deg in radians),DERIVED_MATCHED_GRID_FROM_PAGE_IMAGE_CROSSCHECKED_SOURCE_TABLES
NASA_CR_3608_DERIVED_BASIC_F18_BETA_CENTERED_SLOPE,BETA_PLUS10_MINUS_BETA_MINUS10,Basic F-18 zero-controls centered beta finite difference,50,-0.10,,-0.074485,0.458366,0.160428,-1.057107,-0.132067,-0.299370,20,[C(+10deg)-C(-10deg)]/(20deg in radians),DERIVED_MATCHED_GRID_FROM_PAGE_IMAGE_CROSSCHECKED_SOURCE_TABLES
NASA_CR_3608_DERIVED_BASIC_F18_BETA_CENTERED_SLOPE,BETA_PLUS10_MINUS_BETA_MINUS10,Basic F-18 zero-controls centered beta finite difference,50,-0.05,,-0.085944,0.372423,0.080214,-0.999811,-0.124045,-0.288484,20,[C(+10deg)-C(-10deg)]/(20deg in radians),DERIVED_MATCHED_GRID_FROM_PAGE_IMAGE_CROSSCHECKED_SOURCE_TABLES
NASA_CR_3608_DERIVED_BASIC_F18_BETA_CENTERED_SLOPE,BETA_PLUS10_MINUS_BETA_MINUS10,Basic F-18 zero-controls centered beta finite difference,50,-0.03,,-0.080214,0.372423,0.097403,-0.928192,-0.116024,-0.276166,20,[C(+10deg)-C(-10deg)]/(20deg in radians),DERIVED_MATCHED_GRID_FROM_PAGE_IMAGE_CROSSCHECKED_SOURCE_TABLES
NASA_CR_3608_DERIVED_BASIC_F18_BETA_CENTERED_SLOPE,BETA_PLUS10_MINUS_BETA_MINUS10,Basic F-18 zero-controls centered beta finite difference,50,0.00,1,-0.094538,0.171887,0.071620,-1.048513,-0.110008,-0.262701,20,[C(+10deg)-C(-10deg)]/(20deg in radians),DERIVED_MATCHED_GRID_FROM_PAGE_IMAGE_CROSSCHECKED_SOURCE_TABLES
NASA_CR_3608_DERIVED_BASIC_F18_BETA_CENTERED_SLOPE,BETA_PLUS10_MINUS_BETA_MINUS10,Basic F-18 zero-controls centered beta finite difference,50,0.00,2,-0.094538,0.286479,0.077349,-1.028459,-0.114592,-0.259550,20,[C(+10deg)-C(-10deg)]/(20deg in radians),DERIVED_MATCHED_GRID_FROM_PAGE_IMAGE_CROSSCHECKED_SOURCE_TABLES
NASA_CR_3608_DERIVED_BASIC_F18_BETA_CENTERED_SLOPE,BETA_PLUS10_MINUS_BETA_MINUS10,Basic F-18 zero-controls centered beta finite difference,50,0.03,,-0.083079,0.171887,0.008594,-0.856572,-0.104851,-0.214859,20,[C(+10deg)-C(-10deg)]/(20deg in radians),DERIVED_MATCHED_GRID_FROM_PAGE_IMAGE_CROSSCHECKED_SOURCE_TABLES
NASA_CR_3608_DERIVED_BASIC_F18_BETA_CENTERED_SLOPE,BETA_PLUS10_MINUS_BETA_MINUS10,Basic F-18 zero-controls centered beta finite difference,50,0.05,,-0.083079,-0.028648,-0.108862,-0.825059,-0.120608,-0.183346,20,[C(+10deg)-C(-10deg)]/(20deg in radians),DERIVED_MATCHED_GRID_FROM_PAGE_IMAGE_CROSSCHECKED_SOURCE_TABLES
NASA_CR_3608_DERIVED_BASIC_F18_BETA_CENTERED_SLOPE,BETA_PLUS10_MINUS_BETA_MINUS10,Basic F-18 zero-controls centered beta finite difference,50,0.10,,-0.108862,0.143239,-0.114592,-0.928192,-0.121754,-0.257831,20,[C(+10deg)-C(-10deg)]/(20deg in radians),DERIVED_MATCHED_GRID_FROM_PAGE_IMAGE_CROSSCHECKED_SOURCE_TABLES
NASA_CR_3608_DERIVED_BASIC_F18_BETA_CENTERED_SLOPE,BETA_PLUS10_MINUS_BETA_MINUS10,Basic F-18 zero-controls centered beta finite difference,50,0.20,,-0.120321,-0.229183,-0.484149,-1.140186,-0.148396,-0.348645,20,[C(+10deg)-C(-10deg)]/(20deg in radians),DERIVED_MATCHED_GRID_FROM_PAGE_IMAGE_CROSSCHECKED_SOURCE_TABLES
NASA_CR_3608_DERIVED_BASIC_F18_BETA_CENTERED_SLOPE,BETA_PLUS10_MINUS_BETA_MINUS10,Basic F-18 zero-controls centered beta finite difference,50,0.30,,-0.143239,-0.229183,-0.767763,-1.160240,-0.165012,-0.370704,20,[C(+10deg)-C(-10deg)]/(20deg in radians),DERIVED_MATCHED_GRID_FROM_PAGE_IMAGE_CROSSCHECKED_SOURCE_TABLES
NASA_CR_3608_DERIVED_BASIC_F18_BETA_CENTERED_SLOPE,BETA_PLUS10_MINUS_BETA_MINUS10,Basic F-18 zero-controls centered beta finite difference,50,0.40,,-0.128916,-0.171887,-1.091485,-1.017000,-0.137796,-0.214000,20,[C(+10deg)-C(-10deg)]/(20deg in radians),DERIVED_MATCHED_GRID_FROM_PAGE_IMAGE_CROSSCHECKED_SOURCE_TABLES
NASA_CR_3608_DERIVED_BASIC_F18_BETA_CENTERED_SLOPE,BETA_PLUS10_MINUS_BETA_MINUS10,Basic F-18 zero-controls centered beta finite difference,55,-0.40,,0.008594,0.028648,0.942516,-0.822194,-0.178763,-0.136650,20,[C(+10deg)-C(-10deg)]/(20deg in radians),DERIVED_MATCHED_GRID_FROM_PAGE_IMAGE_CROSSCHECKED_SOURCE_TABLES
NASA_CR_3608_DERIVED_BASIC_F18_BETA_CENTERED_SLOPE,BETA_PLUS10_MINUS_BETA_MINUS10,Basic F-18 zero-controls centered beta finite difference,55,-0.30,,-0.011459,0.257831,0.836518,-0.813600,-0.165585,-0.112013,20,[C(+10deg)-C(-10deg)]/(20deg in radians),DERIVED_MATCHED_GRID_FROM_PAGE_IMAGE_CROSSCHECKED_SOURCE_TABLES
NASA_CR_3608_DERIVED_BASIC_F18_BETA_CENTERED_SLOPE,BETA_PLUS10_MINUS_BETA_MINUS10,Basic F-18 zero-controls centered beta finite difference,55,-0.20,,-0.025783,0.343775,0.509932,-0.893814,-0.130921,-0.206265,20,[C(+10deg)-C(-10deg)]/(20deg in radians),DERIVED_MATCHED_GRID_FROM_PAGE_IMAGE_CROSSCHECKED_SOURCE_TABLES
NASA_CR_3608_DERIVED_BASIC_F18_BETA_CENTERED_SLOPE,BETA_PLUS10_MINUS_BETA_MINUS10,Basic F-18 zero-controls centered beta finite difference,55,-0.10,,-0.051566,0.343775,0.383882,-0.850842,-0.128056,-0.221448,20,[C(+10deg)-C(-10deg)]/(20deg in radians),DERIVED_MATCHED_GRID_FROM_PAGE_IMAGE_CROSSCHECKED_SOURCE_TABLES
NASA_CR_3608_DERIVED_BASIC_F18_BETA_CENTERED_SLOPE,BETA_PLUS10_MINUS_BETA_MINUS10,Basic F-18 zero-controls centered beta finite difference,55,-0.05,,-0.051566,0.200535,0.226318,-0.959704,-0.131494,-0.231761,20,[C(+10deg)-C(-10deg)]/(20deg in radians),DERIVED_MATCHED_GRID_FROM_PAGE_IMAGE_CROSSCHECKED_SOURCE_TABLES
NASA_CR_3608_DERIVED_BASIC_F18_BETA_CENTERED_SLOPE,BETA_PLUS10_MINUS_BETA_MINUS10,Basic F-18 zero-controls centered beta finite difference,55,-0.03,,-0.054431,0.171887,0.234913,-0.985487,-0.126624,-0.237205,20,[C(+10deg)-C(-10deg)]/(20deg in radians),DERIVED_MATCHED_GRID_FROM_PAGE_IMAGE_CROSSCHECKED_SOURCE_TABLES
NASA_CR_3608_DERIVED_BASIC_F18_BETA_CENTERED_SLOPE,BETA_PLUS10_MINUS_BETA_MINUS10,Basic F-18 zero-controls centered beta finite difference,55,0.00,1,-0.074485,0.315127,0.309397,-1.148780,-0.122613,-0.267285,20,[C(+10deg)-C(-10deg)]/(20deg in radians),DERIVED_MATCHED_GRID_FROM_PAGE_IMAGE_CROSSCHECKED_SOURCE_TABLES
NASA_CR_3608_DERIVED_BASIC_F18_BETA_CENTERED_SLOPE,BETA_PLUS10_MINUS_BETA_MINUS10,Basic F-18 zero-controls centered beta finite difference,55,0.00,2,-0.071620,0.286479,0.315127,-1.148780,-0.118029,-0.268431,20,[C(+10deg)-C(-10deg)]/(20deg in radians),DERIVED_MATCHED_GRID_FROM_PAGE_IMAGE_CROSSCHECKED_SOURCE_TABLES
NASA_CR_3608_DERIVED_BASIC_F18_BETA_CENTERED_SLOPE,BETA_PLUS10_MINUS_BETA_MINUS10,Basic F-18 zero-controls centered beta finite difference,55,0.03,,-0.057296,0.143239,0.209130,-1.080025,-0.127197,-0.288771,20,[C(+10deg)-C(-10deg)]/(20deg in radians),DERIVED_MATCHED_GRID_FROM_PAGE_IMAGE_CROSSCHECKED_SOURCE_TABLES
NASA_CR_3608_DERIVED_BASIC_F18_BETA_CENTERED_SLOPE,BETA_PLUS10_MINUS_BETA_MINUS10,Basic F-18 zero-controls centered beta finite difference,55,0.05,,-0.060161,0.114592,0.203400,-1.082890,-0.124618,-0.274447,20,[C(+10deg)-C(-10deg)]/(20deg in radians),DERIVED_MATCHED_GRID_FROM_PAGE_IMAGE_CROSSCHECKED_SOURCE_TABLES
NASA_CR_3608_DERIVED_BASIC_F18_BETA_CENTERED_SLOPE,BETA_PLUS10_MINUS_BETA_MINUS10,Basic F-18 zero-controls centered beta finite difference,55,0.10,,-0.068755,-0.114592,-0.088808,-1.197482,-0.145245,-0.375287,20,[C(+10deg)-C(-10deg)]/(20deg in radians),DERIVED_MATCHED_GRID_FROM_PAGE_IMAGE_CROSSCHECKED_SOURCE_TABLES
NASA_CR_3608_DERIVED_BASIC_F18_BETA_CENTERED_SLOPE,BETA_PLUS10_MINUS_BETA_MINUS10,Basic F-18 zero-controls centered beta finite difference,55,0.20,,-0.088808,-0.143239,-0.684685,-1.122997,-0.180768,-0.323148,20,[C(+10deg)-C(-10deg)]/(20deg in radians),DERIVED_MATCHED_GRID_FROM_PAGE_IMAGE_CROSSCHECKED_SOURCE_TABLES
NASA_CR_3608_DERIVED_BASIC_F18_BETA_CENTERED_SLOPE,BETA_PLUS10_MINUS_BETA_MINUS10,Basic F-18 zero-controls centered beta finite difference,55,0.30,,-0.117456,0.000000,-0.948245,-0.936786,-0.169023,-0.188503,20,[C(+10deg)-C(-10deg)]/(20deg in radians),DERIVED_MATCHED_GRID_FROM_PAGE_IMAGE_CROSSCHECKED_SOURCE_TABLES
NASA_CR_3608_DERIVED_BASIC_F18_BETA_CENTERED_SLOPE,BETA_PLUS10_MINUS_BETA_MINUS10,Basic F-18 zero-controls centered beta finite difference,55,0.40,,-0.123186,0.286479,-0.985487,-0.908138,-0.167877,-0.113732,20,[C(+10deg)-C(-10deg)]/(20deg in radians),DERIVED_MATCHED_GRID_FROM_PAGE_IMAGE_CROSSCHECKED_SOURCE_TABLES
NASA_CR_3608_DERIVED_BASIC_F18_BETA_CENTERED_SLOPE,BETA_PLUS10_MINUS_BETA_MINUS10,Basic F-18 zero-controls centered beta finite difference,60,-0.40,,0.034377,0.000000,0.948245,-0.816465,-0.168736,-0.126624,20,[C(+10deg)-C(-10deg)]/(20deg in radians),DERIVED_MATCHED_GRID_FROM_PAGE_IMAGE_CROSSCHECKED_SOURCE_TABLES
NASA_CR_3608_DERIVED_BASIC_F18_BETA_CENTERED_SLOPE,BETA_PLUS10_MINUS_BETA_MINUS10,Basic F-18 zero-controls centered beta finite difference,60,-0.30,,-0.011459,0.286479,0.724792,-0.822194,-0.136937,-0.156131,20,[C(+10deg)-C(-10deg)]/(20deg in radians),DERIVED_MATCHED_GRID_FROM_PAGE_IMAGE_CROSSCHECKED_SOURCE_TABLES
NASA_CR_3608_DERIVED_BASIC_F18_BETA_CENTERED_SLOPE,BETA_PLUS10_MINUS_BETA_MINUS10,Basic F-18 zero-controls centered beta finite difference,60,-0.20,,-0.037242,0.286479,0.452637,-0.833654,-0.110008,-0.188217,20,[C(+10deg)-C(-10deg)]/(20deg in radians),DERIVED_MATCHED_GRID_FROM_PAGE_IMAGE_CROSSCHECKED_SOURCE_TABLES
NASA_CR_3608_DERIVED_BASIC_F18_BETA_CENTERED_SLOPE,BETA_PLUS10_MINUS_BETA_MINUS10,Basic F-18 zero-controls centered beta finite difference,60,-0.10,,-0.063025,0.372423,0.352369,-0.724792,-0.102273,-0.161288,20,[C(+10deg)-C(-10deg)]/(20deg in radians),DERIVED_MATCHED_GRID_FROM_PAGE_IMAGE_CROSSCHECKED_SOURCE_TABLES
NASA_CR_3608_DERIVED_BASIC_F18_BETA_CENTERED_SLOPE,BETA_PLUS10_MINUS_BETA_MINUS10,Basic F-18 zero-controls centered beta finite difference,60,-0.05,,-0.085944,0.401070,0.429718,-0.744845,-0.115737,-0.181055,20,[C(+10deg)-C(-10deg)]/(20deg in radians),DERIVED_MATCHED_GRID_FROM_PAGE_IMAGE_CROSSCHECKED_SOURCE_TABLES
NASA_CR_3608_DERIVED_BASIC_F18_BETA_CENTERED_SLOPE,BETA_PLUS10_MINUS_BETA_MINUS10,Basic F-18 zero-controls centered beta finite difference,60,-0.03,,-0.080214,0.257831,0.295073,-0.807870,-0.129775,-0.173893,20,[C(+10deg)-C(-10deg)]/(20deg in radians),DERIVED_MATCHED_GRID_FROM_PAGE_IMAGE_CROSSCHECKED_SOURCE_TABLES
NASA_CR_3608_DERIVED_BASIC_F18_BETA_CENTERED_SLOPE,BETA_PLUS10_MINUS_BETA_MINUS10,Basic F-18 zero-controls centered beta finite difference,60,0.00,1,-0.091673,0.286479,0.275020,-0.876625,-0.133786,-0.165012,20,[C(+10deg)-C(-10deg)]/(20deg in radians),DERIVED_MATCHED_GRID_FROM_PAGE_IMAGE_CROSSCHECKED_SOURCE_TABLES
NASA_CR_3608_DERIVED_BASIC_F18_BETA_CENTERED_SLOPE,BETA_PLUS10_MINUS_BETA_MINUS10,Basic F-18 zero-controls centered beta finite difference,60,0.00,2,-0.097403,0.200535,0.234913,-0.856572,-0.140661,-0.173320,20,[C(+10deg)-C(-10deg)]/(20deg in radians),DERIVED_MATCHED_GRID_FROM_PAGE_IMAGE_CROSSCHECKED_SOURCE_TABLES
NASA_CR_3608_DERIVED_BASIC_F18_BETA_CENTERED_SLOPE,BETA_PLUS10_MINUS_BETA_MINUS10,Basic F-18 zero-controls centered beta finite difference,60,0.03,,-0.074485,0.085944,0.151834,-0.862301,-0.135505,-0.136650,20,[C(+10deg)-C(-10deg)]/(20deg in radians),DERIVED_MATCHED_GRID_FROM_PAGE_IMAGE_CROSSCHECKED_SOURCE_TABLES
NASA_CR_3608_DERIVED_BASIC_F18_BETA_CENTERED_SLOPE,BETA_PLUS10_MINUS_BETA_MINUS10,Basic F-18 zero-controls centered beta finite difference,60,0.05,,-0.080214,0.171887,0.146104,-0.882355,-0.134072,-0.086803,20,[C(+10deg)-C(-10deg)]/(20deg in radians),DERIVED_MATCHED_GRID_FROM_PAGE_IMAGE_CROSSCHECKED_SOURCE_TABLES
NASA_CR_3608_DERIVED_BASIC_F18_BETA_CENTERED_SLOPE,BETA_PLUS10_MINUS_BETA_MINUS10,Basic F-18 zero-controls centered beta finite difference,60,0.10,,-0.094538,0.200535,-0.111727,-1.091485,-0.145245,-0.353801,20,[C(+10deg)-C(-10deg)]/(20deg in radians),DERIVED_MATCHED_GRID_FROM_PAGE_IMAGE_CROSSCHECKED_SOURCE_TABLES
NASA_CR_3608_DERIVED_BASIC_F18_BETA_CENTERED_SLOPE,BETA_PLUS10_MINUS_BETA_MINUS10,Basic F-18 zero-controls centered beta finite difference,60,0.20,,-0.105997,0.143239,-0.613065,-1.183158,-0.171601,-0.413103,20,[C(+10deg)-C(-10deg)]/(20deg in radians),DERIVED_MATCHED_GRID_FROM_PAGE_IMAGE_CROSSCHECKED_SOURCE_TABLES
NASA_CR_3608_DERIVED_BASIC_F18_BETA_CENTERED_SLOPE,BETA_PLUS10_MINUS_BETA_MINUS10,Basic F-18 zero-controls centered beta finite difference,60,0.30,,-0.108862,0.343775,-0.865166,-0.862301,-0.185925,-0.161001,20,[C(+10deg)-C(-10deg)]/(20deg in radians),DERIVED_MATCHED_GRID_FROM_PAGE_IMAGE_CROSSCHECKED_SOURCE_TABLES
NASA_CR_3608_DERIVED_BASIC_F18_BETA_CENTERED_SLOPE,BETA_PLUS10_MINUS_BETA_MINUS10,Basic F-18 zero-controls centered beta finite difference,60,0.40,,-0.131780,0.372423,-0.905273,-0.936786,-0.169596,-0.185065,20,[C(+10deg)-C(-10deg)]/(20deg in radians),DERIVED_MATCHED_GRID_FROM_PAGE_IMAGE_CROSSCHECKED_SOURCE_TABLES
NASA_CR_3608_DERIVED_BASIC_F18_BETA_CENTERED_SLOPE,BETA_PLUS10_MINUS_BETA_MINUS10,Basic F-18 zero-controls centered beta finite difference,65,-0.40,,0.063025,-0.028648,0.968299,-0.951110,-0.178476,-0.159282,20,[C(+10deg)-C(-10deg)]/(20deg in radians),DERIVED_MATCHED_GRID_FROM_PAGE_IMAGE_CROSSCHECKED_SOURCE_TABLES
NASA_CR_3608_DERIVED_BASIC_F18_BETA_CENTERED_SLOPE,BETA_PLUS10_MINUS_BETA_MINUS10,Basic F-18 zero-controls centered beta finite difference,65,-0.30,,-0.020054,0.257831,0.633118,-0.868031,-0.123759,-0.180482,20,[C(+10deg)-C(-10deg)]/(20deg in radians),DERIVED_MATCHED_GRID_FROM_PAGE_IMAGE_CROSSCHECKED_SOURCE_TABLES
NASA_CR_3608_DERIVED_BASIC_F18_BETA_CENTERED_SLOPE,BETA_PLUS10_MINUS_BETA_MINUS10,Basic F-18 zero-controls centered beta finite difference,65,-0.20,,-0.054431,0.257831,0.372423,-0.856572,-0.100268,-0.183919,20,[C(+10deg)-C(-10deg)]/(20deg in radians),DERIVED_MATCHED_GRID_FROM_PAGE_IMAGE_CROSSCHECKED_SOURCE_TABLES
NASA_CR_3608_DERIVED_BASIC_F18_BETA_CENTERED_SLOPE,BETA_PLUS10_MINUS_BETA_MINUS10,Basic F-18 zero-controls centered beta finite difference,65,-0.10,,-0.088808,0.229183,0.292208,-0.813600,-0.104278,-0.183346,20,[C(+10deg)-C(-10deg)]/(20deg in radians),DERIVED_MATCHED_GRID_FROM_PAGE_IMAGE_CROSSCHECKED_SOURCE_TABLES
NASA_CR_3608_DERIVED_BASIC_F18_BETA_CENTERED_SLOPE,BETA_PLUS10_MINUS_BETA_MINUS10,Basic F-18 zero-controls centered beta finite difference,65,-0.05,,-0.094538,0.229183,0.197670,-0.856572,-0.128343,-0.169596,20,[C(+10deg)-C(-10deg)]/(20deg in radians),DERIVED_MATCHED_GRID_FROM_PAGE_IMAGE_CROSSCHECKED_SOURCE_TABLES
NASA_CR_3608_DERIVED_BASIC_F18_BETA_CENTERED_SLOPE,BETA_PLUS10_MINUS_BETA_MINUS10,Basic F-18 zero-controls centered beta finite difference,65,-0.03,,-0.097403,0.171887,0.111727,-0.859437,-0.141807,-0.165298,20,[C(+10deg)-C(-10deg)]/(20deg in radians),DERIVED_MATCHED_GRID_FROM_PAGE_IMAGE_CROSSCHECKED_SOURCE_TABLES
NASA_CR_3608_DERIVED_BASIC_F18_BETA_CENTERED_SLOPE,BETA_PLUS10_MINUS_BETA_MINUS10,Basic F-18 zero-controls centered beta finite difference,65,0.00,1,-0.114592,0.171887,0.080214,-0.922462,-0.154126,-0.170455,20,[C(+10deg)-C(-10deg)]/(20deg in radians),DERIVED_MATCHED_GRID_FROM_PAGE_IMAGE_CROSSCHECKED_SOURCE_TABLES
NASA_CR_3608_DERIVED_BASIC_F18_BETA_CENTERED_SLOPE,BETA_PLUS10_MINUS_BETA_MINUS10,Basic F-18 zero-controls centered beta finite difference,65,0.00,2,-0.120321,0.114592,0.085944,-0.956840,-0.143526,-0.172747,20,[C(+10deg)-C(-10deg)]/(20deg in radians),DERIVED_MATCHED_GRID_FROM_PAGE_IMAGE_CROSSCHECKED_SOURCE_TABLES
NASA_CR_3608_DERIVED_BASIC_F18_BETA_CENTERED_SLOPE,BETA_PLUS10_MINUS_BETA_MINUS10,Basic F-18 zero-controls centered beta finite difference,65,0.03,,-0.123186,0.171887,0.077349,-0.885220,-0.146391,-0.171601,20,[C(+10deg)-C(-10deg)]/(20deg in radians),DERIVED_MATCHED_GRID_FROM_PAGE_IMAGE_CROSSCHECKED_SOURCE_TABLES
NASA_CR_3608_DERIVED_BASIC_F18_BETA_CENTERED_SLOPE,BETA_PLUS10_MINUS_BETA_MINUS10,Basic F-18 zero-controls centered beta finite difference,65,0.05,,-0.123186,0.229183,0.034377,-0.862301,-0.143812,-0.175898,20,[C(+10deg)-C(-10deg)]/(20deg in radians),DERIVED_MATCHED_GRID_FROM_PAGE_IMAGE_CROSSCHECKED_SOURCE_TABLES
NASA_CR_3608_DERIVED_BASIC_F18_BETA_CENTERED_SLOPE,BETA_PLUS10_MINUS_BETA_MINUS10,Basic F-18 zero-controls centered beta finite difference,65,0.10,,-0.137510,0.114592,-0.105997,-0.899544,-0.138083,-0.219156,20,[C(+10deg)-C(-10deg)]/(20deg in radians),DERIVED_MATCHED_GRID_FROM_PAGE_IMAGE_CROSSCHECKED_SOURCE_TABLES
NASA_CR_3608_DERIVED_BASIC_F18_BETA_CENTERED_SLOPE,BETA_PLUS10_MINUS_BETA_MINUS10,Basic F-18 zero-controls centered beta finite difference,65,0.20,,-0.157563,0.085944,-0.504203,-1.088620,-0.156131,-0.350650,20,[C(+10deg)-C(-10deg)]/(20deg in radians),DERIVED_MATCHED_GRID_FROM_PAGE_IMAGE_CROSSCHECKED_SOURCE_TABLES
NASA_CR_3608_DERIVED_BASIC_F18_BETA_CENTERED_SLOPE,BETA_PLUS10_MINUS_BETA_MINUS10,Basic F-18 zero-controls centered beta finite difference,65,0.30,,-0.131780,0.143239,-0.951110,-1.100079,-0.205692,-0.333461,20,[C(+10deg)-C(-10deg)]/(20deg in radians),DERIVED_MATCHED_GRID_FROM_PAGE_IMAGE_CROSSCHECKED_SOURCE_TABLES
NASA_CR_3608_DERIVED_BASIC_F18_BETA_CENTERED_SLOPE,BETA_PLUS10_MINUS_BETA_MINUS10,Basic F-18 zero-controls centered beta finite difference,65,0.40,,-0.166158,0.372423,-0.908138,-0.928192,-0.195952,-0.205692,20,[C(+10deg)-C(-10deg)]/(20deg in radians),DERIVED_MATCHED_GRID_FROM_PAGE_IMAGE_CROSSCHECKED_SOURCE_TABLES
NASA_CR_3608_DERIVED_BASIC_F18_BETA_CENTERED_SLOPE,BETA_PLUS10_MINUS_BETA_MINUS10,Basic F-18 zero-controls centered beta finite difference,70,-0.40,,0.002865,-0.085944,0.962569,-0.736251,-0.202827,-0.151834,20,[C(+10deg)-C(-10deg)]/(20deg in radians),DERIVED_MATCHED_GRID_FROM_PAGE_IMAGE_CROSSCHECKED_SOURCE_TABLES
NASA_CR_3608_DERIVED_BASIC_F18_BETA_CENTERED_SLOPE,BETA_PLUS10_MINUS_BETA_MINUS10,Basic F-18 zero-controls centered beta finite difference,70,-0.30,,-0.042972,0.286479,0.747710,-0.701873,-0.139515,-0.155272,20,[C(+10deg)-C(-10deg)]/(20deg in radians),DERIVED_MATCHED_GRID_FROM_PAGE_IMAGE_CROSSCHECKED_SOURCE_TABLES
NASA_CR_3608_DERIVED_BASIC_F18_BETA_CENTERED_SLOPE,BETA_PLUS10_MINUS_BETA_MINUS10,Basic F-18 zero-controls centered beta finite difference,70,-0.20,,-0.040107,0.315127,0.412530,-0.670361,-0.108862,-0.154126,20,[C(+10deg)-C(-10deg)]/(20deg in radians),DERIVED_MATCHED_GRID_FROM_PAGE_IMAGE_CROSSCHECKED_SOURCE_TABLES
NASA_CR_3608_DERIVED_BASIC_F18_BETA_CENTERED_SLOPE,BETA_PLUS10_MINUS_BETA_MINUS10,Basic F-18 zero-controls centered beta finite difference,70,-0.10,,-0.048701,0.143239,0.186211,-0.893814,-0.131780,-0.173893,20,[C(+10deg)-C(-10deg)]/(20deg in radians),DERIVED_MATCHED_GRID_FROM_PAGE_IMAGE_CROSSCHECKED_SOURCE_TABLES
NASA_CR_3608_DERIVED_BASIC_F18_BETA_CENTERED_SLOPE,BETA_PLUS10_MINUS_BETA_MINUS10,Basic F-18 zero-controls centered beta finite difference,70,-0.05,,-0.048701,0.085944,0.048701,-0.885220,-0.169596,-0.160715,20,[C(+10deg)-C(-10deg)]/(20deg in radians),DERIVED_MATCHED_GRID_FROM_PAGE_IMAGE_CROSSCHECKED_SOURCE_TABLES
NASA_CR_3608_DERIVED_BASIC_F18_BETA_CENTERED_SLOPE,BETA_PLUS10_MINUS_BETA_MINUS10,Basic F-18 zero-controls centered beta finite difference,70,-0.03,,-0.051566,0.143239,-0.005730,-0.862301,-0.173606,-0.164439,20,[C(+10deg)-C(-10deg)]/(20deg in radians),DERIVED_MATCHED_GRID_FROM_PAGE_IMAGE_CROSSCHECKED_SOURCE_TABLES
NASA_CR_3608_DERIVED_BASIC_F18_BETA_CENTERED_SLOPE,BETA_PLUS10_MINUS_BETA_MINUS10,Basic F-18 zero-controls centered beta finite difference,70,0.00,1,-0.071620,0.200535,0.071620,-0.908138,-0.173320,-0.164439,20,[C(+10deg)-C(-10deg)]/(20deg in radians),DERIVED_MATCHED_GRID_FROM_PAGE_IMAGE_CROSSCHECKED_SOURCE_TABLES
NASA_CR_3608_DERIVED_BASIC_F18_BETA_CENTERED_SLOPE,BETA_PLUS10_MINUS_BETA_MINUS10,Basic F-18 zero-controls centered beta finite difference,70,0.00,2,-0.083079,0.143239,0.105997,-0.911003,-0.163579,-0.150688,20,[C(+10deg)-C(-10deg)]/(20deg in radians),DERIVED_MATCHED_GRID_FROM_PAGE_IMAGE_CROSSCHECKED_SOURCE_TABLES
NASA_CR_3608_DERIVED_BASIC_F18_BETA_CENTERED_SLOPE,BETA_PLUS10_MINUS_BETA_MINUS10,Basic F-18 zero-controls centered beta finite difference,70,0.03,,-0.074485,0.085944,0.000000,-0.822194,-0.164725,-0.148683,20,[C(+10deg)-C(-10deg)]/(20deg in radians),DERIVED_MATCHED_GRID_FROM_PAGE_IMAGE_CROSSCHECKED_SOURCE_TABLES
NASA_CR_3608_DERIVED_BASIC_F18_BETA_CENTERED_SLOPE,BETA_PLUS10_MINUS_BETA_MINUS10,Basic F-18 zero-controls centered beta finite difference,70,0.05,,-0.085944,0.257831,0.011459,-0.810735,-0.163579,-0.144958,20,[C(+10deg)-C(-10deg)]/(20deg in radians),DERIVED_MATCHED_GRID_FROM_PAGE_IMAGE_CROSSCHECKED_SOURCE_TABLES
NASA_CR_3608_DERIVED_BASIC_F18_BETA_CENTERED_SLOPE,BETA_PLUS10_MINUS_BETA_MINUS10,Basic F-18 zero-controls centered beta finite difference,70,0.10,,-0.091673,0.028648,-0.157563,-0.730521,-0.113732,-0.161288,20,[C(+10deg)-C(-10deg)]/(20deg in radians),DERIVED_MATCHED_GRID_FROM_PAGE_IMAGE_CROSSCHECKED_SOURCE_TABLES
NASA_CR_3608_DERIVED_BASIC_F18_BETA_CENTERED_SLOPE,BETA_PLUS10_MINUS_BETA_MINUS10,Basic F-18 zero-controls centered beta finite difference,70,0.20,,-0.100268,0.085944,-0.360963,-0.796411,-0.119462,-0.183919,20,[C(+10deg)-C(-10deg)]/(20deg in radians),DERIVED_MATCHED_GRID_FROM_PAGE_IMAGE_CROSSCHECKED_SOURCE_TABLES
NASA_CR_3608_DERIVED_BASIC_F18_BETA_CENTERED_SLOPE,BETA_PLUS10_MINUS_BETA_MINUS10,Basic F-18 zero-controls centered beta finite difference,70,0.30,,-0.103132,0.143239,-0.624524,-0.730521,-0.153553,-0.185352,20,[C(+10deg)-C(-10deg)]/(20deg in radians),DERIVED_MATCHED_GRID_FROM_PAGE_IMAGE_CROSSCHECKED_SOURCE_TABLES
NASA_CR_3608_DERIVED_BASIC_F18_BETA_CENTERED_SLOPE,BETA_PLUS10_MINUS_BETA_MINUS10,Basic F-18 zero-controls centered beta finite difference,70,0.40,,-0.134645,0.572958,-0.931056,-0.564363,-0.214000,-0.130634,20,[C(+10deg)-C(-10deg)]/(20deg in radians),DERIVED_MATCHED_GRID_FROM_PAGE_IMAGE_CROSSCHECKED_SOURCE_TABLES
NASA_CR_3608_DERIVED_BASIC_F18_BETA_CENTERED_SLOPE,BETA_PLUS10_MINUS_BETA_MINUS10,Basic F-18 zero-controls centered beta finite difference,75,-0.40,,0.011459,-0.085944,0.865166,-0.653172,-0.155845,-0.128056,20,[C(+10deg)-C(-10deg)]/(20deg in radians),DERIVED_MATCHED_GRID_FROM_PAGE_IMAGE_CROSSCHECKED_SOURCE_TABLES
NASA_CR_3608_DERIVED_BASIC_F18_BETA_CENTERED_SLOPE,BETA_PLUS10_MINUS_BETA_MINUS10,Basic F-18 zero-controls centered beta finite difference,75,-0.30,,0.000000,0.171887,0.650307,-0.770628,-0.135505,-0.145531,20,[C(+10deg)-C(-10deg)]/(20deg in radians),DERIVED_MATCHED_GRID_FROM_PAGE_IMAGE_CROSSCHECKED_SOURCE_TABLES
NASA_CR_3608_DERIVED_BASIC_F18_BETA_CENTERED_SLOPE,BETA_PLUS10_MINUS_BETA_MINUS10,Basic F-18 zero-controls centered beta finite difference,75,-0.20,,0.020054,0.229183,0.355234,-0.836518,-0.117170,-0.156704,20,[C(+10deg)-C(-10deg)]/(20deg in radians),DERIVED_MATCHED_GRID_FROM_PAGE_IMAGE_CROSSCHECKED_SOURCE_TABLES
NASA_CR_3608_DERIVED_BASIC_F18_BETA_CENTERED_SLOPE,BETA_PLUS10_MINUS_BETA_MINUS10,Basic F-18 zero-controls centered beta finite difference,75,-0.10,,0.014324,-0.114592,0.037242,-0.876625,-0.169023,-0.177903,20,[C(+10deg)-C(-10deg)]/(20deg in radians),DERIVED_MATCHED_GRID_FROM_PAGE_IMAGE_CROSSCHECKED_SOURCE_TABLES
NASA_CR_3608_DERIVED_BASIC_F18_BETA_CENTERED_SLOPE,BETA_PLUS10_MINUS_BETA_MINUS10,Basic F-18 zero-controls centered beta finite difference,75,-0.05,,-0.002865,-0.028648,0.017189,-0.845113,-0.173033,-0.169882,20,[C(+10deg)-C(-10deg)]/(20deg in radians),DERIVED_MATCHED_GRID_FROM_PAGE_IMAGE_CROSSCHECKED_SOURCE_TABLES
NASA_CR_3608_DERIVED_BASIC_F18_BETA_CENTERED_SLOPE,BETA_PLUS10_MINUS_BETA_MINUS10,Basic F-18 zero-controls centered beta finite difference,75,-0.03,,-0.002865,-0.028648,-0.002865,-0.819330,-0.174752,-0.170741,20,[C(+10deg)-C(-10deg)]/(20deg in radians),DERIVED_MATCHED_GRID_FROM_PAGE_IMAGE_CROSSCHECKED_SOURCE_TABLES
NASA_CR_3608_DERIVED_BASIC_F18_BETA_CENTERED_SLOPE,BETA_PLUS10_MINUS_BETA_MINUS10,Basic F-18 zero-controls centered beta finite difference,75,0.00,1,-0.034377,0.229183,0.000000,-0.825059,-0.187357,-0.165585,20,[C(+10deg)-C(-10deg)]/(20deg in radians),DERIVED_MATCHED_GRID_FROM_PAGE_IMAGE_CROSSCHECKED_SOURCE_TABLES
NASA_CR_3608_DERIVED_BASIC_F18_BETA_CENTERED_SLOPE,BETA_PLUS10_MINUS_BETA_MINUS10,Basic F-18 zero-controls centered beta finite difference,75,0.00,2,-0.048701,0.229183,0.054431,-0.822194,-0.184779,-0.171028,20,[C(+10deg)-C(-10deg)]/(20deg in radians),DERIVED_MATCHED_GRID_FROM_PAGE_IMAGE_CROSSCHECKED_SOURCE_TABLES
NASA_CR_3608_DERIVED_BASIC_F18_BETA_CENTERED_SLOPE,BETA_PLUS10_MINUS_BETA_MINUS10,Basic F-18 zero-controls centered beta finite difference,75,0.03,,-0.048701,0.229183,-0.017189,-0.784952,-0.176471,-0.165871,20,[C(+10deg)-C(-10deg)]/(20deg in radians),DERIVED_MATCHED_GRID_FROM_PAGE_IMAGE_CROSSCHECKED_SOURCE_TABLES
NASA_CR_3608_DERIVED_BASIC_F18_BETA_CENTERED_SLOPE,BETA_PLUS10_MINUS_BETA_MINUS10,Basic F-18 zero-controls centered beta finite difference,75,0.05,,-0.065890,0.286479,-0.040107,-0.764899,-0.174466,-0.166158,20,[C(+10deg)-C(-10deg)]/(20deg in radians),DERIVED_MATCHED_GRID_FROM_PAGE_IMAGE_CROSSCHECKED_SOURCE_TABLES
NASA_CR_3608_DERIVED_BASIC_F18_BETA_CENTERED_SLOPE,BETA_PLUS10_MINUS_BETA_MINUS10,Basic F-18 zero-controls centered beta finite difference,75,0.10,,-0.088808,0.401070,0.008594,-0.819330,-0.166731,-0.167304,20,[C(+10deg)-C(-10deg)]/(20deg in radians),DERIVED_MATCHED_GRID_FROM_PAGE_IMAGE_CROSSCHECKED_SOURCE_TABLES
NASA_CR_3608_DERIVED_BASIC_F18_BETA_CENTERED_SLOPE,BETA_PLUS10_MINUS_BETA_MINUS10,Basic F-18 zero-controls centered beta finite difference,75,0.20,,-0.140375,0.085944,-0.306532,-0.799276,-0.122899,-0.153266,20,[C(+10deg)-C(-10deg)]/(20deg in radians),DERIVED_MATCHED_GRID_FROM_PAGE_IMAGE_CROSSCHECKED_SOURCE_TABLES
NASA_CR_3608_DERIVED_BASIC_F18_BETA_CENTERED_SLOPE,BETA_PLUS10_MINUS_BETA_MINUS10,Basic F-18 zero-controls centered beta finite difference,75,0.30,,-0.123186,0.286479,-0.567228,-0.773493,-0.144385,-0.138083,20,[C(+10deg)-C(-10deg)]/(20deg in radians),DERIVED_MATCHED_GRID_FROM_PAGE_IMAGE_CROSSCHECKED_SOURCE_TABLES
NASA_CR_3608_DERIVED_BASIC_F18_BETA_CENTERED_SLOPE,BETA_PLUS10_MINUS_BETA_MINUS10,Basic F-18 zero-controls centered beta finite difference,75,0.40,,-0.117456,0.544310,-0.819330,-0.610200,-0.155845,-0.137510,20,[C(+10deg)-C(-10deg)]/(20deg in radians),DERIVED_MATCHED_GRID_FROM_PAGE_IMAGE_CROSSCHECKED_SOURCE_TABLES
NASA_CR_3608_DERIVED_BASIC_F18_BETA_CENTERED_SLOPE,BETA_PLUS10_MINUS_BETA_MINUS10,Basic F-18 zero-controls centered beta finite difference,80,-0.40,,0.048701,-0.343775,0.919597,-0.658901,-0.146391,-0.118602,20,[C(+10deg)-C(-10deg)]/(20deg in radians),DERIVED_MATCHED_GRID_FROM_PAGE_IMAGE_CROSSCHECKED_SOURCE_TABLES
NASA_CR_3608_DERIVED_BASIC_F18_BETA_CENTERED_SLOPE,BETA_PLUS10_MINUS_BETA_MINUS10,Basic F-18 zero-controls centered beta finite difference,80,-0.30,,0.005730,-0.028648,0.641713,-0.868031,-0.145818,-0.127197,20,[C(+10deg)-C(-10deg)]/(20deg in radians),DERIVED_MATCHED_GRID_FROM_PAGE_IMAGE_CROSSCHECKED_SOURCE_TABLES
NASA_CR_3608_DERIVED_BASIC_F18_BETA_CENTERED_SLOPE,BETA_PLUS10_MINUS_BETA_MINUS10,Basic F-18 zero-controls centered beta finite difference,80,-0.20,,0.008594,0.114592,0.346639,-0.833654,-0.138942,-0.142094,20,[C(+10deg)-C(-10deg)]/(20deg in radians),DERIVED_MATCHED_GRID_FROM_PAGE_IMAGE_CROSSCHECKED_SOURCE_TABLES
NASA_CR_3608_DERIVED_BASIC_F18_BETA_CENTERED_SLOPE,BETA_PLUS10_MINUS_BETA_MINUS10,Basic F-18 zero-controls centered beta finite difference,80,-0.10,,0.022918,-0.057296,0.083079,-0.816465,-0.167304,-0.162434,20,[C(+10deg)-C(-10deg)]/(20deg in radians),DERIVED_MATCHED_GRID_FROM_PAGE_IMAGE_CROSSCHECKED_SOURCE_TABLES
NASA_CR_3608_DERIVED_BASIC_F18_BETA_CENTERED_SLOPE,BETA_PLUS10_MINUS_BETA_MINUS10,Basic F-18 zero-controls centered beta finite difference,80,-0.05,,-0.002865,-0.085944,0.080214,-0.767763,-0.164725,-0.165012,20,[C(+10deg)-C(-10deg)]/(20deg in radians),DERIVED_MATCHED_GRID_FROM_PAGE_IMAGE_CROSSCHECKED_SOURCE_TABLES
NASA_CR_3608_DERIVED_BASIC_F18_BETA_CENTERED_SLOPE,BETA_PLUS10_MINUS_BETA_MINUS10,Basic F-18 zero-controls centered beta finite difference,80,-0.03,,-0.017189,-0.057296,0.028648,-0.773493,-0.163866,-0.164152,20,[C(+10deg)-C(-10deg)]/(20deg in radians),DERIVED_MATCHED_GRID_FROM_PAGE_IMAGE_CROSSCHECKED_SOURCE_TABLES
NASA_CR_3608_DERIVED_BASIC_F18_BETA_CENTERED_SLOPE,BETA_PLUS10_MINUS_BETA_MINUS10,Basic F-18 zero-controls centered beta finite difference,80,0.00,1,-0.065890,0.057296,0.017189,-0.868031,-0.174466,-0.159569,20,[C(+10deg)-C(-10deg)]/(20deg in radians),DERIVED_MATCHED_GRID_FROM_PAGE_IMAGE_CROSSCHECKED_SOURCE_TABLES
NASA_CR_3608_DERIVED_BASIC_F18_BETA_CENTERED_SLOPE,BETA_PLUS10_MINUS_BETA_MINUS10,Basic F-18 zero-controls centered beta finite difference,80,0.00,2,-0.057296,0.114592,-0.031513,-0.790682,-0.177903,-0.172174,20,[C(+10deg)-C(-10deg)]/(20deg in radians),DERIVED_MATCHED_GRID_FROM_PAGE_IMAGE_CROSSCHECKED_SOURCE_TABLES
NASA_CR_3608_DERIVED_BASIC_F18_BETA_CENTERED_SLOPE,BETA_PLUS10_MINUS_BETA_MINUS10,Basic F-18 zero-controls centered beta finite difference,80,0.03,,-0.054431,0.114592,-0.008594,-0.724792,-0.165298,-0.163579,20,[C(+10deg)-C(-10deg)]/(20deg in radians),DERIVED_MATCHED_GRID_FROM_PAGE_IMAGE_CROSSCHECKED_SOURCE_TABLES
NASA_CR_3608_DERIVED_BASIC_F18_BETA_CENTERED_SLOPE,BETA_PLUS10_MINUS_BETA_MINUS10,Basic F-18 zero-controls centered beta finite difference,80,0.05,,-0.060161,0.143239,-0.040107,-0.727656,-0.166158,-0.165585,20,[C(+10deg)-C(-10deg)]/(20deg in radians),DERIVED_MATCHED_GRID_FROM_PAGE_IMAGE_CROSSCHECKED_SOURCE_TABLES
NASA_CR_3608_DERIVED_BASIC_F18_BETA_CENTERED_SLOPE,BETA_PLUS10_MINUS_BETA_MINUS10,Basic F-18 zero-controls centered beta finite difference,80,0.10,,-0.091673,0.143239,-0.037242,-0.756304,-0.172174,-0.162720,20,[C(+10deg)-C(-10deg)]/(20deg in radians),DERIVED_MATCHED_GRID_FROM_PAGE_IMAGE_CROSSCHECKED_SOURCE_TABLES
NASA_CR_3608_DERIVED_BASIC_F18_BETA_CENTERED_SLOPE,BETA_PLUS10_MINUS_BETA_MINUS10,Basic F-18 zero-controls centered beta finite difference,80,0.20,,-0.094538,0.114592,-0.326586,-0.767763,-0.134645,-0.137796,20,[C(+10deg)-C(-10deg)]/(20deg in radians),DERIVED_MATCHED_GRID_FROM_PAGE_IMAGE_CROSSCHECKED_SOURCE_TABLES
NASA_CR_3608_DERIVED_BASIC_F18_BETA_CENTERED_SLOPE,BETA_PLUS10_MINUS_BETA_MINUS10,Basic F-18 zero-controls centered beta finite difference,80,0.30,,-0.103132,0.286479,-0.604470,-0.833654,-0.154985,-0.121754,20,[C(+10deg)-C(-10deg)]/(20deg in radians),DERIVED_MATCHED_GRID_FROM_PAGE_IMAGE_CROSSCHECKED_SOURCE_TABLES
NASA_CR_3608_DERIVED_BASIC_F18_BETA_CENTERED_SLOPE,BETA_PLUS10_MINUS_BETA_MINUS10,Basic F-18 zero-controls centered beta finite difference,80,0.40,,-0.097403,0.658901,-0.868031,-0.601606,-0.158423,-0.123186,20,[C(+10deg)-C(-10deg)]/(20deg in radians),DERIVED_MATCHED_GRID_FROM_PAGE_IMAGE_CROSSCHECKED_SOURCE_TABLES
NASA_CR_3608_DERIVED_BASIC_F18_BETA_CENTERED_SLOPE,BETA_PLUS10_MINUS_BETA_MINUS10,Basic F-18 zero-controls centered beta finite difference,85,-0.40,,0.120321,-0.716197,0.865166,-0.704738,-0.171028,-0.107143,20,[C(+10deg)-C(-10deg)]/(20deg in radians),DERIVED_MATCHED_GRID_FROM_PAGE_IMAGE_CROSSCHECKED_SOURCE_TABLES
NASA_CR_3608_DERIVED_BASIC_F18_BETA_CENTERED_SLOPE,BETA_PLUS10_MINUS_BETA_MINUS10,Basic F-18 zero-controls centered beta finite difference,85,-0.30,,0.071620,-0.315127,0.532851,-0.911003,-0.203400,-0.113159,20,[C(+10deg)-C(-10deg)]/(20deg in radians),DERIVED_MATCHED_GRID_FROM_PAGE_IMAGE_CROSSCHECKED_SOURCE_TABLES
NASA_CR_3608_DERIVED_BASIC_F18_BETA_CENTERED_SLOPE,BETA_PLUS10_MINUS_BETA_MINUS10,Basic F-18 zero-controls centered beta finite difference,85,-0.20,,0.063025,-0.114592,0.232048,-0.833654,-0.174466,-0.139802,20,[C(+10deg)-C(-10deg)]/(20deg in radians),DERIVED_MATCHED_GRID_FROM_PAGE_IMAGE_CROSSCHECKED_SOURCE_TABLES
NASA_CR_3608_DERIVED_BASIC_F18_BETA_CENTERED_SLOPE,BETA_PLUS10_MINUS_BETA_MINUS10,Basic F-18 zero-controls centered beta finite difference,85,-0.10,,0.063025,-0.200535,0.094538,-0.773493,-0.164152,-0.156131,20,[C(+10deg)-C(-10deg)]/(20deg in radians),DERIVED_MATCHED_GRID_FROM_PAGE_IMAGE_CROSSCHECKED_SOURCE_TABLES
NASA_CR_3608_DERIVED_BASIC_F18_BETA_CENTERED_SLOPE,BETA_PLUS10_MINUS_BETA_MINUS10,Basic F-18 zero-controls centered beta finite difference,85,-0.05,,0.048701,-0.143239,0.051566,-0.741980,-0.158709,-0.154126,20,[C(+10deg)-C(-10deg)]/(20deg in radians),DERIVED_MATCHED_GRID_FROM_PAGE_IMAGE_CROSSCHECKED_SOURCE_TABLES
NASA_CR_3608_DERIVED_BASIC_F18_BETA_CENTERED_SLOPE,BETA_PLUS10_MINUS_BETA_MINUS10,Basic F-18 zero-controls centered beta finite difference,85,-0.03,,0.045837,-0.114592,0.014324,-0.724792,-0.162720,-0.159855,20,[C(+10deg)-C(-10deg)]/(20deg in radians),DERIVED_MATCHED_GRID_FROM_PAGE_IMAGE_CROSSCHECKED_SOURCE_TABLES
NASA_CR_3608_DERIVED_BASIC_F18_BETA_CENTERED_SLOPE,BETA_PLUS10_MINUS_BETA_MINUS10,Basic F-18 zero-controls centered beta finite difference,85,0.00,1,-0.008594,-0.057296,-0.048701,-0.856572,-0.167590,-0.141234,20,[C(+10deg)-C(-10deg)]/(20deg in radians),DERIVED_MATCHED_GRID_FROM_PAGE_IMAGE_CROSSCHECKED_SOURCE_TABLES
NASA_CR_3608_DERIVED_BASIC_F18_BETA_CENTERED_SLOPE,BETA_PLUS10_MINUS_BETA_MINUS10,Basic F-18 zero-controls centered beta finite difference,85,0.00,2,-0.014324,-0.085944,0.005730,-0.793547,-0.179049,-0.165012,20,[C(+10deg)-C(-10deg)]/(20deg in radians),DERIVED_MATCHED_GRID_FROM_PAGE_IMAGE_CROSSCHECKED_SOURCE_TABLES
NASA_CR_3608_DERIVED_BASIC_F18_BETA_CENTERED_SLOPE,BETA_PLUS10_MINUS_BETA_MINUS10,Basic F-18 zero-controls centered beta finite difference,85,0.03,,0.014324,-0.028648,-0.014324,-0.684685,-0.163866,-0.158709,20,[C(+10deg)-C(-10deg)]/(20deg in radians),DERIVED_MATCHED_GRID_FROM_PAGE_IMAGE_CROSSCHECKED_SOURCE_TABLES
NASA_CR_3608_DERIVED_BASIC_F18_BETA_CENTERED_SLOPE,BETA_PLUS10_MINUS_BETA_MINUS10,Basic F-18 zero-controls centered beta finite difference,85,0.05,,0.002865,-0.085944,-0.031513,-0.701873,-0.163293,-0.159282,20,[C(+10deg)-C(-10deg)]/(20deg in radians),DERIVED_MATCHED_GRID_FROM_PAGE_IMAGE_CROSSCHECKED_SOURCE_TABLES
NASA_CR_3608_DERIVED_BASIC_F18_BETA_CENTERED_SLOPE,BETA_PLUS10_MINUS_BETA_MINUS10,Basic F-18 zero-controls centered beta finite difference,85,0.10,,-0.020054,-0.028648,-0.074485,-0.739116,-0.166731,-0.155558,20,[C(+10deg)-C(-10deg)]/(20deg in radians),DERIVED_MATCHED_GRID_FROM_PAGE_IMAGE_CROSSCHECKED_SOURCE_TABLES
NASA_CR_3608_DERIVED_BASIC_F18_BETA_CENTERED_SLOPE,BETA_PLUS10_MINUS_BETA_MINUS10,Basic F-18 zero-controls centered beta finite difference,85,0.20,,-0.057296,0.000000,-0.292208,-0.770628,-0.160715,-0.131780,20,[C(+10deg)-C(-10deg)]/(20deg in radians),DERIVED_MATCHED_GRID_FROM_PAGE_IMAGE_CROSSCHECKED_SOURCE_TABLES
NASA_CR_3608_DERIVED_BASIC_F18_BETA_CENTERED_SLOPE,BETA_PLUS10_MINUS_BETA_MINUS10,Basic F-18 zero-controls centered beta finite difference,85,0.30,,-0.094538,0.200535,-0.570093,-0.859437,-0.157850,-0.105997,20,[C(+10deg)-C(-10deg)]/(20deg in radians),DERIVED_MATCHED_GRID_FROM_PAGE_IMAGE_CROSSCHECKED_SOURCE_TABLES
NASA_CR_3608_DERIVED_BASIC_F18_BETA_CENTERED_SLOPE,BETA_PLUS10_MINUS_BETA_MINUS10,Basic F-18 zero-controls centered beta finite difference,85,0.40,,-0.085944,0.630254,-0.813600,-0.618794,-0.170455,-0.102273,20,[C(+10deg)-C(-10deg)]/(20deg in radians),DERIVED_MATCHED_GRID_FROM_PAGE_IMAGE_CROSSCHECKED_SOURCE_TABLES
NASA_CR_3608_DERIVED_BASIC_F18_BETA_CENTERED_SLOPE,BETA_PLUS10_MINUS_BETA_MINUS10,Basic F-18 zero-controls centered beta finite difference,90,-0.40,,0.077349,-0.687549,0.782087,-0.762034,-0.171314,-0.097403,20,[C(+10deg)-C(-10deg)]/(20deg in radians),DERIVED_MATCHED_GRID_FROM_PAGE_IMAGE_CROSSCHECKED_SOURCE_TABLES
NASA_CR_3608_DERIVED_BASIC_F18_BETA_CENTERED_SLOPE,BETA_PLUS10_MINUS_BETA_MINUS10,Basic F-18 zero-controls centered beta finite difference,90,-0.30,,0.068755,-0.315127,0.492744,-0.842248,-0.193660,-0.099695,20,[C(+10deg)-C(-10deg)]/(20deg in radians),DERIVED_MATCHED_GRID_FROM_PAGE_IMAGE_CROSSCHECKED_SOURCE_TABLES
NASA_CR_3608_DERIVED_BASIC_F18_BETA_CENTERED_SLOPE,BETA_PLUS10_MINUS_BETA_MINUS10,Basic F-18 zero-controls centered beta finite difference,90,-0.20,,0.057296,-0.085944,0.203400,-0.862301,-0.167017,-0.127770,20,[C(+10deg)-C(-10deg)]/(20deg in radians),DERIVED_MATCHED_GRID_FROM_PAGE_IMAGE_CROSSCHECKED_SOURCE_TABLES
NASA_CR_3608_DERIVED_BASIC_F18_BETA_CENTERED_SLOPE,BETA_PLUS10_MINUS_BETA_MINUS10,Basic F-18 zero-controls centered beta finite difference,90,-0.10,,0.034377,-0.171887,0.091673,-0.744845,-0.165012,-0.151547,20,[C(+10deg)-C(-10deg)]/(20deg in radians),DERIVED_MATCHED_GRID_FROM_PAGE_IMAGE_CROSSCHECKED_SOURCE_TABLES
NASA_CR_3608_DERIVED_BASIC_F18_BETA_CENTERED_SLOPE,BETA_PLUS10_MINUS_BETA_MINUS10,Basic F-18 zero-controls centered beta finite difference,90,-0.05,,0.020054,-0.171887,0.045837,-0.747710,-0.155558,-0.143239,20,[C(+10deg)-C(-10deg)]/(20deg in radians),DERIVED_MATCHED_GRID_FROM_PAGE_IMAGE_CROSSCHECKED_SOURCE_TABLES
NASA_CR_3608_DERIVED_BASIC_F18_BETA_CENTERED_SLOPE,BETA_PLUS10_MINUS_BETA_MINUS10,Basic F-18 zero-controls centered beta finite difference,90,-0.03,,0.005730,-0.114592,0.014324,-0.721927,-0.155272,-0.144385,20,[C(+10deg)-C(-10deg)]/(20deg in radians),DERIVED_MATCHED_GRID_FROM_PAGE_IMAGE_CROSSCHECKED_SOURCE_TABLES
NASA_CR_3608_DERIVED_BASIC_F18_BETA_CENTERED_SLOPE,BETA_PLUS10_MINUS_BETA_MINUS10,Basic F-18 zero-controls centered beta finite difference,90,0.00,1,-0.031513,-0.028648,-0.048701,-0.822194,-0.159282,-0.130921,20,[C(+10deg)-C(-10deg)]/(20deg in radians),DERIVED_MATCHED_GRID_FROM_PAGE_IMAGE_CROSSCHECKED_SOURCE_TABLES
NASA_CR_3608_DERIVED_BASIC_F18_BETA_CENTERED_SLOPE,BETA_PLUS10_MINUS_BETA_MINUS10,Basic F-18 zero-controls centered beta finite difference,90,0.00,2,-0.022918,0.028648,-0.074485,-0.770628,-0.163579,-0.141521,20,[C(+10deg)-C(-10deg)]/(20deg in radians),DERIVED_MATCHED_GRID_FROM_PAGE_IMAGE_CROSSCHECKED_SOURCE_TABLES
NASA_CR_3608_DERIVED_BASIC_F18_BETA_CENTERED_SLOPE,BETA_PLUS10_MINUS_BETA_MINUS10,Basic F-18 zero-controls centered beta finite difference,90,0.03,,-0.005730,-0.057296,-0.042972,-0.693279,-0.154699,-0.143239,20,[C(+10deg)-C(-10deg)]/(20deg in radians),DERIVED_MATCHED_GRID_FROM_PAGE_IMAGE_CROSSCHECKED_SOURCE_TABLES
NASA_CR_3608_DERIVED_BASIC_F18_BETA_CENTERED_SLOPE,BETA_PLUS10_MINUS_BETA_MINUS10,Basic F-18 zero-controls centered beta finite difference,90,0.05,,-0.020054,-0.028648,-0.051566,-0.690414,-0.159569,-0.148110,20,[C(+10deg)-C(-10deg)]/(20deg in radians),DERIVED_MATCHED_GRID_FROM_PAGE_IMAGE_CROSSCHECKED_SOURCE_TABLES
NASA_CR_3608_DERIVED_BASIC_F18_BETA_CENTERED_SLOPE,BETA_PLUS10_MINUS_BETA_MINUS10,Basic F-18 zero-controls centered beta finite difference,90,0.10,,-0.037242,0.057296,-0.108862,-0.693279,-0.167877,-0.152407,20,[C(+10deg)-C(-10deg)]/(20deg in radians),DERIVED_MATCHED_GRID_FROM_PAGE_IMAGE_CROSSCHECKED_SOURCE_TABLES
NASA_CR_3608_DERIVED_BASIC_F18_BETA_CENTERED_SLOPE,BETA_PLUS10_MINUS_BETA_MINUS10,Basic F-18 zero-controls centered beta finite difference,90,0.20,,-0.068755,0.057296,-0.266425,-0.790682,-0.173320,-0.132067,20,[C(+10deg)-C(-10deg)]/(20deg in radians),DERIVED_MATCHED_GRID_FROM_PAGE_IMAGE_CROSSCHECKED_SOURCE_TABLES
NASA_CR_3608_DERIVED_BASIC_F18_BETA_CENTERED_SLOPE,BETA_PLUS10_MINUS_BETA_MINUS10,Basic F-18 zero-controls centered beta finite difference,90,0.30,,-0.074485,0.171887,-0.475555,-0.845113,-0.191368,-0.094252,20,[C(+10deg)-C(-10deg)]/(20deg in radians),DERIVED_MATCHED_GRID_FROM_PAGE_IMAGE_CROSSCHECKED_SOURCE_TABLES
NASA_CR_3608_DERIVED_BASIC_F18_BETA_CENTERED_SLOPE,BETA_PLUS10_MINUS_BETA_MINUS10,Basic F-18 zero-controls centered beta finite difference,90,0.40,,-0.074485,0.601606,-0.807870,-0.690414,-0.174752,-0.099408,20,[C(+10deg)-C(-10deg)]/(20deg in radians),DERIVED_MATCHED_GRID_FROM_PAGE_IMAGE_CROSSCHECKED_SOURCE_TABLES
