case,group,equilibrium,mode,amplitude,dt_s,duration_s,window_end_s,window_samples,predicted_re_per_s,predicted_im_rad_s,measured_sigma_modal,measured_omega_modal,measured_sigma_state,measured_omega_state,dominant_state,zero_crossings,extrema,wp3d_uncertainty,rate_error,rate_band,rate_agrees,frequency_error,frequency_band,frequency_agrees,reference_amplitude
A20-A,A,table_vii_20,A+,1E-06,0.01,8,1.62,82,-1.4114271001332619,0.99973820985176942,-1.4118976287959468,0.99954424124544083,,,alpha,0,0,5.648E-006,0.00047052866268493254,1.731E-002,,0.00019396860632858726,5.016E-003,,false
A20-A,A,table_vii_20,A+,1E-05,0.01,8,3.24,163,-1.4114271001332619,0.99973820985176942,-1.4135696296353677,1.0014281835549304,,,alpha,1,1,5.648E-006,0.0021425295021058055,1.731E-002,,0.0016899737031609297,5.016E-003,,false
A20-A,A,table_vii_20,A+,0.0001,0.01,8,3.2600000000000002,164,-1.4114271001332619,0.99973820985176942,-1.4113208026974993,0.99977013375566071,,,alpha,1,1,5.648E-006,0.00010629743576262562,1.731E-002,true,3.1923903891284411E-05,5.016E-003,true,true
A20-A,A,table_vii_20,A+,0.001,0.01,8,3.2600000000000002,164,-1.4114271001332619,0.99973820985176942,-1.4114124024831136,1.0000627755361622,,,alpha,1,1,5.648E-006,1.4697650148276509E-05,1.731E-002,,0.00032456568439276356,5.016E-003,,false
A20-B,A,table_vii_20,B+,1E-06,0.05,400,363.70000000000005,3638,-0.00599292861807665,0.11459443162221541,-0.006405692168350261,0.112987353554923,-0.00638002227723576,0.11304302175957263,V,13,14,7.796E-007,0.00041276355027361055,1.150E-003,,0.0016070780672924195,5.753E-004,,false
A20-B,A,table_vii_20,B+,1E-05,0.05,400,400,4001,-0.00599292861807665,0.11459443162221541,-0.0059913522138923215,0.11456984672661329,-0.0059970662785489683,0.11457470018326463,V,15,14,7.796E-007,1.5764041843288959E-06,1.150E-003,,2.4584895602128287E-05,5.753E-004,,false
A20-B,A,table_vii_20,B+,0.0001,0.05,400,400,4001,-0.00599292861807665,0.11459443162221541,-0.0059926172961977369,0.11459416761524484,-0.0059926400296905396,0.11459481412030188,V,15,14,7.796E-007,3.113218789135147E-07,1.150E-003,true,2.6400697057671341E-07,5.753E-004,true,true
A20-B,A,table_vii_20,B+,0.001,0.05,400,400,4001,-0.00599292861807665,0.11459443162221541,-0.0059930635450552838,0.11459423952440054,-0.0059930522851620585,0.11459425426142889,V,15,14,7.796E-007,1.3492697863333458E-07,1.150E-003,,1.9209781487727895E-07,5.753E-004,,false
A20-C,A,table_vii_20,C+,1E-06,0.01,12,12,601,-0.13070963574053832,3.650412083874409,-0.13070929364982936,3.6503931846546691,-0.13070894877725855,3.6503965817346238,p,14,13,6.703E-007,3.4209070895463434E-07,3.653E-002,,1.889921973985409E-05,1.825E-002,,false
A20-C,A,table_vii_20,C+,1E-05,0.01,12,12,601,-0.13070963574053832,3.650412083874409,-0.13070941779275821,3.6504001653171834,-0.13070930287774576,3.6504036964356184,p,14,13,6.703E-007,2.1794778010120197E-07,3.653E-002,,1.1918557225598647E-05,1.825E-002,,false
A20-C,A,table_vii_20,C+,0.0001,0.01,12,12,601,-0.13070963574053832,3.650412083874409,-0.13071064890310835,3.6504699336638611,-0.13071283192575536,3.6504748053999236,p,14,13,6.703E-007,1.01316257003492E-06,3.653E-002,true,5.78497894521135E-05,1.825E-002,true,true
A20-C,A,table_vii_20,C+,0.001,0.01,12,12,601,-0.13070963574053832,3.650412083874409,-0.13072296826093471,3.6511639806765177,-0.13074807069567337,3.651182074006551,p,14,13,6.703E-007,1.3332520396397429E-05,3.653E-002,,0.00075189680210874243,1.825E-002,,false
A20-D,A,table_vii_20,D,1E-06,0.01,15,6.0200000000000005,302,-0.38161975887056093,0,-0.38162012485170865,0,-0.38161932528009429,0,phi,0,0,7.415E-007,3.6598114772079526E-07,3.819E-003,,,,,false
A20-D,A,table_vii_20,D,1E-05,0.01,15,12.06,604,-0.38161975887056093,0,-0.381620117529164,0,-0.38161819915789835,0,phi,0,0,7.415E-007,3.5865860309458597E-07,3.819E-003,,,,,false
A20-D,A,table_vii_20,D,0.0001,0.01,15,12.06,604,-0.38161975887056093,0,-0.38162011303352722,0,-0.38161825449941228,0,phi,0,0,7.415E-007,3.5416296628731914E-07,3.819E-003,true,,,,true
A20-D,A,table_vii_20,D,0.001,0.01,15,12.06,604,-0.38161975887056093,0,-0.3816200705803095,0,-0.38161879764587286,0,phi,0,0,7.415E-007,3.117097485683118E-07,3.819E-003,,,,,false
A20-E,A,table_vii_20,E,1E-06,0.01,40,16.35,328,-0.14069243176467947,0,-0.14069142513713545,0,-0.14069163032831805,0,phi,0,0,2.032E-006,1.0066275440145933E-06,1.413E-003,,,,,false
A20-E,A,table_vii_20,E,1E-05,0.01,40,32.7,655,-0.14069243176467947,0,-0.14069143080106347,0,-0.14069150554695459,0,phi,0,0,2.032E-006,1.0009636159935553E-06,1.413E-003,,,,,false
A20-E,A,table_vii_20,E,0.0001,0.01,40,32.7,655,-0.14069243176467947,0,-0.14069146758737483,0,-0.1406915550774476,0,phi,0,0,2.032E-006,9.64177304635383E-07,1.413E-003,true,,,,true
A20-E,A,table_vii_20,E,0.001,0.01,40,32.7,655,-0.14069243176467947,0,-0.14069181507583087,0,-0.14069202865745903,0,phi,0,0,2.032E-006,6.1668884859811257E-07,1.413E-003,,,,,false
B47-A,B,table_vii_47,A+,1E-06,0.01,20,9.84,493,0.81389939269760159,0.86792659682376949,0.813709638713285,0.86828998025175064,0.81393243173780783,0.86795647809983023,theta,3,3,5.476E-006,0.0001897539843165319,1.191E-002,,0.00036338342798114542,4.356E-003,,false
B47-A,B,table_vii_47,A+,1E-05,0.01,20,7,351,0.81389939269760159,0.86792659682376949,0.81376066229909227,0.86881018807944188,0.813905235922232,0.86793227771779358,theta,2,2,5.476E-006,0.00013873039850931246,1.191E-002,,0.000883591255672389,4.356E-003,,false
B47-A,B,table_vii_47,A+,0.0001,0.01,20,4.16,209,0.81389939269760159,0.86792659682376949,0.81391039513549779,0.8689762722095804,0.81388507931469534,,theta,1,2,5.476E-006,1.1002437896201478E-05,1.191E-002,true,0.0010496753858109109,4.356E-003,true,true
B47-A,B,table_vii_47,A+,0.001,0.01,20,1.34,68,0.81389939269760159,0.86792659682376949,0.81335287728006178,0.86802588417074289,,,theta,1,1,5.476E-006,0.0005465154175398057,1.191E-002,,9.9287346973397916E-05,4.356E-003,,false
B5-A,B,table_vii_5,A+,1E-06,0.01,25,17.34,868,0.461085426036408,1.1868683426447979,0.46109104761297021,1.1867129367962272,0.46115427163209582,1.1866906415904435,q,6,7,2.483E-006,5.6215765621980829E-06,1.274E-002,,0.00015540584857065554,5.942E-003,,false
B5-A,B,table_vii_5,A+,1E-05,0.01,25,12.36,619,0.461085426036408,1.1868683426447979,0.46113880486162734,1.1864523890966627,0.461264097989753,1.1864744152744915,q,4,5,2.483E-006,5.3378825219330128E-05,1.274E-002,,0.00041595354813517282,5.942E-003,,false
B5-A,B,table_vii_5,A+,0.0001,0.01,25,7.38,370,0.461085426036408,1.1868683426447979,0.46108767808889889,1.185457527799779,0.46136318208478633,1.1861538737623953,q,2,3,2.483E-006,2.2520524908808959E-06,1.274E-002,true,0.0014108148450189262,5.942E-003,true,true
B5-A,B,table_vii_5,A+,0.001,0.01,25,2.4,121,0.461085426036408,1.1868683426447979,0.45784120888472185,1.1687738353589339,,,q,1,1,2.483E-006,0.0032442171516861573,1.274E-002,,0.018094507285864037,5.942E-003,,false
B8-A,B,table_vii_8,A+,1E-06,0.01,60,60,3001,0.11540565619461118,1.3566137066171975,0.11540044674212303,1.3565983176589038,0.11540526331273261,1.3565785634404641,q,26,26,2.754E-006,5.20945248815019E-06,1.362E-002,,1.5388958293671706E-05,6.791E-003,,false
B8-A,B,table_vii_8,A+,1E-05,0.01,60,49.42,2472,0.11540565619461118,1.3566137066171975,0.11541213871302536,1.3564404370123495,0.11546904927153069,1.356285323634651,q,21,22,2.754E-006,6.4825184141747982E-06,1.362E-002,,0.00017326960484798093,6.791E-003,,false
B8-A,B,table_vii_8,A+,0.0001,0.01,60,29.5,1476,0.11540565619461118,1.3566137066171975,0.11541235871410456,1.3562036744349952,0.11553061727288018,1.3558420721683007,q,13,13,2.754E-006,6.7025194933761911E-06,1.362E-002,true,0.0004100321822022579,6.791E-003,true,true
B8-A,B,table_vii_8,A+,0.001,0.01,60,9.48,475,0.11540565619461118,1.3566137066171975,0.11547054377668851,1.3550032199007038,0.11639222439197561,1.3557597489998692,q,4,4,2.754E-006,6.4887582077330364E-05,1.362E-002,,0.0016104867164936643,6.791E-003,,false
B9-A,B,table_vii_9,A+,1E-06,0.01,60,60,3001,-0.031235863737071885,1.3994086723769914,-0.030928997850778097,1.3990340369712075,-0.030987035551189614,1.398901130112459,q,27,27,4.108E-006,0.00030686588629378828,1.401E-002,,0.000374635405783863,7.009E-003,,false
B9-A,B,table_vii_9,A+,1E-05,0.01,60,60,3001,-0.031235863737071885,1.3994086723769914,-0.031232708169826852,1.3994100998279189,-0.031232500907882932,1.3994136467275742,q,27,27,4.108E-006,3.1555672450334082E-06,1.401E-002,,1.4274509274603275E-06,7.009E-003,,false
B9-A,B,table_vii_9,A+,0.0001,0.01,60,60,3001,-0.031235863737071885,1.3994086723769914,-0.031233109532987018,1.3994123812766486,-0.031233183555974375,1.3994126289910314,q,27,27,4.108E-006,2.7542040848677063E-06,1.401E-002,true,3.708899657173248E-06,7.009E-003,true,true
B9-A,B,table_vii_9,A+,0.001,0.01,60,60,3001,-0.031235863737071885,1.3994086723769914,-0.031253814656054951,1.3993585950339715,-0.031263978147488526,1.3993984770754861,q,27,27,4.108E-006,1.7950918983065944E-05,1.401E-002,,5.0077343019871989E-05,7.009E-003,,false
C150-A,C,table_vii_150,A+,1E-06,0.01,12,9.92,497,-0.23304976709451292,1.3565984769197534,-0.23274938584917124,1.3546412768131115,-0.23201498485478755,1.354094190986624,q,4,4,6.140E-006,0.00030038124534167987,1.378E-002,,0.00195720010664191,6.801E-003,,false
C150-A,C,table_vii_150,A+,1E-05,0.01,12,12,601,-0.23304976709451292,1.3565984769197534,-0.2330388149585032,1.3566057839873586,-0.23298870659082793,1.3565866057259242,q,5,5,6.140E-006,1.095213600971201E-05,1.378E-002,,7.3070676052111594E-06,6.801E-003,,false
C150-A,C,table_vii_150,A+,0.0001,0.01,12,12,601,-0.23304976709451292,1.3565984769197534,-0.23305306541164514,1.3565899390987666,-0.23305723678736182,1.356592317802253,q,5,5,6.140E-006,3.2983171322220617E-06,1.378E-002,true,8.53782098686473E-06,6.801E-003,true,true
C150-A,C,table_vii_150,A+,0.001,0.01,12,12,601,-0.23304976709451292,1.3565984769197534,-0.2330361799952326,1.356591327872823,-0.23303928460593562,1.3566189241107411,q,5,5,6.140E-006,1.358709928031554E-05,1.378E-002,,7.1490469304436033E-06,6.801E-003,,false
C150-B,C,table_vii_150,B+,1E-06,0.05,400,283,2831,-0.0083333362552611666,0.11552491507065854,-0.00813282456398655,0.11536456698788243,-0.0081424227343548112,0.11538842317434289,V,10,10,1.026E-007,0.00020051169127461611,1.159E-003,,0.00016034808277611,5.779E-004,,false
C150-B,C,table_vii_150,B+,1E-05,0.05,400,400,4001,-0.0083333362552611666,0.11552491507065854,-0.0083061926250948964,0.1155187063359976,-0.00830485707687649,0.11552150200969376,V,15,14,1.026E-007,2.7143630166270166E-05,1.159E-003,,6.2087346609368543E-06,5.779E-004,,false
C150-B,C,table_vii_150,B+,0.0001,0.05,400,400,4001,-0.0083333362552611666,0.11552491507065854,-0.00834974675213132,0.11551747014306331,-0.008348888419044442,0.11550659891245008,V,15,14,1.026E-007,1.6410496870154084E-05,1.159E-003,true,7.4449275952320759E-06,5.779E-004,true,true
C150-B,C,table_vii_150,B+,0.001,0.05,400,400,4001,-0.0083333362552611666,0.11552491507065854,-0.0083332905962273159,0.1155249612965186,-0.00833332832480834,0.11552498316410961,V,15,14,1.026E-007,4.5659033850661834E-08,1.159E-003,,4.6225860056425816E-08,5.779E-004,,false
C150-C,C,table_vii_150,C+,1E-06,0.01,12,7.72,387,-0.29782967199246657,4.7396037289906907,-0.297822080192034,4.7394405041268861,-0.2978441233513992,4.7394548219308037,p,12,11,5.185E-007,7.5918004325825628E-06,4.749E-002,,0.00016322486380460077,2.370E-002,,false
C150-C,C,table_vii_150,C+,1E-05,0.01,12,12,601,-0.29782967199246657,4.7396037289906907,-0.29787352813415729,4.7394794670742231,-0.29787026309327708,4.739488528227545,p,18,18,5.185E-007,4.3856141690723494E-05,4.749E-002,,0.0001242619164676384,2.370E-002,,false
C150-C,C,table_vii_150,C+,0.0001,0.01,12,12,601,-0.29782967199246657,4.7396037289906907,-0.29786057718098963,4.7395861956922927,-0.29785782652439391,4.73958872228887,p,18,18,5.185E-007,3.0905188523056015E-05,4.749E-002,true,1.7533298398042518E-05,2.370E-002,true,true
C150-C,C,table_vii_150,C+,0.001,0.01,12,12,601,-0.29782967199246657,4.7396037289906907,-0.2978301279956807,4.7396024372525263,-0.29783014792859053,4.7396127256664311,p,18,18,5.185E-007,4.5600321413319378E-07,4.749E-002,,1.291738164432843E-06,2.370E-002,,false
C150-D,C,table_vii_150,D,1E-06,0.01,15,3.02,152,-0.7594670635474341,0,-0.75951764453324466,0,-0.75964615540846414,0,phi,0,0,2.164E-008,5.0580985810566581E-05,7.595E-003,,,,,false
C150-D,C,table_vii_150,D,1E-05,0.01,15,6.0600000000000005,304,-0.7594670635474341,0,-0.7596197244146069,0,-0.75938908394506111,0,phi,0,0,2.164E-008,0.00015266086717280469,7.595E-003,,,,,false
C150-D,C,table_vii_150,D,0.0001,0.01,15,6.0600000000000005,304,-0.7594670635474341,0,-0.75947886452078872,0,-0.75946995908931381,0,phi,0,0,2.164E-008,1.1800973354625377E-05,7.595E-003,true,,,,true
C150-D,C,table_vii_150,D,0.001,0.01,15,6.0600000000000005,304,-0.7594670635474341,0,-0.75946993419099063,0,-0.75946778988533337,0,phi,0,0,2.164E-008,2.8706435565295507E-06,7.595E-003,,,,,false
C150-E,C,table_vii_150,E,1E-06,0.1,2000,2000,2001,-0.00060198662303175509,0,-0.00041740133254299176,0,-0.0004176194960193199,0,phi,0,0,3.265E-008,0.00018458529048876333,6.218E-006,,,,,false
C150-E,C,table_vii_150,E,1E-05,0.1,2000,2000,2001,-0.00060198662303175509,0,-0.000601882438420387,0,-0.0006018859797378576,0,phi,0,0,3.265E-008,1.0418461136808745E-07,6.218E-006,,,,,false
C150-E,C,table_vii_150,E,0.0001,0.1,2000,2000,2001,-0.00060198662303175509,0,-0.0006019207228128889,0,-0.00060192053576602381,0,phi,0,0,3.265E-008,6.5900218866187139E-08,6.218E-006,true,,,,true
C150-E,C,table_vii_150,E,0.001,0.1,2000,2000,2001,-0.00060198662303175509,0,-0.00060201446835018806,0,-0.00060201294023153626,0,phi,0,0,3.265E-008,2.7845318432973E-08,6.218E-006,,,,,false
C117-C,C,table_vii_117,C+,1E-06,0.01,10,4.7,236,-0.48874079137051452,7.9629947767882,-0.48877826848348327,7.9630750955829033,-0.48884815890089411,7.9629991686563262,p,12,11,1.826E-007,3.7477112968753445E-05,7.978E-002,,8.0318794703160279E-05,3.982E-002,,false
C117-C,C,table_vii_117,C+,1E-05,0.01,10,9.42,472,-0.48874079137051452,7.9629947767882,-0.48869574508512137,7.9629364688300628,-0.48869113440757717,7.9629267433581115,p,24,23,1.826E-007,4.504628539314659E-05,7.978E-002,,5.8307958137326921E-05,3.982E-002,,false
C117-C,C,table_vii_117,C+,0.0001,0.01,10,9.42,472,-0.48874079137051452,7.9629947767882,-0.48872361061925923,7.9630112540106852,-0.48872630326185584,7.9629934259774782,p,24,23,1.826E-007,1.7180751255285731E-05,7.978E-002,true,1.647722248510064E-05,3.982E-002,true,true
C117-C,C,table_vii_117,C+,0.001,0.01,10,9.42,472,-0.48874079137051452,7.9629947767882,-0.48873068039689327,7.9629880034002394,-0.48873209108865839,7.9629622295996532,p,24,23,1.826E-007,1.01109736212468E-05,7.978E-002,,6.7733879607345671E-06,3.982E-002,,false
D123-E,D,table_vii_123,E,1E-06,0.1,2000,1953,1954,-0.0011118672698481648,0,-0.00090728824960998114,0,-0.00090745182154920224,0,V,0,0,8.114E-007,0.00020457902023818361,1.365E-005,,,,,false
D123-E,D,table_vii_123,E,1E-05,0.1,2000,2000,2001,-0.0011118672698481648,0,-0.0010542490789753043,0,-0.0010546761116438262,0,V,0,0,8.114E-007,5.7618190872860435E-05,1.365E-005,,,,,false
D123-E,D,table_vii_123,E,0.0001,0.1,2000,2000,2001,-0.0011118672698481648,0,-0.0011097124569554447,0,-0.0011097375258878981,0,V,0,0,8.114E-007,2.1548128927200219E-06,1.365E-005,true,,,,true
D123-E,D,table_vii_123,E,0.001,0.1,2000,2000,2001,-0.0011118672698481648,0,-0.0011082475204541185,0,-0.0011082505191579047,0,V,0,0,8.114E-007,3.6197493940462282E-06,1.365E-005,,,,,false
D125-E,D,table_vii_125,E,1E-06,0.1,2000,1563,1564,0.0051467947719835826,0,0.0051346539586577889,0,0.0051341135109543743,0,V,0,0,5.266E-006,1.214081332579376E-05,6.737E-005,,,,,false
D125-E,D,table_vii_125,E,1E-05,0.1,2000,1106,1107,0.0051467947719835826,0,0.0051488811483565789,0,0.0051487832283019438,0,V,0,0,5.266E-006,2.086376372996239E-06,6.737E-005,,,,,false
D125-E,D,table_vii_125,E,0.0001,0.1,2000,659,660,0.0051467947719835826,0,0.005154789833224171,0,0.0051546651455125787,0,V,0,0,5.266E-006,7.9950612405883456E-06,6.737E-005,true,,,,true
D125-E,D,table_vii_125,E,0.001,0.1,2000,212,213,0.0051467947719835826,0,0.0051660121559282731,0,0.0051656458146483036,0,V,0,0,5.266E-006,1.9217383944690469E-05,6.737E-005,,,,,false
D130-E,D,table_vii_130,E,1E-06,0.1,2000,687,688,0.011650607804707237,0,0.011647483592861368,0,0.011646286310698042,0,phi,0,0,2.278E-005,3.1242118458691542E-06,1.849E-004,,,,,false
D130-E,D,table_vii_130,E,1E-05,0.1,2000,489,490,0.011650607804707237,0,0.011652845008987438,0,0.011652674679905904,0,phi,0,0,2.278E-005,2.2372042802008135E-06,1.849E-004,,,,,false
D130-E,D,table_vii_130,E,0.0001,0.1,2000,291,292,0.011650607804707237,0,0.011652530062455847,0,0.011652614283905117,0,phi,0,0,2.278E-005,1.922257748610337E-06,1.849E-004,true,,,,true
D130-E,D,table_vii_130,E,0.001,0.1,2000,94,95,0.011650607804707237,0,0.011649814999247462,0,0.011650299255239319,0,phi,0,0,2.278E-005,7.9280545977472583E-07,1.849E-004,,,,,false
D135-E,D,table_vii_135,E,1E-06,0.1,2000,2000,2001,0.00029837904248211541,0,0.00029896921514448096,0,0.00029954124113746851,0,phi,0,0,3.522E-006,5.9017266236554471E-07,1.365E-005,,,,,false
D135-E,D,table_vii_135,E,1E-05,0.1,2000,2000,2001,0.00029837904248211541,0,0.00029708744608492716,0,0.00029705345100483507,0,phi,0,0,3.522E-006,1.2915963971882522E-06,1.365E-005,,,,,false
D135-E,D,table_vii_135,E,0.0001,0.1,2000,2000,2001,0.00029837904248211541,0,0.00029856265589818629,0,0.00029854851720043167,0,phi,0,0,3.522E-006,1.8361341607087611E-07,1.365E-005,true,,,,true
D135-E,D,table_vii_135,E,0.001,0.1,2000,2000,2001,0.00029837904248211541,0,0.0003009702803229573,0,0.00030092150956000568,0,phi,0,0,3.522E-006,2.5912378408418863E-06,1.365E-005,,,,,false
D137-E,D,table_vii_137,E,1E-06,0.1,2000,2000,2001,-0.00069449469246671747,0,-0.00065568158414028917,0,-0.000655399853365136,0,phi,0,0,1.835E-006,3.8813108326428295E-05,1.255E-005,,,,,false
D137-E,D,table_vii_137,E,1E-05,0.1,2000,2000,2001,-0.00069449469246671747,0,-0.00067668217851616893,0,-0.0006774195494191243,0,phi,0,0,1.835E-006,1.781251395054854E-05,1.255E-005,,,,,false
D137-E,D,table_vii_137,E,0.0001,0.1,2000,2000,2001,-0.00069449469246671747,0,-0.00069305905523863343,0,-0.00069301676650684147,0,phi,0,0,1.835E-006,1.4356372280840361E-06,1.255E-005,true,,,,true
D137-E,D,table_vii_137,E,0.001,0.1,2000,2000,2001,-0.00069449469246671747,0,-0.00069394605824030372,0,-0.00069394834247026016,0,phi,0,0,1.835E-006,5.4863422641374636E-07,1.255E-005,,,,,false
D181-E,D,table_vii_181,E,1E-06,0.1,2000,2000,2001,-0.0003655884267793519,0,-0.00034047841189163984,0,-0.000340332849829729,0,phi,0,0,2.452E-006,2.5110014887712057E-05,1.111E-005,,,,,false
D181-E,D,table_vii_181,E,1E-05,0.1,2000,2000,2001,-0.0003655884267793519,0,-0.00034954945814683075,0,-0.00035050130512857846,0,phi,0,0,2.452E-006,1.6038968632521155E-05,1.111E-005,,,,,false
D181-E,D,table_vii_181,E,0.0001,0.1,2000,2000,2001,-0.0003655884267793519,0,-0.00036415103194632086,0,-0.00036416892011979416,0,phi,0,0,2.452E-006,1.4373948330310363E-06,1.111E-005,true,,,,true
D181-E,D,table_vii_181,E,0.001,0.1,2000,2000,2001,-0.0003655884267793519,0,-0.00036488511561614146,0,-0.00036488797964815409,0,phi,0,0,2.452E-006,7.0331116321044242E-07,1.111E-005,,,,,false
D183-E,D,table_vii_183,E,1E-06,0.1,2000,2000,2001,0.0010741945348323643,0,0.0010704218482163041,0,0.0010721280999555953,0,phi,0,0,4.787E-006,3.7726866160602088E-06,2.520E-005,,,,,false
D183-E,D,table_vii_183,E,1E-05,0.1,2000,2000,2001,0.0010741945348323643,0,0.0010717325417180783,0,0.0010717279347912847,0,phi,0,0,4.787E-006,2.4619931142859462E-06,2.520E-005,,,,,false
D183-E,D,table_vii_183,E,0.0001,0.1,2000,2000,2001,0.0010741945348323643,0,0.0010752410660359645,0,0.0010752196219026913,0,phi,0,0,4.787E-006,1.0465312036001938E-06,2.520E-005,true,,,,true
D183-E,D,table_vii_183,E,0.001,0.1,2000,1018,1019,0.0010741945348323643,0,0.0010781710201852163,0,0.0010780059048931016,0,phi,0,0,4.787E-006,3.9764853528520289E-06,2.520E-005,,,,,false
D193-E,D,table_vii_193,E,1E-06,0.1,2000,2000,2001,0.00165474817843366,0,0.0016805524381575344,0,0.0016806691150302732,0,V,0,0,2.308E-006,2.58042597238745E-05,2.357E-005,,,,,false
D193-E,D,table_vii_193,E,1E-05,0.1,2000,2000,2001,0.00165474817843366,0,0.0016569124662944622,0,0.0016568199049230997,0,V,0,0,2.308E-006,2.164287860802281E-06,2.357E-005,,,,,false
D193-E,D,table_vii_193,E,0.0001,0.1,2000,2000,2001,0.00165474817843366,0,0.0016683398748276576,0,0.0016682143447303106,0,V,0,0,2.308E-006,1.359169639399767E-05,2.357E-005,true,,,,true
D193-E,D,table_vii_193,E,0.001,0.1,2000,651,652,0.00165474817843366,0,0.001682875879969555,0,0.0016824918609712465,0,V,0,0,2.308E-006,2.81277015358951E-05,2.357E-005,,,,,false
D195-E,D,table_vii_195,E,1E-06,0.1,2000,2000,2001,-0.0048720224570447781,0,-0.0006221055126036303,0,-0.00061953366834998518,0,V,0,0,6.746E-007,0.004249916944441148,5.084E-005,,,,,false
D195-E,D,table_vii_195,E,1E-05,0.1,2000,2000,2001,-0.0048720224570447781,0,-0.0021201533355148863,0,-0.0021152376330821651,0,V,0,0,6.746E-007,0.0027518691215298917,5.084E-005,,,,,false
D195-E,D,table_vii_195,E,0.0001,0.1,2000,949,950,-0.0048720224570447781,0,-0.0048541934100170088,0,-0.0048540189406014447,0,V,0,0,6.746E-007,1.7829047027769288E-05,5.084E-005,true,,,,true
D195-E,D,table_vii_195,E,0.001,0.1,2000,945,946,-0.0048720224570447781,0,-0.0048716343886316942,0,-0.0048718526677726413,0,V,0,0,6.746E-007,3.8806841308382939E-07,5.084E-005,,,,,false
E124-E,E,table_vii_124,E,1E-06,0.1,2000,2000,2001,-6.7850521865934614E-06,0,-0.0001399933470364517,0,-0.00014384548894997819,0,V,0,0,1.355E-006,0.00013320829484985824,4.232E-006,,,,,false
E124-E,E,table_vii_124,E,1E-05,0.1,2000,2000,2001,-6.7850521865934614E-06,0,-1.5277521642792814E-05,0,-1.535667479794729E-05,0,V,0,0,1.355E-006,8.4924694561993523E-06,4.232E-006,,,,,false
E124-E,E,table_vii_124,E,0.0001,0.1,2000,2000,2001,-6.7850521865934614E-06,0,-2.2962609320566554E-07,0,-2.2669922701356601E-07,0,V,0,0,1.355E-006,6.5554260933877959E-06,4.232E-006,false,,,,true
E124-E,E,table_vii_124,E,0.001,0.1,2000,2000,2001,-6.7850521865934614E-06,0,1.4445563333181031E-05,0,1.4368895045171192E-05,0,V,0,0,1.355E-006,2.1230615519774491E-05,4.232E-006,,,,,false
E136-E,E,table_vii_136,E,1E-06,0.1,2000,2000,2001,7.7667467586327E-07,0,-4.0374936215547988E-05,0,-4.048910838591183E-05,0,phi,0,0,3.036E-006,4.1151610891411255E-05,9.214E-006,,,,,false
E136-E,E,table_vii_136,E,1E-05,0.1,2000,2000,2001,7.7667467586327E-07,0,-3.2406020989244015E-06,0,-3.2493982371348235E-06,0,phi,0,0,3.036E-006,4.0172767747876715E-06,9.214E-006,,,,,false
E136-E,E,table_vii_136,E,0.0001,0.1,2000,2000,2001,7.7667467586327E-07,0,-8.5669386374756713E-08,0,-8.5853509460573836E-08,0,phi,0,0,3.036E-006,8.6234406223802668E-07,9.214E-006,true,,,,true
E136-E,E,table_vii_136,E,0.001,0.1,2000,2000,2001,7.7667467586327E-07,0,1.9699664669643528E-06,0,1.9562000793113303E-06,0,phi,0,0,3.036E-006,1.1932917911010828E-06,9.214E-006,,,,,false
E182-E,E,table_vii_182,E,1E-06,0.1,2000,2000,2001,7.7667467586327E-07,0,-4.0374936215547988E-05,0,-4.048910838591183E-05,0,phi,0,0,3.036E-006,4.1151610891411255E-05,9.214E-006,,,,,false
E182-E,E,table_vii_182,E,1E-05,0.1,2000,2000,2001,7.7667467586327E-07,0,-3.2406020989244015E-06,0,-3.2493982371348235E-06,0,phi,0,0,3.036E-006,4.0172767747876715E-06,9.214E-006,,,,,false
E182-E,E,table_vii_182,E,0.0001,0.1,2000,2000,2001,7.7667467586327E-07,0,-8.5669386374756713E-08,0,-8.5853509460573836E-08,0,phi,0,0,3.036E-006,8.6234406223802668E-07,9.214E-006,true,,,,true
E182-E,E,table_vii_182,E,0.001,0.1,2000,2000,2001,7.7667467586327E-07,0,1.9699664669643528E-06,0,1.9562000793113303E-06,0,phi,0,0,3.036E-006,1.1932917911010828E-06,9.214E-006,,,,,false
F372.4,F,symmetric_V372.4,critical,1E-06,0.1,1500,510,511,-0.0045131755619470535,0,-0.0045125998643040441,0,-0.004512599908207706,0,phi,0,0,1.169E-006,5.756976430093888E-07,4.874E-005,,,,,false
F372.4,F,symmetric_V372.4,critical,1E-05,0.1,1500,1020,1021,-0.0045131755619470535,0,-0.0045126011260911971,0,-0.004512601147021858,0,phi,0,0,1.169E-006,5.7443585585632839E-07,4.874E-005,,,,,false
F372.4,F,symmetric_V372.4,critical,0.0001,0.1,1500,1020,1021,-0.0045131755619470535,0,-0.0045126156632914584,0,-0.0045126157796616852,0,phi,0,0,1.169E-006,5.5989865559505358E-07,4.874E-005,true,,,,true
F372.4,F,symmetric_V372.4,critical,0.001,0.1,1500,1020,1021,-0.0045131755619470535,0,-0.004512761385259992,0,-0.004512762504643145,0,phi,0,0,1.169E-006,4.1417668706147936E-07,4.874E-005,,,,,false
F377.3,F,symmetric_V377.3,critical,1E-06,0.1,3000,3000,3001,-0.00011151000555694583,0,-0.00011094709603528023,0,-0.00011094709699702866,0,phi,0,0,1.083E-006,5.6290952166560893E-07,4.464E-006,,,,,false
F377.3,F,symmetric_V377.3,critical,1E-05,0.1,3000,3000,3001,-0.00011151000555694583,0,-0.00011095369942851744,0,-0.00011095370138017743,0,phi,0,0,1.083E-006,5.5630612842839228E-07,4.464E-006,,,,,false
F377.3,F,symmetric_V377.3,critical,0.0001,0.1,3000,3000,3001,-0.00011151000555694583,0,-0.00011101971386159886,0,-0.00011101972590286634,0,phi,0,0,1.083E-006,4.902916953469712E-07,4.464E-006,true,,,,true
F377.3,F,symmetric_V377.3,critical,0.001,0.1,3000,3000,3001,-0.00011151000555694583,0,-0.00011167987457077841,0,-0.0001116800024278254,0,phi,0,0,1.083E-006,1.6986901383257832E-07,4.464E-006,,,,,false
F377.6,F,symmetric_V377.6,critical,1E-06,0.1,3000,3000,3001,0.00013053764046712323,0,0.00013110815912171589,0,0.000131108158535692,0,phi,0,0,1.083E-006,5.7051865459266556E-07,4.654E-006,,,,,false
F377.6,F,symmetric_V377.6,critical,1E-05,0.1,3000,3000,3001,0.00013053764046712323,0,0.00013109872625684732,0,0.00013109872737781205,0,phi,0,0,1.083E-006,5.6108578972409E-07,4.654E-006,,,,,false
F377.6,F,symmetric_V377.6,critical,0.0001,0.1,3000,3000,3001,0.00013053764046712323,0,0.00013100444481693998,0,0.00013100446336669462,0,phi,0,0,1.083E-006,4.6680434981675144E-07,4.654E-006,true,,,,true
F377.6,F,symmetric_V377.6,critical,0.001,0.1,3000,3000,3001,0.00013053764046712323,0,0.00013006185911042931,0,0.00013006208649715554,0,phi,0,0,1.083E-006,4.757813566939168E-07,4.654E-006,,,,,false
F382.4,F,symmetric_V382.4,critical,1E-06,0.1,1500,1500,1501,0.0036229889530257279,0,0.0036234718090232122,0,0.0036234719124334474,0,phi,0,0,1.013E-006,4.8285599748426611E-07,3.937E-005,,,,,false
F382.4,F,symmetric_V382.4,critical,1E-05,0.1,1500,1500,1501,0.0036229889530257279,0,0.0036232691721787527,0,0.0036232703694364381,0,phi,0,0,1.013E-006,2.8021915302479244E-07,3.937E-005,,,,,false
F382.4,F,symmetric_V382.4,critical,0.0001,0.1,1500,938,939,0.0036229889530257279,0,0.0036229477399274427,0,0.0036229508451792389,0,phi,0,0,1.013E-006,4.121309828521505E-08,3.937E-005,true,,,,true
F382.4,F,symmetric_V382.4,critical,0.001,0.1,1500,303,304,0.0036229889530257279,0,0.0036221468633049567,0,0.0036221555188208051,0,phi,0,0,1.013E-006,8.4208972077120733E-07,3.937E-005,,,,,false
G+20,G,turning_phi+20,critical,1E-06,0.1,3000,3000,3001,-0.00054761986151965515,0,-0.00029927502084002203,0,-0.00029950824893785555,0,phi,0,0,5.007E-008,0.00024834484067963312,5.726E-006,,,,,false
G+20,G,turning_phi+20,critical,1E-05,0.1,3000,3000,3001,-0.00054761986151965515,0,-0.0005466330498901089,0,-0.00054663659533547393,0,phi,0,0,5.007E-008,9.8681162954625257E-07,5.726E-006,,,,,false
G+20,G,turning_phi+20,critical,0.0001,0.1,3000,3000,3001,-0.00054761986151965515,0,-0.00054757608206472473,0,-0.00054757757520348678,0,phi,0,0,5.007E-008,4.3779454930422193E-08,5.726E-006,true,,,,true
G+20,G,turning_phi+20,critical,0.001,0.1,3000,3000,3001,-0.00054761986151965515,0,-0.00054761393514087041,0,-0.00054761353443803621,0,phi,0,0,5.007E-008,5.9263787847421354E-09,5.726E-006,,,,,false
G-20,G,turning_phi-20,critical,1E-06,0.1,3000,3000,3001,-0.00054762090490069416,0,-0.00029595622000392729,0,-0.00029619077109757392,0,phi,0,0,5.007E-008,0.00025166468489676687,5.726E-006,,,,,false
G-20,G,turning_phi-20,critical,1E-05,0.1,3000,3000,3001,-0.00054762090490069416,0,-0.000546664566638759,0,-0.00054666764978999615,0,phi,0,0,5.007E-008,9.5633826193515428E-07,5.726E-006,,,,,false
G-20,G,turning_phi-20,critical,0.0001,0.1,3000,3000,3001,-0.00054762090490069416,0,-0.00054756201528340228,0,-0.00054756348950333082,0,phi,0,0,5.007E-008,5.8889617291879408E-08,5.726E-006,true,,,,true
G-20,G,turning_phi-20,critical,0.001,0.1,3000,3000,3001,-0.00054762090490069416,0,-0.00054761437442732777,0,-0.00054761397487735057,0,phi,0,0,5.007E-008,6.5304733663914746E-09,5.726E-006,,,,,false
G+2,G,turning_phi+2,critical,1E-06,0.1,3000,3000,3001,-3.2277401334866886E-05,0,-2.6888415787840133E-05,0,-2.6888533747093023E-05,0,phi,0,0,3.642E-009,5.3889855470267533E-06,4.337E-007,,,,,false
G+2,G,turning_phi+2,critical,1E-05,0.1,3000,3000,3001,-3.2277401334866886E-05,0,-3.236573511970522E-05,0,-3.2365650504078628E-05,0,phi,0,0,3.642E-009,8.8333784838334143E-08,4.337E-007,,,,,false
G+2,G,turning_phi+2,critical,0.0001,0.1,3000,3000,3001,-3.2277401334866886E-05,0,-3.2266352430932E-05,0,-3.2266346290112117E-05,0,phi,0,0,3.642E-009,1.1048903934887655E-08,4.337E-007,true,,,,true
G+2,G,turning_phi+2,critical,0.001,0.1,3000,3000,3001,-3.2277401334866886E-05,0,-3.2275354338677274E-05,0,-3.2275361573943514E-05,0,phi,0,0,3.642E-009,2.0469961896116642E-09,4.337E-007,,,,,false
G-2,G,turning_phi-2,critical,1E-06,0.1,3000,3000,3001,-3.2287420324685306E-05,0,-3.2460173511456712E-05,0,-3.2460204424168556E-05,0,phi,0,0,5.814E-009,1.7275318677140611E-07,4.403E-007,,,,,false
G-2,G,turning_phi-2,critical,1E-05,0.1,3000,3000,3001,-3.2287420324685306E-05,0,-3.2272840854869137E-05,0,-3.2272865046188549E-05,0,phi,0,0,5.814E-009,1.4579469816169391E-08,4.403E-007,,,,,false
G-2,G,turning_phi-2,critical,0.0001,0.1,3000,3000,3001,-3.2287420324685306E-05,0,-3.2285643452339466E-05,0,-3.2285645904218328E-05,0,phi,0,0,5.814E-009,1.7768723458406826E-09,4.403E-007,true,,,,true
G-2,G,turning_phi-2,critical,0.001,0.1,3000,3000,3001,-3.2287420324685306E-05,0,-3.2280822131081775E-05,0,-3.2280838473538318E-05,0,phi,0,0,5.814E-009,6.598193603531068E-09,4.403E-007,,,,,false
