point,factor,mode,real_per_s,imag_rad_s,abs_difference_to_chosen
47,100,A+,0.81613342250800991,0.86072740854133767,7.538E-003
47,100,A-,0.81613342250800991,-0.86072740854133767,7.538E-003
47,100,B+,-0.041321159820681123,0.158434105930722,3.791E-003
47,100,B-,-0.041321159820681123,-0.158434105930722,3.791E-003
47,100,E,-0.05875133098778404,0,9.088E-005
47,100,C+,-0.20622684997062274,4.0854395024386907,1.796E-003
47,100,C-,-0.20622684997062274,-4.0854395024386907,1.796E-003
47,100,D,-0.46607565445046611,0,5.600E-005
47,30,A+,0.81409056354232678,0.86727580263337534,6.783E-004
47,30,A-,0.81409056354232678,-0.86727580263337534,6.783E-004
47,30,B+,-0.039703446283031046,0.1553624167072741,3.191E-004
47,30,B-,-0.039703446283031046,-0.1553624167072741,3.191E-004
47,30,E,-0.058687072973749164,0,2.662E-005
47,30,C+,-0.20618940077728,4.0841751330131766,5.307E-004
47,30,C-,-0.20618940077728,-4.0841751330131766,5.307E-004
47,30,D,-0.4661152632933897,0,1.639E-005
47,10,A+,0.81392025038593419,0.86785482625002475,7.474E-005
47,10,A-,0.81392025038593419,-0.86785482625002475,7.474E-005
47,10,B+,-0.039570635114735464,0.15511124593625791,3.495E-005
47,10,B-,-0.039570635114735464,-0.15511124593625791,3.495E-005
47,10,E,-0.058668705405467418,0,8.254E-006
47,10,C+,-0.20617870736784605,4.0838096554337966,1.651E-004
47,10,C-,-0.20617870736784605,-4.0838096554337966,1.651E-004
47,10,D,-0.46612657238860911,0,5.077E-006
47,3,A+,0.813901508513744,0.86792143959049572,5.574E-006
47,3,A-,0.813901508513744,-0.86792143959049572,5.574E-006
47,3,B+,-0.0395555462330282,0.15508275000708749,2.710E-006
47,3,B-,-0.0395555462330282,-0.15508275000708749,2.710E-006
47,3,E,-0.0586622896409344,0,1.838E-006
47,3,C+,-0.20617495691044757,4.0836813546695669,3.673E-005
47,3,C-,-0.20617495691044757,-4.0836813546695669,3.673E-005
47,3,D,-0.46613052705481745,0,1.123E-006
47,1,A+,0.81389939269760159,0.86792659682376949,0.000E+000
47,1,A-,0.81389939269760159,-0.86792659682376949,0.000E+000
47,1,B+,-0.039554311350311643,0.15508033823544043,0.000E+000
47,1,B-,-0.039554311350311643,-0.15508033823544043,0.000E+000
47,1,E,-0.058660451313331925,0,0.000E+000
47,1,C+,-0.20617387658785702,4.0836446355674161,0.000E+000
47,1,C-,-0.20617387658785702,-4.0836446355674161,0.000E+000
47,1,D,-0.46613164987552125,0,0.000E+000
47,0.33333333333333331,A+,0.813893916302658,0.86791883300514394,9.501E-006
47,0.33333333333333331,A-,0.813893916302658,-0.86791883300514394,9.501E-006
47,0.33333333333333331,B+,-0.039554997984601846,0.15508119485003047,1.098E-006
47,0.33333333333333331,B-,-0.039554997984601846,-0.15508119485003047,1.098E-006
47,0.33333333333333331,E,-0.058659830526170062,0,6.208E-007
47,0.33333333333333331,C+,-0.20617353298190083,4.0836324346104895,1.221E-005
47,0.33333333333333331,C-,-0.20617353298190083,-4.0836324346104895,1.221E-005
47,0.33333333333333331,D,-0.46613204021311688,0,3.903E-007
47,0.1,A+,0.81390967403730274,0.86794468355149057,2.080E-005
47,0.1,A-,0.81390967403730274,-0.86794468355149057,2.080E-005
47,0.1,B+,-0.039552007069881406,0.15507785602043161,3.387E-006
47,0.1,B-,-0.039552007069881406,-0.15507785602043161,3.387E-006
47,0.1,E,-0.058659622470562556,0,8.288E-007
47,0.1,C+,-0.20617339743980936,4.0836280184914191,1.662E-005
47,0.1,C-,-0.20617339743980936,-4.0836280184914191,1.662E-005
47,0.1,D,-0.46613216065343371,0,5.108E-007
47,0.03,A+,0.81389119948585265,0.86791565155366146,1.367E-005
47,0.03,A-,0.81389119948585265,-0.86791565155366146,1.367E-005
47,0.03,B+,-0.039553810979001972,0.15508197136670021,1.708E-006
47,0.03,B-,-0.039553810979001972,-0.15508197136670021,1.708E-006
47,0.03,E,-0.058659544732003924,0,9.066E-007
47,0.03,C+,-0.20617338593922005,4.0836268086382344,1.783E-005
47,0.03,C-,-0.20617338593922005,-4.0836268086382344,1.783E-005
47,0.03,D,-0.4661322338143381,0,5.839E-007
47,0.01,A+,0.81408245962128323,0.86821879903094379,3.448E-004
47,0.01,A-,0.81408245962128323,-0.86821879903094379,3.448E-004
47,0.01,B+,-0.039522881988680175,0.15504136781035344,5.006E-005
47,0.01,B-,-0.039522881988680175,-0.15504136781035344,5.006E-005
47,0.01,E,-0.058659536078176783,0,9.152E-007
47,0.01,C+,-0.20617335593387154,4.0836264711785173,1.817E-005
47,0.01,C-,-0.20617335593387154,-4.0836264711785173,1.817E-005
47,0.01,D,-0.46613222197807386,0,5.721E-007
47,0.003,A+,0.81410747817768025,0.86825213224393893,3.864E-004
47,0.003,A-,0.81410747817768025,-0.86825213224393893,3.864E-004
47,0.003,B+,-0.03951877147029427,0.15503619634640631,5.667E-005
47,0.003,B-,-0.03951877147029427,-0.15503619634640631,5.667E-005
47,0.003,E,-0.058659522502027044,0,9.288E-007
47,0.003,C+,-0.20617334591561476,4.0836262638848151,1.838E-005
47,0.003,C-,-0.20617334591561476,-4.0836262638848151,1.838E-005
47,0.003,D,-0.46613221980882874,0,5.699E-007
20,100,B+,-0.0049402633673312039,0.1176166479675079,3.200E-003
20,100,B-,-0.0049402633673312039,-0.1176166479675079,3.200E-003
20,100,C+,-0.13074305328685909,3.6523392458630282,1.927E-003
20,100,C-,-0.13074305328685909,-3.6523392458630282,1.927E-003
20,100,E,-0.14079286380843675,0,1.004E-004
20,100,D,-0.38158311897266012,0,3.664E-005
20,100,A+,-1.41208752066224,0.99422222480478051,5.555E-003
20,100,A-,-1.41208752066224,-0.99422222480478051,5.555E-003
20,30,B+,-0.0059058536940022888,0.11484487856768641,2.652E-004
20,30,B-,-0.0059058536940022888,-0.11484487856768641,2.652E-004
20,30,C+,-0.13071941917215774,3.6509808535087127,5.689E-004
20,30,C-,-0.13071941917215774,-3.6509808535087127,5.689E-004
20,30,E,-0.14072187765102812,0,2.945E-005
20,30,D,-0.38160903004763563,0,1.073E-005
20,30,A+,-1.4114791068655115,0.99923977964568,5.011E-004
20,30,A-,-1.4114791068655115,-0.99923977964568,5.011E-004
20,10,B+,-0.0059833967055425239,0.1146217838285145,2.897E-005
20,10,B-,-0.0059833967055425239,-0.1146217838285145,2.897E-005
20,10,C+,-0.13071267216082441,3.6505890130780152,1.770E-004
20,10,C-,-0.13071267216082441,-3.6505890130780152,1.770E-004
20,10,E,-0.14070157902054486,0,9.147E-006
20,10,D,-0.38161642908813348,0,3.330E-006
20,10,A+,-1.4114332195388337,0.99968369964488835,5.485E-005
20,10,A-,-1.4114332195388337,-0.99968369964488835,5.485E-005
20,3,B+,-0.0059921490282484995,0.11459657570510534,2.281E-006
20,3,B-,-0.0059921490282484995,-0.11459657570510534,2.281E-006
20,3,C+,-0.13071030608837925,3.6504514562205461,3.938E-005
20,3,C-,-0.13071030608837925,-3.6504514562205461,3.938E-005
20,3,E,-0.14069446364972579,0,2.032E-006
20,3,D,-0.38161901734347486,0,7.415E-007
20,3,A+,-1.4114283107261274,0.99973455429103086,3.851E-006
20,3,A-,-1.4114283107261274,-0.99973455429103086,3.851E-006
20,1,B+,-0.00599292861807665,0.11459443162221541,0.000E+000
20,1,B-,-0.00599292861807665,-0.11459443162221541,0.000E+000
20,1,C+,-0.13070963574053832,3.650412083874409,0.000E+000
20,1,C-,-0.13070963574053832,-3.650412083874409,0.000E+000
20,1,E,-0.14069243176467947,0,0.000E+000
20,1,D,-0.38161975887056093,0,0.000E+000
20,1,A+,-1.4114271001332619,0.99973820985176942,0.000E+000
20,1,A-,-1.4114271001332619,-0.99973820985176942,0.000E+000
20,0.33333333333333331,B+,-0.005993124595949556,0.11459469707491068,3.300E-007
20,0.33333333333333331,B-,-0.005993124595949556,-0.11459469707491068,3.300E-007
20,0.33333333333333331,C+,-0.13070940603575973,3.6503989542471293,1.313E-005
20,0.33333333333333331,C-,-0.13070940603575973,-3.6503989542471293,1.313E-005
20,0.33333333333333331,E,-0.14069177172131039,0,6.600E-007
20,0.33333333333333331,D,-0.38162000024784415,0,2.414E-007
20,0.33333333333333331,A+,-1.4114214516880979,0.99973330899948976,7.478E-006
20,0.33333333333333331,A-,-1.4114214516880979,-0.99973330899948976,7.478E-006
20,0.1,B+,-0.0059928899873601445,0.11459410958268372,3.243E-007
20,0.1,B-,-0.0059928899873601445,-0.11459410958268372,3.243E-007
20,0.1,C+,-0.130709328183213,3.6503943730323591,1.771E-005
20,0.1,C-,-0.130709328183213,-3.6503943730323591,1.771E-005
20,0.1,E,-0.14069152573820631,0,9.060E-007
20,0.1,D,-0.38162008850282508,0,3.296E-007
20,0.1,A+,-1.4114277653908793,0.99973991975453869,1.835E-006
20,0.1,A-,-1.4114277653908793,-0.99973991975453869,1.835E-006
20,0.03,B+,-0.0059930909090997143,0.11459318425382164,1.258E-006
20,0.03,B-,-0.0059930909090997143,-0.11459318425382164,1.258E-006
20,0.03,C+,-0.13070931272589487,3.650393007189165,1.908E-005
20,0.03,C-,-0.13070931272589487,-3.650393007189165,1.908E-005
20,0.03,E,-0.14069143992855546,0,9.918E-007
20,0.03,D,-0.38162012351602237,0,3.646E-007
20,0.03,A+,-1.4114375767361913,0.9997512698223594,1.674E-005
20,0.03,A-,-1.4114375767361913,-0.9997512698223594,1.674E-005
20,0.01,B+,-0.0059928311515613647,0.11459137369714022,3.059E-006
20,0.01,B-,-0.0059928311515613647,-0.11459137369714022,3.059E-006
20,0.01,C+,-0.13070928424816497,3.6503925955211654,1.949E-005
20,0.01,C-,-0.13070928424816497,-3.6503925955211654,1.949E-005
20,0.01,E,-0.14069144186391677,0,9.899E-007
20,0.01,D,-0.38162011033622439,0,3.515E-007
20,0.01,A+,-1.4114568704070816,0.99976967461034194,4.332E-005
20,0.01,A-,-1.4114568704070816,-0.99976967461034194,4.332E-005
20,0.003,B+,-0.0059954466681919512,0.1145969777048539,3.581E-006
20,0.003,B-,-0.0059954466681919512,-0.1145969777048539,3.581E-006
20,0.003,C+,-0.13070928949061356,3.6503924864611026,1.960E-005
20,0.003,C-,-0.13070928949061356,-3.6503924864611026,1.960E-005
20,0.003,E,-0.14069142148667324,0,1.010E-006
20,0.003,D,-0.38162012176454035,0,3.629E-007
20,0.003,A+,-1.4113944290017622,0.999703559109686,4.762E-005
20,0.003,A-,-1.4113944290017622,-0.999703559109686,4.762E-005
46,100,B+,-0.027082918187914327,0.14972045081492719,5.309E-003
46,100,B-,-0.027082918187914327,-0.14972045081492719,5.309E-003
46,100,C+,-0.12998077020258014,2.9036194331629321,2.351E-003
46,100,C-,-0.12998077020258014,-2.9036194331629321,2.351E-003
46,100,E,-0.19020347147374544,0,1.649E-005
46,100,D,-0.47678398046484272,0,3.141E-006
46,100,A+,-0.48152799824129155,1.3178205959930855,4.143E-003
46,100,A-,-0.48152799824129155,-1.3178205959930855,4.143E-003
46,30,B+,-0.028035358243582078,0.14492300008650211,4.188E-004
46,30,B-,-0.028035358243582078,-0.14492300008650211,4.188E-004
46,30,C+,-0.1299342148024924,2.9019610569842218,6.924E-004
46,30,C-,-0.1299342148024924,-2.9019610569842218,6.924E-004
46,30,E,-0.190215103489827,0,4.854E-006
46,30,D,-0.47678177281102968,0,9.336E-007
46,30,A+,-0.4808455265899253,1.3216008008309759,3.026E-004
46,30,A-,-0.4808455265899253,-1.3216008008309759,3.026E-004
46,10,B+,-0.028086713635906688,0.14455344534768991,4.566E-005
46,10,B-,-0.028086713635906688,-0.14455344534768991,4.566E-005
46,10,C+,-0.1299209083937034,2.9014841091472823,2.153E-004
46,10,C-,-0.1299209083937034,-2.9014841091472823,2.153E-004
46,10,E,-0.19021844141308619,0,1.516E-006
46,10,D,-0.47678113188355081,0,2.926E-007
46,10,A+,-0.48081771452616784,1.3218689743489829,3.302E-005
46,10,A-,-0.48081771452616784,-1.3218689743489829,3.302E-005
46,3,B+,-0.028092371052207438,0.14451177986543215,3.616E-006
46,3,B-,-0.028092371052207438,-0.14451177986543215,3.616E-006
46,3,C+,-0.12991628829493818,2.9013167793217542,4.786E-005
46,3,C-,-0.12991628829493818,-2.9013167793217542,4.786E-005
46,3,E,-0.19021961992635439,0,3.379E-007
46,3,D,-0.47678090258599165,0,6.335E-008
46,3,A+,-0.48081602851048511,1.3218992911789016,3.296E-006
46,3,A-,-0.48081602851048511,-1.3218992911789016,3.296E-006
46,1,B+,-0.028092916809570306,0.14450820507589335,0.000E+000
46,1,B-,-0.028092916809570306,-0.14450820507589335,0.000E+000
46,1,C+,-0.1299149454262265,2.9012689393726294,0.000E+000
46,1,C-,-0.1299149454262265,-2.9012689393726294,0.000E+000
46,1,E,-0.19021995783836476,0,0.000E+000
46,1,D,-0.47678083923554415,0,0.000E+000
46,1,A+,-0.48081385410994132,1.3219017683926735,0.000E+000
46,1,A-,-0.48081385410994132,-1.3219017683926735,0.000E+000
46,0.33333333333333331,B+,-0.028092667611413488,0.14450731876413808,9.207E-007
46,0.33333333333333331,B-,-0.028092667611413488,-0.14450731876413808,9.207E-007
46,0.33333333333333331,C+,-0.12991447322966898,2.90125307467231,1.587E-005
46,0.33333333333333331,C-,-0.12991447322966898,-2.90125307467231,1.587E-005
46,0.33333333333333331,E,-0.19022005929399402,0,1.015E-007
46,0.33333333333333331,D,-0.476780811076048,0,2.816E-008
46,0.33333333333333331,A+,-0.48082556393430104,1.3219031038926743,1.179E-005
46,0.33333333333333331,A-,-0.48082556393430104,-1.3219031038926743,1.179E-005
46,0.1,B+,-0.028092036205990052,0.14450621749836298,2.174E-006
46,0.1,B-,-0.028092036205990052,-0.14450621749836298,2.174E-006
46,0.1,C+,-0.12991433912668016,2.9012474217732445,2.153E-005
46,0.1,C-,-0.12991433912668016,-2.9012474217732445,2.153E-005
46,0.1,E,-0.19022010728252658,0,1.494E-007
46,0.1,D,-0.47678082241991671,0,1.682E-008
46,0.1,A+,-0.48085104853742755,1.3219052792111992,3.736E-005
46,0.1,A-,-0.48085104853742755,-1.3219052792111992,3.736E-005
46,0.03,B+,-0.028097184140832995,0.1445142375868666,7.389E-006
46,0.03,B-,-0.028097184140832995,-0.1445142375868666,7.389E-006
46,0.03,C+,-0.12991429859807282,2.9012457998599581,2.315E-005
46,0.03,C-,-0.12991429859807282,-2.9012457998599581,2.315E-005
46,0.03,E,-0.19022010830420188,0,1.505E-007
46,0.03,D,-0.47678080499748721,0,3.424E-008
46,0.03,A+,-0.4806547148202962,1.321888857488394,1.597E-004
46,0.03,A-,-0.4806547148202962,-1.321888857488394,1.597E-004
46,0.01,B+,-0.028086733237845017,0.144498454558191,1.155E-005
46,0.01,B-,-0.028086733237845017,-0.144498454558191,1.155E-005
46,0.01,C+,-0.12991427513913856,2.9012453577984774,2.359E-005
46,0.01,C-,-0.12991427513913856,-2.9012453577984774,2.359E-005
46,0.01,E,-0.19022011554494192,0,1.577E-007
46,0.01,D,-0.47678080507660076,0,3.416E-008
46,0.01,A+,-0.48104336789978619,1.3219205296415595,2.303E-004
46,0.01,A-,-0.48104336789978619,-1.3219205296415595,2.303E-004
46,0.003,B+,-0.028069998989573491,0.14447500823299247,4.034E-005
46,0.003,B-,-0.028069998989573491,-0.14447500823299247,4.034E-005
46,0.003,C+,-0.12991426633592343,2.90124518481395,2.376E-005
46,0.003,C-,-0.12991426633592343,-2.90124518481395,2.376E-005
46,0.003,E,-0.19022011145817941,0,1.536E-007
46,0.003,D,-0.47678079694584163,0,4.229E-008
46,0.003,A+,-0.48163034499168028,1.3219629881194783,8.188E-004
46,0.003,A-,-0.48163034499168028,-1.3219629881194783,8.188E-004
117,100,B+,-0.0031544202925787275,0.12155113431152474,4.291E-004
117,100,B-,-0.0031544202925787275,-0.12155113431152474,4.291E-004
117,100,E,-0.019019804522540942,0,8.128E-004
117,100,C+,-0.48874161909013553,7.9629518090087341,4.298E-005
117,100,C-,-0.48874161909013553,-7.9629518090087341,4.298E-005
117,100,A+,-1.3899613201407277,1.9238575287267548,3.321E-001
117,100,A-,-1.3899613201407277,-1.9238575287267548,3.321E-001
117,100,D,-1.6421082826629665,0,4.068E-004
117,30,B+,-0.0032068469185032745,0.12116458584963732,3.900E-005
117,30,B-,-0.0032068469185032745,-0.12116458584963732,3.900E-005
117,30,E,-0.019760505504578675,0,7.214E-005
117,30,C+,-0.48874088128110182,7.9629911064263759,3.671E-006
117,30,C-,-0.48874088128110182,-7.9629911064263759,3.671E-006
117,30,A+,-1.3907051284472018,2.2211508605844843,3.480E-002
117,30,A-,-1.3907051284472018,-2.2211508605844843,3.480E-002
117,30,D,-1.6417356986599274,0,3.423E-005
117,10,B+,-0.003211642188602769,0.12113018315768663,4.265E-006
117,10,B-,-0.003211642188602769,-0.12113018315768663,4.265E-006
117,10,E,-0.019824700231684558,0,7.941E-006
117,10,C+,-0.48874081474074405,7.9629945327716776,2.451E-007
117,10,C-,-0.48874081474074405,-7.9629945327716776,2.451E-007
117,10,A+,-1.3907701139137587,2.2520768575235737,3.870E-003
117,10,A-,-1.3907701139137587,-2.2520768575235737,3.870E-003
117,10,D,-1.6417050978335184,0,3.625E-006
117,3,B+,-0.0032121903098600788,0.12112628507451006,3.287E-007
117,3,B-,-0.0032121903098600788,-0.12112628507451006,3.287E-007
117,3,E,-0.019831974030069564,0,6.669E-007
117,3,C+,-0.488740823092368,7.9629950843647208,3.092E-007
117,3,C-,-0.488740823092368,-7.9629950843647208,3.092E-007
117,3,A+,-1.3907762960025645,2.2556333545241589,3.135E-004
117,3,A-,-1.3907762960025645,-2.2556333545241589,3.135E-004
117,3,D,-1.6417016095362671,0,1.362E-007
117,1,B+,-0.003212231455196285,0.12112595895684651,0.000E+000
117,1,B-,-0.003212231455196285,-0.12112595895684651,0.000E+000
117,1,E,-0.019832640899577893,0,0.000E+000
117,1,C+,-0.48874079137051452,7.9629947767882,0.000E+000
117,1,C-,-0.48874079137051452,-7.9629947767882,0.000E+000
117,1,A+,-1.3907790182152064,2.2559468577748403,0.000E+000
117,1,A-,-1.3907790182152064,-2.2559468577748403,0.000E+000
117,1,D,-1.6417014733084938,0,0.000E+000
117,0.33333333333333331,B+,-0.0032122230346099535,0.12112591803499614,4.178E-008
117,0.33333333333333331,B-,-0.0032122230346099535,-0.12112591803499614,4.178E-008
117,0.33333333333333331,E,-0.019832758674180544,0,1.178E-007
117,0.33333333333333331,C+,-0.4887406087828744,7.9629922573126466,2.526E-006
117,0.33333333333333331,C-,-0.4887406087828744,-7.9629922573126466,2.526E-006
117,0.33333333333333331,A+,-1.3907729415131054,2.2559803459790846,3.404E-005
117,0.33333333333333331,A-,-1.3907729415131054,-2.2559803459790846,3.404E-005
117,0.33333333333333331,D,-1.6417016486173273,0,1.753E-007
117,0.1,B+,-0.003212403974920008,0.1211259799630563,1.738E-007
117,0.1,B-,-0.003212403974920008,-0.1211259799630563,1.738E-007
117,0.1,E,-0.019832778664105637,0,1.378E-007
117,0.1,C+,-0.48874148893592739,7.9630029297965859,8.183E-006
117,0.1,C-,-0.48874148893592739,-7.9630029297965859,8.183E-006
117,0.1,A+,-1.3907624048166873,2.2559815599431627,3.847E-005
117,0.1,A-,-1.3907624048166873,-2.2559815599431627,3.847E-005
117,0.1,D,-1.6417000288461034,0,1.444E-006
117,0.03,B+,-0.0032121049001733416,0.12112582881731063,1.815E-007
117,0.03,B-,-0.0032121049001733416,-0.12112582881731063,1.815E-007
117,0.03,E,-0.019832938151475406,0,2.973E-007
117,0.03,C+,-0.48874048661222458,7.9630010782710263,6.309E-006
117,0.03,C-,-0.48874048661222458,-7.9630010782710263,6.309E-006
117,0.03,A+,-1.3907421750790769,2.255983561132497,5.201E-005
117,0.03,A-,-1.3907421750790769,-2.255983561132497,5.201E-005
117,0.03,D,-1.6417018291591943,0,3.559E-007
117,0.01,B+,-0.0032112123955974022,0.12112231664294575,3.782E-006
117,0.01,B-,-0.0032112123955974022,-0.12112231664294575,3.782E-006
117,0.01,E,-0.019824541269628272,0,8.100E-006
117,0.01,C+,-0.48874136458147766,7.96304010478241,4.533E-005
117,0.01,C-,-0.48874136458147766,-7.96304010478241,4.533E-005
117,0.01,A+,-1.3910251584234032,2.2560376484438818,2.624E-004
117,0.01,A-,-1.3910251584234032,-2.2560376484438818,2.624E-004
117,0.01,D,-1.6417005740417439,0,8.993E-007
117,0.003,B+,-0.0032127029066274741,0.12112810972430069,2.202E-006
117,0.003,B-,-0.0032127029066274741,-0.12112810972430069,2.202E-006
117,0.003,E,-0.019835200009768059,0,2.559E-006
117,0.003,C+,-0.48873818395971175,7.9629093246558948,8.549E-005
117,0.003,C-,-0.48873818395971175,-7.9629093246558948,8.549E-005
117,0.003,A+,-1.3908394474022487,2.2559959523742767,7.786E-005
117,0.003,A-,-1.3908394474022487,-2.2559959523742767,7.786E-005
117,0.003,D,-1.6417158472938509,0,1.437E-005
124,100,E,-0.006034082724195965,0,6.027E-003
124,100,B+,-0.0061173228116643621,0.11778175589766579,9.308E-004
124,100,B-,-0.0061173228116643621,-0.11778175589766579,9.308E-004
124,100,C+,-0.42068964925462948,6.4640081259546722,3.421E-005
124,100,C-,-0.42068964925462948,-6.4640081259546722,3.421E-005
124,100,A+,-0.74091100736152427,1.0705339539065328,3.276E-001
124,100,A-,-0.74091100736152427,-1.0705339539065328,3.276E-001
124,100,D,-1.11845107715578,0,8.261E-003
124,30,E,-0.00020414182857192141,0,1.974E-004
124,30,B+,-0.0055400094336329839,0.11712235578627196,5.694E-005
124,30,B-,-0.0055400094336329839,-0.11712235578627196,5.694E-005
124,30,C+,-0.42068995182922148,6.4640409247636379,1.454E-006
124,30,C-,-0.42068995182922148,-6.4640409247636379,1.454E-006
124,30,A+,-0.74120735969281393,0.75107997051032194,8.192E-003
124,30,A-,-0.74120735969281393,-0.75107997051032194,8.192E-003
124,30,D,-1.1263394550525747,0,3.726E-004
124,10,E,-2.2827212368976161E-05,0,1.604E-005
124,10,B+,-0.0055194352117469382,0.11707559289055192,5.867E-006
124,10,B-,-0.0055194352117469382,-0.11707559289055192,5.867E-006
124,10,C+,-0.42068995973763251,6.46404364519835,1.354E-006
124,10,C-,-0.42068995973763251,-6.46404364519835,1.354E-006
124,10,A+,-0.74121472524837562,0.74353467680615992,6.470E-004
124,10,A-,-0.74121472524837562,-0.74353467680615992,6.470E-004
124,10,D,-1.1266794484850955,0,3.256E-005
124,3,E,-8.13990440981193E-06,0,1.355E-006
124,3,B+,-0.005517587326379211,0.11707055340896066,4.996E-007
124,3,B-,-0.005517587326379211,-0.11707055340896066,4.996E-007
124,3,C+,-0.42069014795313281,6.4640435496778679,1.327E-006
124,3,C-,-0.42069014795313281,-6.4640435496778679,1.327E-006
124,3,A+,-0.74121792933631658,0.742937755295257,5.004E-005
124,3,A-,-0.74121792933631658,-0.742937755295257,5.004E-005
124,3,D,-1.1267092709238229,0,2.739E-006
124,1,E,-6.7850521865934614E-06,0,0.000E+000
124,1,B+,-0.005517432760660029,0.11707007833976202,0.000E+000
124,1,B-,-0.005517432760660029,-0.11707007833976202,0.000E+000
124,1,C+,-0.42068960844008541,6.4640423372074594,0.000E+000
124,1,C-,-0.42068960844008541,-6.4640423372074594,0.000E+000
124,1,A+,-0.74121677824926113,0.74288772407543524,0.000E+000
124,1,A-,-0.74121677824926113,-0.74288772407543524,0.000E+000
124,1,D,-1.1267120094355612,0,0.000E+000
124,0.33333333333333331,E,-6.7124630283960665E-06,0,7.259E-008
124,0.33333333333333331,B+,-0.00551750147016904,0.11707012285795562,8.187E-008
124,0.33333333333333331,B-,-0.00551750147016904,-0.11707012285795562,8.187E-008
124,0.33333333333333331,C+,-0.420691974026168,6.4640442379090279,3.035E-006
124,0.33333333333333331,C-,-0.420691974026168,-6.4640442379090279,3.035E-006
124,0.33333333333333331,A+,-0.74120551897068743,0.74288130547524056,1.296E-005
124,0.33333333333333331,A-,-0.74120551897068743,-0.74288130547524056,1.296E-005
124,0.33333333333333331,D,-1.1267113357596334,0,6.737E-007
124,0.1,E,-7.0085141162941515E-06,0,2.235E-007
124,0.1,B+,-0.00551760401712262,0.11707033976313654,3.125E-007
124,0.1,B-,-0.00551760401712262,-0.11707033976313654,3.125E-007
124,0.1,C+,-0.42069018567608751,6.4640368226371248,5.545E-006
124,0.1,C-,-0.42069018567608751,-6.4640368226371248,5.545E-006
124,0.1,A+,-0.74120138738417252,0.74288020023886059,1.713E-005
124,0.1,A-,-0.74120138738417252,-0.74288020023886059,1.713E-005
124,0.1,D,-1.1267107173826312,0,1.292E-006
124,0.03,E,-5.4968880934417537E-06,0,1.288E-006
124,0.03,B+,-0.00551743696775655,0.11706986685604903,2.115E-007
124,0.03,B-,-0.00551743696775655,-0.11706986685604903,2.115E-007
124,0.03,C+,-0.42068045409716015,6.4640637750004561,2.331E-005
124,0.03,C-,-0.42068045409716015,-6.4640637750004561,2.331E-005
124,0.03,A+,-0.74118428477223031,0.742877392561357,3.410E-005
124,0.03,A-,-0.74118428477223031,-0.742877392561357,3.410E-005
124,0.03,D,-1.12671217554679,0,1.661E-007
124,0.01,E,1.7441456199378574E-05,0,2.423E-005
124,0.01,B+,-0.0055223724161696571,0.11706246837452534,9.073E-006
124,0.01,B-,-0.0055223724161696571,-0.11706246837452534,9.073E-006
124,0.01,C+,-0.42070143000098581,6.46411365407643,7.229E-005
124,0.01,C-,-0.42070143000098581,-6.46411365407643,7.229E-005
124,0.01,A+,-0.74135428443037432,0.74289869846396284,1.379E-004
124,0.01,A-,-0.74135428443037432,-0.74289869846396284,1.379E-004
124,0.01,D,-1.1267099051975433,0,2.104E-006
124,0.003,E,-5.8378576753555372E-05,0,5.159E-005
124,0.003,B+,-0.0055082980809399431,0.11708894190119512,2.096E-005
124,0.003,B-,-0.0055082980809399431,-0.11708894190119512,2.096E-005
124,0.003,C+,-0.42079514630250614,6.4644643232220513,4.350E-004
124,0.003,C-,-0.42079514630250614,-6.4644643232220513,4.350E-004
124,0.003,A+,-0.7407546766388895,0.74282850751707441,4.659E-004
124,0.003,A-,-0.7407546766388895,-0.74282850751707441,4.659E-004
124,0.003,D,-1.1267112685925189,0,7.408E-007
130,100,E,-0.0031610076012077615,0,1.481E-002
130,100,B+,-0.0089244286049449152,0.11407988736643658,3.045E-003
130,100,B-,-0.0089244286049449152,-0.11407988736643658,3.045E-003
130,100,C+,-0.371153473758329,5.7330732939519624,3.200E-005
130,100,C-,-0.371153473758329,-5.7330732939519624,3.200E-005
130,100,A+,-0.44670990454265552,1.1288316254077011,6.054E-001
130,100,A-,-0.44670990454265552,-1.1288316254077011,6.054E-001
130,100,D,-0.93591873303868656,0,6.271E-003
130,30,E,0.0092380851715222513,0,2.413E-003
130,30,B+,-0.008327206925995756,0.111520434090613,4.264E-004
130,30,B-,-0.008327206925995756,-0.111520434090613,4.264E-004
130,30,C+,-0.37115436588121331,5.7331026099704792,2.681E-006
130,30,C-,-0.37115436588121331,-5.7331026099704792,2.681E-006
130,30,A+,-0.45150142890740325,0.57483412775312548,5.135E-002
130,30,A-,-0.45150142890740325,-0.57483412775312548,5.135E-002
130,30,D,-0.94123210093601462,0,9.576E-004
130,10,E,0.011370790348020993,0,2.798E-004
130,10,B+,-0.008327554001520002,0.11114273626442778,4.874E-005
130,10,B-,-0.008327554001520002,-0.11114273626442778,4.874E-005
130,10,C+,-0.3711544313958357,5.7331051921727454,2.709E-007
130,10,C-,-0.3711544313958357,-5.7331051921727454,2.709E-007
130,10,A+,-0.45220084569182656,0.52909007939145591,5.596E-003
130,10,A-,-0.45220084569182656,-0.52909007939145591,5.596E-003
130,10,D,-0.94207960742073282,0,1.101E-004
130,3,E,0.011627828364774344,0,2.278E-005
130,3,B+,-0.0083293672474127334,0.11109800371566322,3.974E-006
130,3,B-,-0.0083293672474127334,-0.11109800371566322,3.974E-006
130,3,C+,-0.37115446339409747,5.733105246320636,2.285E-007
130,3,C-,-0.37115446339409747,-5.733105246320636,2.285E-007
130,3,A+,-0.45228378330067254,0.5239464321648708,4.521E-004
130,3,A-,-0.45228378330067254,-0.5239464321648708,4.521E-004
130,3,D,-0.94218088193453664,0,8.784E-006
130,1,E,0.011650607804707237,0,0.000E+000
130,1,B+,-0.00832957025611267,0.1110940351739424,0.000E+000
130,1,B-,-0.00832957025611267,-0.1110940351739424,0.000E+000
130,1,C+,-0.37115469059084205,5.7331052710233177,0.000E+000
130,1,C-,-0.37115469059084205,-5.7331052710233177,0.000E+000
130,1,A+,-0.45229279300528158,0.52349439015476773,0.000E+000
130,1,A-,-0.45229279300528158,-0.52349439015476773,0.000E+000
130,1,D,-0.94218966618069466,0,0.000E+000
130,0.33333333333333331,E,0.011653179635489612,0,2.572E-006
130,0.33333333333333331,B+,-0.0083295907651531644,0.1110936490464145,3.867E-007
130,0.33333333333333331,B-,-0.0083295907651531644,-0.1110936490464145,3.867E-007
130,0.33333333333333331,C+,-0.371155092332659,5.7331037340819968,1.589E-006
130,0.33333333333333331,C-,-0.371155092332659,-5.7331037340819968,1.589E-006
130,0.33333333333333331,A+,-0.45228510318582393,0.52344666227253511,4.834E-005
130,0.33333333333333331,A-,-0.45228510318582393,-0.52344666227253511,4.834E-005
130,0.33333333333333331,D,-0.94219069528666355,0,1.029E-006
130,0.1,E,0.011653537964263388,0,2.930E-006
130,0.1,B+,-0.0083293959668399968,0.11109337995134921,6.780E-007
130,0.1,B-,-0.0083293959668399968,-0.11109337995134921,6.780E-007
130,0.1,C+,-0.37115456187153534,5.73310735619196,2.089E-006
130,0.1,C-,-0.37115456187153534,-5.73310735619196,2.089E-006
130,0.1,A+,-0.45228178234743366,0.52344198759125826,5.355E-005
130,0.1,A-,-0.45228178234743366,-0.52344198759125826,5.355E-005
130,0.1,D,-0.94219059729972943,0,9.311E-007
130,0.03,E,0.011649990456981127,0,6.173E-007
130,0.03,B+,-0.0083284015311338,0.11109371721546918,1.211E-006
130,0.03,B-,-0.0083284015311338,-0.11109371721546918,1.211E-006
130,0.03,C+,-0.371154487888009,5.7331295987478867,2.433E-005
130,0.03,C-,-0.371154487888009,-5.7331295987478867,2.433E-005
130,0.03,A+,-0.45230884432581947,0.52343342361599188,6.304E-005
130,0.03,A-,-0.45230884432581947,-0.52343342361599188,6.304E-005
130,0.03,D,-0.94219154416637507,0,1.878E-006
130,0.01,E,0.011652715021871108,0,2.107E-006
130,0.01,B+,-0.0083288932453053077,0.11109264282024836,1.548E-006
130,0.01,B-,-0.0083288932453053077,-0.11109264282024836,1.548E-006
130,0.01,C+,-0.3711701303851192,5.7330095487109318,9.696E-005
130,0.01,C-,-0.3711701303851192,-5.7330095487109318,9.696E-005
130,0.01,A+,-0.4521796095294332,0.52347135043732551,1.155E-004
130,0.01,A-,-0.4521796095294332,-0.52347135043732551,1.155E-004
130,0.01,D,-0.9421882931808917,0,1.373E-006
130,0.003,E,0.011648270074840802,0,2.338E-006
130,0.003,B+,-0.0083220070771689129,0.11108535196149744,1.152E-005
130,0.003,B-,-0.0083220070771689129,-0.11108535196149744,1.152E-005
130,0.003,C+,-0.37123212099365505,5.73365165381031,5.518E-004
130,0.003,C-,-0.37123212099365505,-5.73365165381031,5.518E-004
130,0.003,A+,-0.45268770675260406,0.52332111396825454,4.313E-004
130,0.003,A-,-0.45268770675260406,-0.52332111396825454,4.313E-004
130,0.003,D,-0.94220838516648742,0,1.872E-005
150,100,E,-0.00055899975273382494,0,4.299E-005
150,100,B+,-0.0084746645970293,0.11741028233328338,1.891E-003
150,100,B-,-0.0084746645970293,-0.11741028233328338,1.891E-003
150,100,A+,-0.23232689726524608,1.4379714237757106,8.138E-002
150,100,A-,-0.23232689726524608,-1.4379714237757106,8.138E-002
150,100,C+,-0.29782913380655418,4.73957654443039,2.719E-005
150,100,C-,-0.29782913380655418,-4.73957654443039,2.719E-005
150,100,D,-0.759495403526505,0,2.834E-005
150,30,E,-0.000598275639306169,0,3.711E-006
150,30,B+,-0.00834322777780841,0.11568703977273374,1.624E-004
150,30,B-,-0.00834322777780841,-0.11568703977273374,1.624E-004
150,30,A+,-0.2329851283264274,1.3619692943636528,5.371E-003
150,30,A-,-0.2329851283264274,-1.3619692943636528,5.371E-003
150,30,C+,-0.29782985906115189,4.7396012209210081,2.515E-006
150,30,C-,-0.29782985906115189,-4.7396012209210081,2.515E-006
150,30,D,-0.75946923803151911,0,2.174E-006
150,10,E,-0.00060159160945292352,0,3.950E-007
150,10,B+,-0.0083344075815479039,0.11554269697890274,1.781E-005
150,10,B-,-0.0083344075815479039,-0.11554269697890274,1.781E-005
150,10,A+,-0.2330401470304661,1.3571709821604387,5.726E-004
150,10,A-,-0.2330401470304661,-1.3571709821604387,5.726E-004
150,10,C+,-0.29782995131124923,4.7396034169114074,4.188E-007
150,10,C-,-0.29782995131124923,-4.7396034169114074,4.188E-007
150,10,D,-0.75946728495181759,0,2.214E-007
150,3,E,-0.00060196409806392793,0,2.252E-008
150,3,B+,-0.008333438816750121,0.11552634447672189,1.433E-006
150,3,B-,-0.008333438816750121,-0.11552634447672189,1.433E-006
150,3,A+,-0.23304626931870648,1.3566450905576244,4.674E-005
150,3,A-,-0.23304626931870648,-1.3566450905576244,4.674E-005
150,3,C+,-0.29782999539741678,4.7396037171722138,3.236E-007
150,3,C-,-0.29782999539741678,-4.7396037171722138,3.236E-007
150,3,D,-0.7594670731296197,0,9.582E-009
150,1,E,-0.00060198662303175509,0,0.000E+000
150,1,B+,-0.0083333362552611666,0.11552491507065854,0.000E+000
150,1,B-,-0.0083333362552611666,-0.11552491507065854,0.000E+000
150,1,A+,-0.23304976709451292,1.3565984769197534,0.000E+000
150,1,A-,-0.23304976709451292,-1.3565984769197534,0.000E+000
150,1,C+,-0.29782967199246657,4.7396037289906907,0.000E+000
150,1,C-,-0.29782967199246657,-4.7396037289906907,0.000E+000
150,1,D,-0.7594670635474341,0,0.000E+000
150,0.33333333333333331,E,-0.00060195397427043778,0,3.265E-008
150,0.33333333333333331,B+,-0.0083333535209235646,0.11552475885827895,1.572E-007
150,0.33333333333333331,B-,-0.0083333535209235646,-0.11552475885827895,1.572E-007
150,0.33333333333333331,A+,-0.23304925415548144,1.3565934353587061,5.068E-006
150,0.33333333333333331,A-,-0.23304925415548144,-1.3565934353587061,5.068E-006
150,0.33333333333333331,C+,-0.29783019045098214,4.7396034215692371,6.027E-007
150,0.33333333333333331,C-,-0.29783019045098214,-4.7396034215692371,6.027E-007
150,0.33333333333333331,D,-0.75946708518883854,0,2.164E-008
150,0.1,E,-0.00060203361674985017,0,4.699E-008
150,0.1,B+,-0.0083331324342507881,0.1155247943259665,2.369E-007
150,0.1,B-,-0.0083331324342507881,-0.1155247943259665,2.369E-007
150,0.1,A+,-0.23307713766677535,1.3565871190329202,2.963E-005
150,0.1,A-,-0.23307713766677535,-1.3565871190329202,2.963E-005
150,0.1,C+,-0.29782874130301962,4.739607977745786,4.349E-006
150,0.1,C-,-0.29782874130301962,-4.739607977745786,4.349E-006
150,0.1,D,-0.75946716180135865,0,9.825E-008
150,0.03,E,-0.00060252378872083148,0,5.372E-007
150,0.03,B+,-0.0083332426390009713,0.11552456612250486,3.613E-007
150,0.03,B-,-0.0083332426390009713,-0.11552456612250486,3.613E-007
150,0.03,A+,-0.23300970048269604,1.356600275832224,4.011E-005
150,0.03,A-,-0.23300970048269604,-1.356600275832224,4.011E-005
150,0.03,C+,-0.29782223701948229,4.73960066966907,8.040E-006
150,0.03,C-,-0.29782223701948229,-4.73960066966907,8.040E-006
150,0.03,D,-0.75946726825063449,0,2.047E-007
150,0.01,E,-0.0006015560876588454,0,4.305E-007
150,0.01,B+,-0.0083322621346386024,0.1155254071961322,1.181E-006
150,0.01,B-,-0.0083322621346386024,-0.1155254071961322,1.181E-006
150,0.01,A+,-0.23326555115103198,1.3565474671570192,2.217E-004
150,0.01,A-,-0.23326555115103198,-1.3565474671570192,2.217E-004
150,0.01,C+,-0.29783793381093815,4.7395950360654933,1.199E-005
150,0.01,C-,-0.29783793381093815,-4.7395950360654933,1.199E-005
150,0.01,D,-0.75946738298394656,0,3.194E-007
150,0.003,E,-0.000595269865290309,0,6.717E-006
150,0.003,B+,-0.0083329965807514075,0.1155264431062458,1.565E-006
150,0.003,B-,-0.0083329965807514075,-0.1155264431062458,1.565E-006
150,0.003,A+,-0.23362795912367884,1.3564781019002976,5.906E-004
150,0.003,A-,-0.23362795912367884,-1.3564781019002976,5.906E-004
150,0.003,C+,-0.29790334607821667,4.7396060709493995,7.371E-005
150,0.003,C-,-0.29790334607821667,-4.7396060709493995,7.371E-005
150,0.003,D,-0.75946886854704843,0,1.805E-006
165,100,E,-8.4080114027825737E-05,0,5.357E-005
165,100,B+,-0.0073810481248200149,0.12001934056155522,2.293E-003
165,100,B-,-0.0073810481248200149,-0.12001934056155522,2.293E-003
165,100,A+,-0.20893694626079984,1.4980128645684996,6.439E-003
165,100,A-,-0.20893694626079984,-1.4980128645684996,6.439E-003
165,100,C+,-0.28398644470874751,4.5580307096254842,1.731E-003
165,100,C-,-0.28398644470874751,-4.5580307096254842,1.731E-003
165,100,D,-0.73585022732244276,0,9.117E-005
165,30,E,-4.62094793027289E-05,0,1.570E-005
165,30,B+,-0.0074178491002504076,0.11792155961189259,1.945E-004
165,30,B-,-0.0074178491002504076,-0.11792155961189259,1.945E-004
165,30,A+,-0.20941481386928879,1.5038531796010934,5.793E-004
165,30,A-,-0.20941481386928879,-1.5038531796010934,5.793E-004
165,30,C+,-0.2839183679833942,4.5568138680805115,5.123E-004
165,30,C-,-0.2839183679833942,-4.5568138680805115,5.123E-004
165,30,D,-0.7359146749467117,0,2.672E-005
165,10,E,-3.5376304345089151E-05,0,4.865E-006
165,10,B+,-0.0074208505153269674,0.11774836462614481,2.132E-005
165,10,B-,-0.0074208505153269674,-0.11774836462614481,2.132E-005
165,10,A+,-0.20945704766913542,1.5043670231715802,6.375E-005
165,10,A-,-0.20945704766913542,-1.5043670231715802,6.375E-005
165,10,C+,-0.2838988959021076,4.55646158078649,1.595E-004
165,10,C-,-0.2838988959021076,-4.55646158078649,1.595E-004
165,10,D,-0.73593308260147572,0,8.316E-006
165,3,E,-3.1587981488022713E-05,0,1.076E-006
165,3,B+,-0.0074211885581216882,0.11772877180997815,1.720E-006
165,3,B-,-0.0074211885581216882,-0.11772877180997815,1.720E-006
165,3,A+,-0.20946204732043397,1.5044254703615227,5.105E-006
165,3,A-,-0.20946204732043397,-1.5044254703615227,5.105E-006
165,3,C+,-0.28389210093390288,4.5563377842142652,3.549E-005
165,3,C-,-0.28389210093390288,-4.5563377842142652,3.549E-005
165,3,D,-0.73593955361822538,0,1.845E-006
165,1,E,-3.0511566685229584E-05,0,0.000E+000
165,1,B+,-0.0074212161429573487,0.11772705159616459,0.000E+000
165,1,B-,-0.0074212161429573487,-0.11772705159616459,0.000E+000
165,1,A+,-0.20946284774967922,1.5044305119466501,0.000E+000
165,1,A-,-0.20946284774967922,-1.5044305119466501,0.000E+000
165,1,C+,-0.28389015325705858,4.55630234827637,0.000E+000
165,1,C-,-0.28389015325705858,-4.55630234827637,0.000E+000
165,1,D,-0.73594139879158038,0,0.000E+000
165,0.33333333333333331,E,-3.0147425116538453E-05,0,3.641E-007
165,0.33333333333333331,B+,-0.0074211962839447051,0.11772687361192763,1.791E-007
165,0.33333333333333331,B-,-0.0074211962839447051,-0.11772687361192763,1.791E-007
165,0.33333333333333331,A+,-0.20946696389000746,1.5044303968067176,4.118E-006
165,0.33333333333333331,A-,-0.20946696389000746,-1.5044303968067176,4.118E-006
165,0.33333333333333331,C+,-0.283889517418761,4.5562906162682726,1.175E-005
165,0.33333333333333331,C-,-0.283889517418761,-4.5562906162682726,1.175E-005
165,0.33333333333333331,D,-0.7359420264120986,0,6.276E-007
165,0.1,E,-3.0024696308655042E-05,0,4.869E-007
165,0.1,B+,-0.0074212191177380985,0.11772684238773279,2.092E-007
165,0.1,B-,-0.0074212191177380985,-0.11772684238773279,2.092E-007
165,0.1,A+,-0.20946317369290635,1.5044308666259394,4.817E-007
165,0.1,A-,-0.20946317369290635,-1.5044308666259394,4.817E-007
165,0.1,C+,-0.28388926347699489,4.5562864566431847,1.592E-005
165,0.1,C-,-0.28388926347699489,-4.5562864566431847,1.592E-005
165,0.1,D,-0.73594219466058652,0,7.959E-007
165,0.03,E,-2.9988265161663363E-05,0,5.233E-007
165,0.03,B+,-0.0074211628736762826,0.11772686948181138,1.897E-007
165,0.03,B-,-0.0074211628736762826,-0.11772686948181138,1.897E-007
165,0.03,A+,-0.20947283309109938,1.5044290706960548,1.009E-005
165,0.03,A-,-0.20947283309109938,-1.5044290706960548,1.009E-005
165,0.03,C+,-0.28388922252972676,4.55628511463367,1.726E-005
165,0.03,C-,-0.28388922252972676,-4.55628511463367,1.726E-005
165,0.03,D,-0.73594230448576592,0,9.057E-007
165,0.01,E,-2.99706010253858E-05,0,5.410E-007
165,0.01,B+,-0.0074218455330796324,0.11772641273854451,8.968E-007
165,0.01,B-,-0.0074218455330796324,-0.11772641273854451,8.968E-007
165,0.01,A+,-0.20934926741299015,1.5044526523640567,1.157E-004
165,0.01,A-,-0.20934926741299015,-1.5044526523640567,1.157E-004
165,0.01,C+,-0.2838891897889555,4.5562848906460491,1.748E-005
165,0.01,C-,-0.2838891897889555,-4.5562848906460491,1.748E-005
165,0.01,D,-0.735942303939852,0,9.051E-007
165,0.003,E,-2.9971851379329322E-05,0,5.397E-007
165,0.003,B+,-0.0074248907124966346,0.11772471034722287,4.357E-006
165,0.003,B-,-0.0074248907124966346,-0.11772471034722287,4.357E-006
165,0.003,A+,-0.20882017677075124,1.5045497463020991,6.536E-004
165,0.003,A-,-0.20882017677075124,-1.5045497463020991,6.536E-004
165,0.003,C+,-0.283889190378532,4.5562846274049233,1.775E-005
165,0.003,C-,-0.283889190378532,-4.5562846274049233,1.775E-005
165,0.003,D,-0.73594231776223817,0,9.190E-007
199,100,B+,-0.0035799971788538594,0.12195847914796665,4.478E-004
199,100,B-,-0.0035799971788538594,-0.12195847914796665,4.478E-004
199,100,E,-0.0169707440992994,0,1.063E-003
199,100,C+,-0.47675735214026,7.5498402715588959,3.989E-005
199,100,C-,-0.47675735214026,-7.5498402715588959,3.989E-005
199,100,A+,-1.2437494873376682,1.5959745378450139,2.574E-001
199,100,A-,-1.2437494873376682,-1.5959745378450139,2.574E-001
199,100,D,-1.4723723982491126,0,8.310E-004
199,30,B+,-0.0036515520653721883,0.12156187504431813,4.485E-005
199,30,B-,-0.0036515520653721883,-0.12156187504431813,4.485E-005
199,30,E,-0.017921104407127592,0,1.121E-004
199,30,C+,-0.47675678062195581,7.5498775046123825,2.660E-006
199,30,C-,-0.47675678062195581,-7.5498775046123825,2.660E-006
199,30,A+,-1.2444847619343489,1.8215548382133124,3.178E-002
199,30,A-,-1.2444847619343489,-1.8215548382133124,3.178E-002
199,30,D,-1.471630161944133,0,8.872E-005
199,10,B+,-0.0036609143775844328,0.12152305026789852,4.911E-006
199,10,B-,-0.0036609143775844328,-0.12152305026789852,4.911E-006
199,10,E,-0.018020776975319553,0,1.247E-005
199,10,C+,-0.47675670526737846,7.549880762491652,6.456E-007
199,10,C-,-0.47675670526737846,-7.549880762491652,6.456E-007
199,10,A+,-1.2445453313982824,1.8497719302078806,3.568E-003
199,10,A-,-1.2445453313982824,-1.8497719302078806,3.568E-003
199,10,D,-1.4715510690801821,0,9.631E-006
199,3,B+,-0.0036619936373600776,0.12151861991042626,3.512E-007
199,3,B-,-0.0036619936373600776,-0.12151861991042626,3.512E-007
199,3,E,-0.018032160909641815,0,1.089E-006
199,3,C+,-0.4767566549854218,7.5498810985162308,9.611E-007
199,3,C-,-0.4767566549854218,-7.5498810985162308,9.611E-007
199,3,A+,-1.244550785571463,1.8530503462987564,2.894E-004
199,3,A-,-1.244550785571463,-1.8530503462987564,2.894E-004
199,3,D,-1.4715421061234772,0,6.679E-007
199,1,B+,-0.0036620859154698868,0.12151828108602813,0.000E+000
199,1,B-,-0.0036620859154698868,-0.12151828108602813,0.000E+000
199,1,E,-0.018033250335655324,0,0.000E+000
199,1,C+,-0.47675650250514151,7.54988014956254,0.000E+000
199,1,C-,-0.47675650250514151,-7.54988014956254,0.000E+000
199,1,A+,-1.2445536368877526,1.8533397064294512,0.000E+000
199,1,A-,-1.2445536368877526,-1.8533397064294512,0.000E+000
199,1,D,-1.4715414381784608,0,0.000E+000
199,0.33333333333333331,B+,-0.0036620726639683019,0.12151819889915422,8.325E-008
199,0.33333333333333331,B-,-0.0036620726639683019,-0.12151819889915422,8.325E-008
199,0.33333333333333331,E,-0.018033239486354026,0,1.085E-008
199,0.33333333333333331,C+,-0.47675672749532727,7.5498817838972769,1.650E-006
199,0.33333333333333331,C-,-0.47675672749532727,-7.5498817838972769,1.650E-006
199,0.33333333333333331,A+,-1.2445649431165888,1.853374742459164,3.682E-005
199,0.33333333333333331,A-,-1.2445649431165888,-1.853374742459164,3.682E-005
199,0.33333333333333331,D,-1.4715411181356697,0,3.200E-007
199,0.1,B+,-0.0036619243072888484,0.12151768958032352,6.132E-007
199,0.1,B-,-0.0036619243072888484,-0.12151768958032352,6.132E-007
199,0.1,E,-0.018032474352280826,0,7.760E-007
199,0.1,C+,-0.47675764753489641,7.5498810639453371,1.465E-006
199,0.1,C-,-0.47675764753489641,-7.5498810639453371,1.465E-006
199,0.1,A+,-1.2445419201136514,1.8533730584681949,3.535E-005
199,0.1,A-,-1.2445419201136514,-1.8533730584681949,3.535E-005
199,0.1,D,-1.4715416645264148,0,2.263E-007
199,0.03,B+,-0.0036621628066337512,0.12151911538389545,8.378E-007
199,0.03,B-,-0.0036621628066337512,-0.12151911538389545,8.378E-007
199,0.03,E,-0.018034857459518237,0,1.607E-006
199,0.03,C+,-0.47675513437893779,7.5498654705769042,1.474E-005
199,0.03,C-,-0.47675513437893779,-7.5498654705769042,1.474E-005
199,0.03,A+,-1.2445808635214188,1.8533802565134336,4.884E-005
199,0.03,A-,-1.2445808635214188,-1.8533802565134336,4.884E-005
199,0.03,D,-1.4715422500345303,0,8.119E-007
199,0.01,B+,-0.0036619752202141972,0.12151960887156654,1.332E-006
199,0.01,B-,-0.0036619752202141972,-0.12151960887156654,1.332E-006
199,0.01,E,-0.018034404292432523,0,1.154E-006
199,0.01,C+,-0.47675938767601234,7.5498614426703838,1.893E-005
199,0.01,C-,-0.47675938767601234,-7.5498614426703838,1.893E-005
199,0.01,A+,-1.244786955479205,1.8534309125553841,2.505E-004
199,0.01,A-,-1.244786955479205,-1.8534309125553841,2.505E-004
199,0.01,D,-1.4715427175395437,0,1.279E-006
199,0.003,B+,-0.0036624090043326169,0.12152595415685344,7.680E-006
199,0.003,B-,-0.0036624090043326169,-0.12152595415685344,7.680E-006
199,0.003,E,-0.0180414524845972,0,8.202E-006
199,0.003,C+,-0.47676396025895873,7.550172414302768,2.924E-004
199,0.003,C-,-0.47676396025895873,-7.550172414302768,2.924E-004
199,0.003,A+,-1.2457845163488992,1.8536566642055847,1.271E-003
199,0.003,A-,-1.2457845163488992,-1.8536566642055847,1.271E-003
199,0.003,D,-1.4715158536328681,0,2.558E-005
